atleta_id,nome,clube,posicao,rodada,pontos,scout_A,scout_CA,scout_CV,scout_DE,scout_DP,scout_DS,scout_FC,scout_FD,scout_FF,scout_FS,scout_FT,scout_G,scout_GC,scout_GS,scout_I,scout_PC,scout_PP,scout_PS,scout_SG,scout_V
100084,Igor Gomes,CAM,MEI,1,0,,,,,,,,,,,,,,,,,,,,
100342,Léo Andrade,REM,ZAG,1,3.2,,1,,,,3,1,,,,,,,,,,,,,
100652,Yuri Alberto,COR,ATA,1,0.7,,,,,,,,,1,,,,,,1,,,,,
100742,Matheus Henrique,CRU,MEI,1,1.5,,,,,,1,,,,,,,,,,,,,,
100842,Ruan,CAM,ZAG,1,-1.3,,1,,,,,1,,,,,,,,,,,,,
100898,Vitinho,BOT,LAT,1,7.7,,,,,,1,1,,,3,,,,,,,,,1,
100987,Nonato,FLU,MEI,1,6.4,,1,,,,,2,,,,,1,,,,,,,,
101254,Alef Manga,REM,ATA,1,0.9,,,,,,,1,,1,1,,,,,1,,,,,
101314,Ademir,BAH,ATA,1,5.2,,,,,,1,,1,,3,,,,,,,,1,,
101393,Eduardo Doma,CHA,ZAG,1,3,,,,,,2,,,,,,,,,,,,,,
101405,Wallisson,MIR,MEI,1,4.2,,,,,,3,1,,,,,,,,,,,,,
101574,Hugo Souza,COR,GOL,1,2.2,,,,4,,,,,,,,,,2,,1,,,,
101597,Ramon,VIT,LAT,1,4.7,,1,,,,,1,,,2,,,,,,,,,1,
101727,Matheuzinho,COR,LAT,1,4.8,,1,,,,4,3,,1,,,,,,1,,,,,
101908,Willian Machado,MIR,ZAG,1,0,,1,,,,,1,,1,1,,,,,,,,,,
101960,Vitinho,INT,ATA,1,1.9,,,,,,,1,,1,3,,,,,1,,,,,
102130,Piquerez,PAL,LAT,1,5.3,,,,,,2,,,1,3,,,,,,,,,,
102256,Rollheiser,SAN,MEI,1,2.5,,,,,,,,1,1,1,,,,,,,,,,
102667,Nathan Fogaça,?,?,1,-0.9,,1,,,,,2,,1,,,,,,1,,,,,
102796,Julimar,?,?,1,0.8,,,,,,,,,1,,,,,,,,,,,
102911,Zé Ricardo,REM,MEI,1,0.1,,1,,,,1,3,,,1,,,,,,,,,,
102928,Canobbio,FLU,ATA,1,5.7,,,,,,2,1,1,1,2,,,,,,,,,,
103056,Gabriel Brazão,SAN,GOL,1,-6,,1,,,,,,,,,,,,4,,1,,,,
103445,Kaio Jorge,CRU,ATA,1,2.2,,,,,,,,,3,,,,,,2,,,,,
103767,Gabriel Menino,SAN,MEI,1,16.7,,1,,,,2,,2,3,4,,1,,,1,,,,,
103912,Hernán Crespo,?,?,1,8.32,,,,,,,,,,,,,,,,,,,,1
103987,Higor Meritão,?,?,1,13.4,,,,,,4,2,,,,,1,,,,,,,,
104027,Rafael Guanaes,MIR,TEC,1,4.470000000000001,,,,,,,,,,,,,,,,,,,,1
104075,Sabino,SAO,ZAG,1,5.2,,,,,,3,1,,,2,,,,,,,,,,
104084,Carlos Miguel,PAL,GOL,1,-0.7,,,,1,,,,,,,,,,2,,,,,,
104134,Fabri,VIT,ATA,1,5.4,,,,,,1,1,1,,,1,,,,,,,,,
104257,João Lucas,REM,LAT,1,2.2,,,,,,,1,1,1,1,,,,,,,,,,
104330,Dudu,VIT,MEI,1,-0.3,,,,,,,1,,,,,,,,,,,,,
104470,Everton,CHA,LAT,1,2.7,,,,,,2,1,,,,,,,,,,,,,
104502,Christian,?,?,1,1.2,,,,,,1,1,,,,,,,,,,,,,
104519,Camilo,CHA,MEI,1,4.4,,1,,,,4,2,,,,,,,,,,,,,
104693,Newton,SAO,MEI,1,2,,,,,,1,,,,1,,,,,,,,,,
104754,Juan Vojvoda,?,?,1,5.18,,,,,,,,,,,,,,,,,,,,
104758,Enzo Díaz,SAO,LAT,1,9.2,1,,,,,3,1,,,,,,,,,,,,,
104783,Acevedo,BAH,MEI,1,1.9,,1,,,,2,2,,,1,,,,,,,,,,
104811,Sebastián Gómez,CFC,MEI,1,2,,,,,,,,,,4,,,,,,,,,,
104994,Wagner Leonardo,GRE,ZAG,1,3.9,,,,,,3,2,,,,,,,,,,,,,
105047,João Marcelo,CRU,ZAG,1,-0.3,,,,,,,1,,,,,,,,,,,,,
105068,Reinier,CAM,MEI,1,1.7,,,,,,,,1,,1,,,,,,,,,,
105089,Tetê,GRE,ATA,1,3.3,,,,,,1,,,1,2,,,,,,,,,,
105157,Villagra,INT,MEI,1,0,,,,,,,,,,,,,,,,,,,,
105175,Khellven,PAL,LAT,1,0.2,,,,,,2,1,,,1,,,1,,,,,,,
105213,Sant'Anna,RBB,LAT,1,6.2,,,,,,,,1,,,,,,,,,,,1,
105214,Santi Rodríguez,BOT,MEI,1,5.7,,,,,,3,1,,,3,,,,,,,,,,
105436,Carrascal,FLA,MEI,1,3.2,,,,,,,1,1,1,3,,,,,,,,,,
105531,Matheus Bidu,COR,LAT,1,5.1,,,,,,2,,1,,2,,,,,1,,,,,
105563,Carlos Vinícius,GRE,ATA,1,12,,,,,,2,1,,1,1,,1,,,,,,,,
105584,Lucas Piton,VAS,LAT,1,-0.3,,,,,,,1,,,,,,,,,,,,,
105647,Maurício,PAL,MEI,1,-0.8,,1,,,,,3,1,,,,,,,1,,,,,
105664,Walter Clar,?,?,1,9.5,,,,,,1,,,,,,1,,,,,,,,
105903,Aldo Filho,MIR,MEI,1,-0.6,,,,,,,2,,,,,,,,,,,,,
105949,Rochet,INT,GOL,1,1.8,,,,1,,1,,,,,,,,1,,,,,,
105990,Santiago Mingo,BAH,ZAG,1,0.5,,,,,,,,,,1,,,,,,,,,,
106104,Enamorado,GRE,ATA,1,1.2,,,,,,,,1,,,,,,,,,,,,
106202,Bruno Gomes,INT,MEI,1,5.1,,,,,,2,,,2,1,,,,,,,,,,
106294,Marcos Antônio,SAO,MEI,1,7.5,,,,,,5,,,,,,,,,,,,,,
106708,Igor Formiga,MIR,LAT,1,4,,,,,,2,1,,1,1,,,,,,,,,,
106822,Rodrigo Nestor,BAH,MEI,1,0,,,,,,,,,,,,,,,,,,,,
107093,Luciano Juba,BAH,LAT,1,6.2,,,,,,3,,1,,1,,,,,,,,,,
107172,Patrick de Paula,?,?,1,1.8,,1,,,,1,1,,2,,,,,,,,,,,
107173,Michel Araújo,BAH,MEI,1,-3.1,,,1,,,,2,,,1,,,,,,,,,,
107174,Bruno Tabata,?,?,1,0.5,,,,,,,1,,1,,,,,,,,,,,
107231,Danilo,BOT,MEI,1,17.2,,,,,,1,1,,,,,2,,,,,,,,
107453,João Paulo,CHA,ZAG,1,7,1,,,,,1,,,,1,,,,,,,,,,
107700,Eduardo Melo,REM,ATA,1,1.4,,,,,,1,,,,,,,,,1,,,,,
107873,Bobadilla,SAO,MEI,1,6.2,,,,,,4,3,1,,,,,,,1,,,,,
107985,Terán,CAP,ZAG,1,7.7,,,,,,2,1,,,,,,,,,,,,1,
107989,Carbonero,INT,ATA,1,0.5,,,,,,,,,,1,,,,,,,,,,
108588,Tapia,SAO,ATA,1,1.5,,,,,,1,,,,,,,,,,,,,,
108713,Galeano,MIR,ATA,1,1.2,,,,,,,,1,,,,,,,,,,,,
109096,Plata,FLA,ATA,1,10.6,,,,,,,1,2,,1,,1,,,,,,,,
109127,Tiago Cóser,CFC,ZAG,1,1.5,,,,,,1,,,,,,,,,,,,,,
109336,Rafael Carvalheira,CHA,MEI,1,9.2,,,,,,1,1,,,,,1,,,,,,,,
109401,Erick Pulga,BAH,ATA,1,3.4,,1,,,,1,2,1,1,3,,,,,,,,,,
109573,Martinelli,FLU,MEI,1,1.7,,,,,,,1,1,1,,,,,,,,,,,
110426,Bernabei,INT,LAT,1,1,,1,,,,1,2,1,,,,,,,1,,,,,
110506,Abel Ferreira,PAL,TEC,1,3.77,,,,,,,,,,,,,,,,,,,,
110510,Aguirre,INT,LAT,1,2.7,,,,,,2,1,,,,,,,,,,,,,
110715,Andrés Hurtado,RBB,LAT,1,4.2,,1,,,,,1,,,1,,,,,,,,,1,
110750,Gustavo Marques,RBB,ZAG,1,9.7,,,,,,3,1,,,1,,,,,,,,,1,
110759,John Kennedy,FLU,ATA,1,1.6,,,,,,,2,1,,2,,,,,,,,,,
111246,Alix Vinicius,RBB,ZAG,1,3.4,,1,,,,,2,,,,,,,,,,,,1,
111309,Gustavo Martins,GRE,ZAG,1,10.2,1,,,,,3,2,,1,1,,,,,,,,,,
111466,Victor Gabriel,INT,ZAG,1,3,,,,,,2,,,,,,,,,,,,,,
111831,Matheus Martins,BOT,ATA,1,10,,,,,,1,,,,1,,1,,,,,,,,
111879,Mateus Silva,VIT,LAT,1,9.7,,,,,,2,2,,1,3,,,,,,,,,1,
112576,Vini Paulista,CFC,MEI,1,0,,,,,,,,,,,,,,,,,,,,
112709,Kaiki Bruno,?,?,1,2.2,,,,,,,1,1,1,1,,,,,,,,,,
112863,Ramón Sosa,PAL,ATA,1,1.7,,,,,,,,1,,1,,,,,,,,,,
112886,Lucas Barbosa,RBB,ATA,1,4,,,,,,1,3,1,1,3,,,,,1,,,,,
113034,Freytes,FLU,ZAG,1,1.2,,,,,,1,1,,,,,,,,,,,,,
113103,Flaco López,PAL,ATA,1,16.1,,,,,,4,3,1,1,2,,1,,,,,,,,
113113,Benavídez,CAP,LAT,1,9.2,,,,,,2,,,1,1,,,,,1,,,,1,
113359,Pablo Maia,SAO,MEI,1,0,,,,,,,,,,,,,,,,,,,,
113397,Cristian Olivera,BAH,ATA,1,2.9,,,,,,1,1,1,,1,,,,,,,,,,
114802,Vitor Roque,PAL,ATA,1,7.6,,1,,,,,2,1,,,,1,,,,,,,,
115025,Miguelito,SAN,MEI,1,3.6,,,,,,1,,,2,1,,,,,,,,,,
115100,Matheus França,?,?,1,0.8,,,,,,,,,1,,,,,,,,,,,
115479,Paulo Pezzolano,INT,TEC,1,2.26,,,,,,,,,,,,,,,,,,,,
115914,Evertton Araújo,FLA,MEI,1,2.1,,,,,,,,,2,1,,,,,,,,,,
116034,Victor Hugo,CAM,MEI,1,9.5,,,,,,1,,,,,,1,,,,,,,,
116461,Jamerson,VIT,LAT,1,6.5,,,,,,1,,,,,,,,,,,,,1,
116706,Andrés Gómez,VAS,ATA,1,6,,,,,,2,2,2,1,1,,,,,1,,,,,
117330,Robert Renan,VAS,ZAG,1,1.9,,,,,,1,2,,,2,,,,,,,,,,
117403,Renato Marques,CFC,ATA,1,2.1,,,,,,,3,1,1,2,,,,,,,,,,
117632,Garro,COR,MEI,1,10,1,,,,,1,,1,1,3,,,,,,,,,,
117910,Breno Bidon,COR,MEI,1,14.7,,1,,,,2,1,,,4,1,1,,,,,,,,
117930,Lavega,CFC,ATA,1,1.5,,,,,,,1,,1,2,,,,,,,,,,
117965,Martín Anselmi,?,?,1,9.97,,,,,,,,,,,,,,,,,,,,1
118774,Alexsander,CAM,MEI,1,1.7,,1,,,,1,1,,,3,,,,,,,,,,
118775,Lautaro Díaz,SAN,ATA,1,5.8,,,,,,1,1,,2,,1,,,,,,,,,
120433,Léo Derik,CAP,LAT,1,10,,,,,,3,,,,1,,,,,,,,,1,
121792,André,?,?,1,-1,,1,,,,,,,,,,,,,,,,,,
122394,Gustavinho,RBB,MEI,1,7.5,,,,,,2,3,3,1,2,,,,,,,,,,
122441,Kayky Almeida,?,?,1,0.6,,,,,,1,3,,,,,,,,,,,,,
122485,Barros,VAS,MEI,1,9,,,,,,4,,,,6,,,,,,,,,,
123625,Ítalo,?,?,1,2.9,,,,,,1,,,,1,,,,,1,,,1,,
123648,Lucas Ronier,CFC,ATA,1,5,,,,,,3,,,,1,,,,,,,,,,
123869,Aguirre,CAP,ZAG,1,6.7,,,,,,1,1,,,1,,,,,,,,,1,
124239,Henry Mosquera,RBB,ATA,1,2.9,,,,,,,1,2,1,,,,,,,,,,,
124481,Mateo Ponte,BOT,LAT,1,6.2,,,,,,1,1,,,,,,,,,,,,1,
124526,Giay,PAL,LAT,1,0.5,,,,,,,,,,1,,,,,,,,,,
124757,Nathan Fernandes,?,?,1,5.5,1,,,,,,,,,1,,,,,,,,,,
124912,Jonathan Jesus,CRU,ZAG,1,0,,,,,,,,,,,,,,,,,,,,
125746,Dudu,CAP,MEI,1,0,,,,,,,,,,,,,,,,,,,,
125803,Pedro Morisco,CFC,GOL,1,11.7,,,,9,,,,,,2,,,,1,,,,,,
125926,Zapelli,CAP,MEI,1,2.5,,,,,,1,,,,2,,,,,,,,,,
126120,Marcelinho,RBB,MEI,1,6.3,1,,,,,,1,,2,,,,,,,,,,,
126182,Paulinho,INT,MEI,1,0.2,,1,,,,1,1,,,,,,,,,,,,,
126471,Barreal,SAN,MEI,1,12.6,,,,,,2,,,2,,,1,,,,,,,,
126977,Fernando Seabra,CFC,TEC,1,4.51,,,,,,,,,,,,,,,,,,,,
128433,Johan Rojas,VAS,MEI,1,1.7,,,,,,,1,1,1,,,,,,,,,,,
130414,Robert,CHA,MEI,1,3,,,,,,2,,,,,,,,,,,,,,
130608,Riquelme Fillipi,PAL,ATA,1,-0.3,,,,,,,1,,,,,,,,,,,,,
130612,Luighi,?,?,1,0,,,,,,,,,,,,,,,,,,,,
130650,Bernal,?,?,1,-0.3,,,,,,,1,,,,,,,,,,,,,
130843,Arthur Dias,CAP,ZAG,1,8,,,,,,2,,,,,,,,,,,,,1,
130906,Riquelme,CAP,MEI,1,-0.3,,,,,,,1,,,,,,,,,,,,,
131832,Portilla,CAP,MEI,1,-1.4,,1,,,,,3,,,1,,,,,,,,,,
132071,Serna,FLU,ATA,1,0.5,,,,,,,1,,1,,,,,,,,,,,
132264,Arroyo,CRU,ATA,1,1.7,,,,,,,,1,,1,,,,,,,,,,
132274,Ignacio Sosa,RBB,MEI,1,0.4,,1,,,,1,2,,,1,,,,,,,,,,
132553,Jemmes,FLU,ZAG,1,5.5,,,,,,3,,,,2,,,,,,,,,,
132580,Vinicinho,RBB,ATA,1,0,,,,,,,,,,,,,,,,,,,,
133543,Gui Negão,COR,ATA,1,0,,,,,,,,,,,,,,,,,,,,
137542,Kaique Kenji,CRU,ATA,1,-0.5,,1,,,,,1,,1,,,,,,,,,,,
139076,Filipe Luís,?,?,1,3.95,,,,,,,,,,,,,,,,,,,,
141406,Andrey Fernandes,VAS,ATA,1,1.7,,,,,,,,1,,1,,,,,,,,,,
141451,Allan,PAL,MEI,1,1.9,,,,,,1,2,,,2,,,,,,,,,,
141611,Maik,SAO,LAT,1,2.7,,,,,,2,1,,,,,,,,,,,,,
141754,Gabriel Bontempo,SAN,MEI,1,0,,,,,,,,,,,,,,,,,,,,
141868,Vini Lira,SAN,LAT,1,3.5,,,,,,1,,1,1,,,,,,,,,,,
142004,Amuzu,GRE,ATA,1,1.7,,,,,,1,1,,,1,,,,,,,,,,
142265,Dell,BAH,ATA,1,2.5,,,,,,1,,,,2,,,,,,,,,,
142279,Nuno Moreira,VAS,MEI,1,0.7,,1,,,,1,1,,,1,,,,,,,,,,
142484,Barrera,BOT,MEI,1,0,,,,,,,,,,,,,,,,,,,,
142867,Robinho Jr.,SAN,ATA,1,0,,,,,,,,,,,,,,,,,,,,
142890,Montoro,BOT,MEI,1,5.8,1,,,,,,3,1,,1,,,,,,,,,,
143193,Viveros,CAP,ATA,1,10.2,1,,,,,1,2,1,2,3,,,,,,,,,,
143488,Raykkonen,INT,ATA,1,0.5,,,,,,,,,,1,,,,,,,,,,
145036,Fernando Pradella,SAN,ATA,1,0,,,,,,,,,,,,,,,,,,,,
145404,Arthur,PAL,LAT,1,-0.3,,,,,,,1,,,,,,,,,,,,,
145744,André,COR,MEI,1,6.5,,,,,,4,,,,1,,,,,,,,,,
146040,João Pedro,?,?,1,-1,,,,,,,5,,,1,,,,,,,,,,
147883,João Vitor,VAS,ATA,1,0,,,,,,,,,,,,,,,,,,,,
37656,Fábio,FLU,GOL,1,2.1,,,,2,,,,,,1,,,,1,,,,,,
39148,Hulk,FLU,ATA,1,5.3,,,,,,,1,,4,5,,,,,1,,,,,
39656,Alan Franco,CAM,MEI,1,-0.1,,1,,,,1,2,,,,,,,,,,,,,
39850,Vagner Mancini,RBB,TEC,1,8.07,,,,,,,,,,,,,,,,,,,,1
40990,Dorival Júnior,SAO,TEC,1,6.6,,,,,,,,,,,,,,,,,,,,
42135,Willian,GRE,MEI,1,-0.3,,,,,,,1,,,,,,,,,,,,,
42222,Osvaldo,VIT,ATA,1,0.8,,,,,,,,,1,,,,,,,,,,,
42234,Cássio,CRU,GOL,1,-2.7,,,,1,,,,,,,,,,4,,,,,,
42500,Fagner,CRU,LAT,1,0.9,,,,,,1,2,,,,,,,,,,,,,
45125,Tite,?,?,1,1.37,,,,,,,,,,,,,,,,,,,,
51413,Walter,MIR,GOL,1,4.2,,,,4,,,,,,,,,,1,,,,,,
51772,Everton Ribeiro,BAH,MEI,1,1.5,,,,,,1,,,,,,,,,,,,,,
61987,Alex Sandro,FLA,LAT,1,1,,,,,,,,,,2,,,,,,,,,,
62977,Ganso,FLU,MEI,1,-0.3,,,,,,,1,,,,,,,,,,,,,
63013,Marcos Rocha,GRE,LAT,1,0.8,,,,,,,,,1,,,,,,,,,,,
63289,Edenílson,BOT,MEI,1,2.5,,,,,,1,1,,1,1,,,,,,,,,,
68685,Alan Patrick,INT,MEI,1,3,,,,,,,,1,1,2,,,,,,,,,,
68708,Eduardo,MIR,MEI,1,7,,,,,,,5,,,1,,1,,,,,,,,
68806,Neto,?,?,1,10.2,,,,4,,,,,,,,,,,,,,,1,
68920,Dudu,CAM,ATA,1,2.5,,,,,,1,1,,1,1,,,,,,,,,,
68928,Rafael,SAO,GOL,1,4.2,,,,4,,,,,,,,,,1,,,,,,
68938,Giovanni Augusto,CHA,MEI,1,1.7,,,,,,1,1,,,1,,,,,,,,,,
68996,Willian José,BAH,ATA,1,9.5,,,,,,1,,,,,,1,,,,,,,,
69012,Santos,CAP,GOL,1,11.5,,,,5,,,,,,,,,,,,,,,1,
69140,Allan,BOT,MEI,1,2.8,,1,,,,1,1,,2,2,,,,,,,,,,
69208,Gabriel Paulista,COR,ZAG,1,-0.3,,,,,,,1,,,,,,,,,,,,,
70164,Lucas Moura,SAO,MEI,1,-0.3,,,,,,,1,,,,,,,,,,,,,
70360,Eduardo Sasha,RBB,ATA,1,3.9,,,,,,1,,2,,,,,,,,,,,,
70449,Gabriel,VIT,GOL,1,6.8,,,,1,,,,,,1,,,,,,,,,1,
70666,Marllon,REM,ZAG,1,3.5,,,,,,2,,,,1,,,,,,,,,,
70800,Jorge Sampaoli,?,?,1,3.33,,,,,,,,,,,,,,,,,,,,
70944,Bruno Henrique,INT,MEI,1,2.2,,,,,,,1,1,1,1,,,,,,,,,,
70958,Jean Carlos,?,?,1,13,1,,,,,,,,,,,1,,,,,,,,
71043,Léo Vieira,BAH,GOL,1,2.2,,1,,4,,,,,,,,,,2,,,,,,
71123,Thiago Mendes,VAS,MEI,1,4.5,,,,,,2,,,,3,,,,,,,,,,
71227,Maicon,CFC,ZAG,1,1.7,,,,,,1,1,,,1,,,,,,,,,,
71631,Weverton,GRE,GOL,1,3.2,,,,4,,,,,,,,,,2,,,,,,
71684,Gustavo Gómez,PAL,ZAG,1,1.9,,,,,,1,2,,,2,,,,,,,,,,
72294,Everson,CAM,GOL,1,3.7,,,,4,,,,,,1,,,,2,,,,,,
72391,Fernando Diniz,COR,TEC,1,3.02,,,,,,,,,,,,,,,,,,,,
72460,Bernard,CAM,MEI,1,-0.6,,,,,,,2,,,,,,,,,,,,,
72493,Alex Telles,BOT,LAT,1,8,,,,,,2,,,,,,,,,,,,,1,
73384,Samuel Xavier,FLU,LAT,1,3.7,,,,,,2,1,,,2,,,,,,,,,,
73481,Gilmar Dal Pozzo,?,?,1,7.75,,,,,,,,,,,,,,,,,,,,1
73717,Juan Carlos Osorio,?,?,1,2.05,,,,,,,,,,,,,,,,,,,,
77485,Carrillo,COR,MEI,1,3.2,,,,,,2,1,,,1,,,,,,,,,,
77656,Cédric Soares,SAO,LAT,1,2.3,,,,,,1,,,1,,,,,,,,,,,
77777,João Schmidt,SAN,MEI,1,3.2,,,,,,2,1,,,1,,,,,,,,,,
78117,Everaldo,BAH,ATA,1,0.9,,,,,,,,,,2,,,,,1,,,,,
78248,Gustavo Henrique,COR,ZAG,1,9.2,,,,,,5,1,1,1,,,,,,,,,,,
78435,Vitinho,COR,ATA,1,1.7,,,,,,1,1,,,1,,,,,,,,,,
78445,Renê,FLU,LAT,1,7.4,1,,,,,1,1,1,,,,,,,,,,,,
78605,Gabriel,RBB,MEI,1,0.7,,1,,,,1,1,,,1,,,,,,,,,,
78850,Reinaldo,MIR,LAT,1,0.8,,,,,,,,,1,,,,,,,,,,,
78855,Thiago Santos,CFC,ZAG,1,0,,,,,,,,,,,,,,,,,,,,
79701,Lucas Silva,CRU,MEI,1,0.2,,1,,,,1,1,,,,,,,,,,,,,
80129,Jadson,CAP,MEI,1,0.5,,,,,,,,,,1,,,,,,,,,,
80196,Yago Pikachu,REM,MEI,1,2.1,,,,,,,,,2,1,,,,,,,,,,
80287,Luciano,SAO,ATA,1,15.3,,,,,,2,1,1,3,2,,1,,,,,,,,
80313,Gilberto,CAP,LAT,1,4.4,1,,,,,,2,,,,,,,,,,,,,
81952,Willian Oliveira,?,?,1,7.9,,,,,,5,2,,,2,,,,,,,,,,
82455,Zé Rafael,?,?,1,7.9,1,,,,,,,,3,1,,,,,,,,,,
82628,Tinga,CFC,LAT,1,5,,,,,,3,,,,1,,,,,,,,,,
82730,Marcelo Rangel,REM,GOL,1,3.2,,,,4,,,,,,,,,,2,,,,,,
83263,Yuri Lara,?,?,1,5.5,,,,,,3,,,,2,,,,,,,,,,
83433,Patrick,REM,MEI,1,1.3,,,,,,,,,1,1,,,,,,,,,,
83528,Léo Pereira,FLA,ZAG,1,0.1,,,,,,,3,,,2,,,,,,,,,,
84339,Bruno Melo,CFC,LAT,1,2.1,,1,,,,2,1,,,1,,,,,1,,,,,
84558,Lucas Romero,CRU,MEI,1,2.2,,,,,,1,1,,,2,,,,,,,,,,
84626,Josué,CFC,MEI,1,-1,,,1,,,1,1,,1,,,,,,,,,,,
84735,Jorginho,FLA,MEI,1,-1.8,,,1,,,1,1,,,,,,,,,,,,,
84816,Varela,FLA,LAT,1,6.7,,,,,,4,1,,,2,,,,,,,,,,
84847,Luan Peres,SAN,ZAG,1,1.7,,,,,,1,1,,,1,,,,,,,,,,
85048,Memphis Depay,COR,ATA,1,3.7,,,,,,1,1,1,1,1,,,,,,,,,,
85403,Danielzinho,SAO,MEI,1,7.6,,,,,,,3,,,1,,1,,,,,,,,
85626,Léo,CAP,ZAG,1,4.7,,,,,,,1,,,,,,,,,,,,1,
86292,Bolasie,CHA,ATA,1,1.2,,,,,,1,1,,,,,,,,,,,,,
86757,Everton,FLA,ATA,1,3.2,,,,,,1,1,1,1,,,,,,,,,,,
87008,Léo Jardim,VAS,GOL,1,1.9,,,,3,,,,,,,,,,2,,,,,,
87225,Pedro Henrique,RBB,ZAG,1,4.5,,1,,,,,1,,1,,,,,,,,,,1,
87742,Neto Moura,MIR,MEI,1,0.5,,,,,,,1,,1,,,,,,,,,,,
87863,Arrascaeta,FLA,MEI,1,0.8,,,,,,,,,1,,,,,,,,,,,
87999,Gustavo Scarpa,CAM,MEI,1,0.5,,,,,,,,,,1,,,,,,,,,,
88037,Luís Castro,GRE,TEC,1,4.32,,,,,,,,,,,,,,,,,,,,
88312,Junior Alonso,?,?,1,3.5,,,,,,2,,,,1,,,,,,,,,,
89256,Gerson,CRU,MEI,1,1.4,,,,,,,2,1,,2,,,,,2,,,,,
89273,João Pedro,GRE,LAT,1,0.4,,,,,,,,,,1,,,,,1,,,,,
89274,Andreas Pereira,PAL,MEI,1,6.7,1,,,,,1,2,,1,,,,,,,,,,,
89837,Lucho Acosta,FLU,MEI,1,13.8,,,,,,3,,,1,1,,1,,,,,,,,
89840,Calleri,SAO,ATA,1,0.4,,,,,,,2,,,2,,,,,,,,,,
89883,Dodi,GRE,MEI,1,-1.1,,1,,,,,2,,,1,,,,,,,,,,
89918,Everton Galdino,?,?,1,0.5,,,,,,,,,,1,,,,,,,,,,
90031,Mendoza,CAP,ATA,1,8.2,,,,,,,1,,,1,,1,,,,,,,,
90285,Bruno Henrique,FLA,ATA,1,0.8,,,,,,,,,1,,,,,,,,,,,
90302,Pedro Rocha,CFC,ATA,1,2.8,,,,,,,2,1,1,3,,,,,1,,,,,
90370,Matheus Pereira,COR,MEI,1,-0.3,,,,,,,1,,,,,,,,,,,,,
90532,Arthur Melo,?,?,1,5.7,,,,,,3,1,,,3,,,,,,,,,,
90588,Caíque,VIT,MEI,1,0.4,,,,,,,2,,,2,,,,,,,,,,
90703,Matheuzinho,VIT,MEI,1,4,,,,,,1,,1,1,1,,,,,,,,,,
90768,Fabrício Bruno,CRU,ZAG,1,0.5,,,,,,,,,,1,,,,,,,,,,
91101,Ronaldo,BAH,GOL,1,4.2,,,,4,,,,,,,,,,1,,,,,,
91473,Erick Pulgar,FLA,MEI,1,3.5,,,,,,2,,,,1,,,,,,,,,,
91573,Arboleda,SAO,ZAG,1,7.5,,,,,,5,,,,,,,,,,,,,,
91706,Marlon,GRE,LAT,1,4.6,,,,,,3,1,,,1,,,,,1,,,,,
91772,David Duarte,BAH,ZAG,1,0.9,,,,,,1,2,,,,,,,,,,,,,
91908,Pavón,GRE,ATA,1,2.9,,,,,,1,1,1,,1,,,,,,,,,,
92171,Arthur Cabral,BOT,ATA,1,7.1,1,,,,,,1,,3,,,,,,,,,,,
92180,Jair Ventura,VIT,TEC,1,8.89,,,,,,,,,,,,,,,,,,,,1
92273,Odair Hellmann,CAP,TEC,1,8.120000000000001,,,,,,,,,,,,,,,,,,,,1
92696,Renato Kayzer,VIT,ATA,1,10.4,,,,,,,,1,1,1,,1,,,1,,,,,
92854,Borré,?,?,1,2.4,,,,,,,2,2,1,,,,,,2,,,,,
92981,Ronaldo,INT,MEI,1,0.2,,,,,,,2,,1,,,,,,,,,,,
93411,Cantalapiedra,?,?,1,0.5,,,,,,,1,,1,,,,,,,,,,,
93478,Wanderson,CRU,ATA,1,0.9,,,,,,,2,,2,,,,,,1,,,,,
93790,Marlon Freitas,PAL,MEI,1,1.4,,,,,,1,,,,,,,,,1,,,,,
93882,Cleiton,RBB,GOL,1,7.6,,,,2,,,,,,,,,,,,,,,1,
93988,Breno Lopes,CFC,ATA,1,1.1,,,,,,,,1,,,,,,,1,,,,,
94067,Matheus Fernandes,RBB,MEI,1,0.3,,1,,,,,1,,2,,,,,,,,,,,
94154,Maycon,CAM,MEI,1,2.5,,,,,,1,1,,1,1,,,,,,,,,,
94583,Pedro,FLA,ATA,1,6.4,1,,,,,1,2,,,1,,,,,,,,,,
94968,Juninho Capixaba,RBB,LAT,1,16.2,,,,,,,2,,1,,1,1,,,,,,,1,
95332,Marcinho,CHA,ATA,1,1.6,,,,,,1,1,,,1,,,,,1,,,,,
95466,Igor Vinícius,SAN,LAT,1,5.5,1,,,,,,,,,1,,,,,,,,,,
95556,Raniele,COR,MEI,1,11.4,,1,,,,8,3,,1,1,,,,,,,,,,
95799,Artur,SAO,ATA,1,8,,,,,,,,,,,,1,,,,,,,,
96591,Renan Lodi,CAM,LAT,1,11.2,1,1,,,,4,4,,,5,,,,,1,,,,,
96610,Matheus Pereira,CRU,MEI,1,3.7,,,,,,1,,1,,2,,,,,,,,,,
96793,Camutanga,VIT,ZAG,1,9.5,,,,,,1,,1,1,2,,,,,,,,,1,
97095,Carlos Cuesta,VAS,ZAG,1,-1.1,,,,,,1,3,,1,1,,,1,,,,,,,
97321,Alesson,MIR,ATA,1,9.7,1,,,,,2,1,1,1,,,,,,,,,,,
97341,Rogério Ceni,BAH,TEC,1,5.47,,,,,,,,,,,,,,,,,,,,1
97432,Victor Caetano,CHA,ZAG,1,3,,,,,,2,,,,,,,,,,,,,,
97460,João Victor,MIR,ZAG,1,1.5,,,,,,1,,,,,,,,,,,,,,
97468,Marçal,BOT,LAT,1,8,,,,,,2,,,,,,,,,,,,,1,
97642,Félix Torres,INT,ZAG,1,-0.1,,,,,,,2,,,1,,,,,,,,,,
97653,Murilo,PAL,ZAG,1,-0.9,,,,,,,3,,,,,,,,,,,,,
97735,Giovanni Pavani,?,?,1,1.5,,,,,,1,,,,,,,,,,,,,,
97795,Marcelinho,REM,LAT,1,0,,,,,,,,,,,,,,,,,,,,
97810,Erick,VIT,ATA,1,12.5,2,,,,,,,,2,2,,,,,1,,,,,
97867,Léo Ortiz,FLA,ZAG,1,-0.3,,,,,,,1,,,,,,,,,,,,,
97878,Jacy,CFC,ZAG,1,2,,,,,,1,,,,1,,,,,,,,,,
97906,Riccieli,?,?,1,5,,,,,,,,,,,,,,,,,,,1,
97969,Marcos Vinícius,?,?,1,-1.3,,1,,,,,1,,,,,,,,,,,,,
98022,Erick,BAH,MEI,1,0,,,,,,,,,,,,,,,,,,,,
98224,Jáderson,REM,MEI,1,1.7,,,,,,,1,,,4,,,,,,,,,,
98225,Pedro Raul,COR,ATA,1,0,,,,,,,,,,,,,,,,,,,,
98384,Negueba,MIR,ATA,1,4.8,,,,,,2,,,1,2,,,,,,,,,,
98517,Jean Lucas,BAH,MEI,1,6.1,,1,,,,,3,,,,,1,,,,,,,,
98672,Savarino,FLU,MEI,1,0.5,,,,,,,,,,1,,,,,,,,,,
98873,Samuel Lino,FLA,ATA,1,6.5,,,,,,4,,,,1,,,,,,,,,,
98909,Cuello,CAM,ATA,1,1.8,,,,,,1,1,,1,,,,,,2,,,,,
99213,Puma Rodríguez,VAS,LAT,1,6.4,1,,,,,1,,,,,,,,,1,,,,,
99274,Alexander Barboza,PAL,ZAG,1,1.2,,,,,,1,1,,,,,,,,,,,,,
99366,Luis Zubeldía,FLU,TEC,1,5.98,,,,,,,,,,,,,,,,,,,,1
99440,Baralhas,VIT,MEI,1,10.9,,1,,,,2,2,,,3,,1,,,,,,,,
99552,Rossi,FLA,GOL,1,0.6,,,,2,,,,,,,,,,2,,,,,,
99889,Alan Franco,?,?,1,3.2,,,,,,2,1,,,1,,,,,,,,,,
100084,Igor Gomes,CAM,MEI,2,-0.5,,1,,,,,,,,1,,,,,,,,,,
100342,Léo Andrade,REM,ZAG,2,5,,,,,,3,,,,1,,,,,,,,,,
100742,Matheus Henrique,CRU,MEI,2,4.5,,,,,,2,1,,1,2,,,,,,,,,,
100842,Ruan,CAM,ZAG,2,-0.6,,,,,,,2,,,,,,,,,,,,,
100848,Luan Cândido,VIT,LAT,2,0.9,,,,,,,1,1,,,,,,,,,,,,
100898,Vitinho,BOT,LAT,2,5.8,,,,,,3,,,1,1,,,,,,,,,,
100987,Nonato,FLU,MEI,2,4.2,1,1,,,,,1,,,1,,,,,,,,,,
101254,Alef Manga,REM,ATA,2,16.1,1,,,,,,,2,1,,,1,,,1,,,,,
101314,Ademir,BAH,ATA,2,3.3,,,,,,,3,1,2,3,,,,,1,,,,,
101393,Eduardo Doma,CHA,ZAG,2,3,,,,,,2,,,,,,,,,,,,,,
101594,Hugo Moura,?,?,2,0,,,,,,,,,,,,,,,,,,,,
101597,Ramon,VIT,LAT,2,7,,,,,,4,1,,1,1,,,,,,,,,,
101715,Alerrandro,INT,ATA,2,2,,,,,,,,,,4,,,,,,,,,,
101908,Willian Machado,MIR,ZAG,2,6,,,,,,4,,,,,,,,,,,,,,
101960,Vitinho,INT,ATA,2,3,,1,,,,2,4,1,,2,,,,,,,,,,
102130,Piquerez,PAL,LAT,2,12.8,1,,,,,2,,,1,2,1,,,,,,,,,
102256,Rollheiser,SAN,MEI,2,0,,,,,,,,,,,,,,,,,,,,
102667,Nathan Fogaça,?,?,2,8.2,,,,,,,2,,1,,,1,,,,,,,,
102909,Luan,SAO,MEI,2,0,,,,,,,,,,,,,,,,,,,,
102911,Zé Ricardo,REM,MEI,2,6.4,,,,,,4,3,,1,1,,,,,,,,,,
102928,Canobbio,FLU,ATA,2,2.5,,,,,,,,1,1,1,,,,,,,,,,
102975,Escobar,SAN,LAT,2,5.2,,1,,,,4,1,,,1,,,,,,,,,,
103056,Gabriel Brazão,SAN,GOL,2,1.6,,,,2,,,,,,,,,,1,,,,,,
103295,Eric Ramires,RBB,MEI,2,0,,,,,,,,,,,,,,,,,,,,
103445,Kaio Jorge,CRU,ATA,2,4.9,,,,,,,,2,2,2,,,,,1,,,,,
103767,Gabriel Menino,SAN,MEI,2,2.4,,,,,,1,2,,,3,,,,,,,,,,
103912,Hernán Crespo,?,?,2,5.18,,,,,,,,,,,,,,,,,,,,
103987,Higor Meritão,?,?,2,0.9,,,,,,1,2,,,,,,,,,,,,,
104027,Rafael Guanaes,MIR,TEC,2,5.45,,,,,,,,,,,,,,,,,,,,
104075,Sabino,SAO,ZAG,2,1.4,,,,,,1,2,,,1,,,,,,,,,,
104084,Carlos Miguel,PAL,GOL,2,3.4,,,,3,,,,,,1,,,,1,,,,,,
104134,Fabri,VIT,ATA,2,7.7,1,,,,,1,,1,,,,,,,,,,,,
104257,João Lucas,REM,LAT,2,2.2,,1,,,,2,1,,,1,,,,,,,,,,
104330,Dudu,VIT,MEI,2,8.2,,,,,,,1,,,1,,1,,,,,,,,
104470,Everton,CHA,LAT,2,3.2,,,,,,2,1,,,1,,,,,,,,,,
104502,Christian,?,?,2,2.8,,,,,,,1,,2,3,,,,,,,,,,
104519,Camilo,CHA,MEI,2,0.7,,,,,,,1,,,2,,,,,,,,,,
104693,Newton,SAO,MEI,2,4.4,,,,,,3,2,,,1,,,,,,,,,,
104754,Juan Vojvoda,?,?,2,2.88,,,,,,,,,,,,,,,,,,,,
104758,Enzo Díaz,SAO,LAT,2,3.6,,,,,,2,3,,,3,,,,,,,,,,
104783,Acevedo,BAH,MEI,2,9.2,,,,,,4,2,,1,,1,,,,,,,,,
104811,Sebastián Gómez,CFC,MEI,2,1.2,,,,,,1,1,,,,,,,,,,,,,
104994,Wagner Leonardo,GRE,ZAG,2,5,,,,,,3,1,,1,,,,,,,,,,,
105047,João Marcelo,CRU,ZAG,2,0,,,,,,,,,,,,,,,,,,,,
105068,Reinier,CAM,MEI,2,0.8,,,,,,,,,1,,,,,,,,,,,
105089,Tetê,GRE,ATA,2,11.3,,,,,,1,1,,2,1,,1,,,,,,,,
105175,Khellven,PAL,LAT,2,2.6,,,,,,2,3,,,1,,,,,,,,,,
105214,Santi Rodríguez,BOT,MEI,2,0,,,,,,,,,,,,,,,,,,,,
105300,Ferraresi,BOT,ZAG,2,-0.3,,,,,,,1,,,,,,,,,,,,,
105436,Carrascal,FLA,MEI,2,2.7,,,,,,1,,1,,,,,,,,,,,,
105563,Carlos Vinícius,GRE,ATA,2,24.1,,,,,,,1,,,1,,3,,,1,,,,,
105584,Lucas Piton,VAS,LAT,2,4.3,,,,,,1,,1,2,,,,,,,,,,,
105647,Maurício,PAL,MEI,2,11.7,,,,,,2,1,,,2,,1,,,,,,,,
105664,Walter Clar,?,?,2,0,,,,,,,,,,,,,,,,,,,,
105903,Aldo Filho,MIR,MEI,2,3.7,1,1,,,,,1,,,,,,,,,,,,,
105949,Rochet,INT,GOL,2,2.9,,,,3,,,,,,,,,,1,,,,,,
105990,Santiago Mingo,BAH,ZAG,2,0.2,,,,,,,1,,,1,,,,,,,,,,
106202,Bruno Gomes,INT,MEI,2,3.4,,,,,,2,2,,,2,,,,,,,,,,
106294,Marcos Antônio,SAO,MEI,2,0,,,,,,,,,,,,,,,,,,,,
106302,Preciado,CAM,LAT,2,2.2,,,,,,1,1,,,2,,,,,,,,,,
106323,Caio Alexandre,BAH,MEI,2,0.5,,,,,,,,,,1,,,,,,,,,,
106708,Igor Formiga,MIR,LAT,2,7.7,,,,,,,1,,,,,1,,,,,,,,
107093,Luciano Juba,BAH,LAT,2,5.8,,,,,,2,1,,2,3,,,,,,,,,,
107172,Patrick de Paula,?,?,2,4.6,,,,,,1,1,,3,2,,,,,,,,,,
107231,Danilo,BOT,MEI,2,16.5,,,,,,,,,,1,,2,,,,,,,,
107873,Bobadilla,SAO,MEI,2,5.1,,,,,,3,2,1,,,,,,,,,,,,
107989,Carbonero,INT,ATA,2,10.4,1,,,,,1,1,2,1,2,,,,,,,,,,
108131,Garcez,CHA,ATA,2,1.5,,,,,,,2,,2,1,,,,,,,,,,
108133,Isidro Pitta,RBB,ATA,2,-0.6,,,,,,,2,,,,,,,,,,,,,
108469,Adonis Frías,SAN,ZAG,2,-0.1,,1,,,,,1,1,,,,,,,,,,,,
108588,Tapia,SAO,ATA,2,2.7,,,,,,1,3,,2,1,,,,,,,,,,
108713,Galeano,MIR,ATA,2,1.2,,,,,,,,1,,,,,,,,,,,,
109127,Tiago Cóser,CFC,ZAG,2,0,,,,,,,,,,,,,,,,,,,,
109336,Rafael Carvalheira,CHA,MEI,2,1.4,,,,,,1,3,,1,,,,,,,,,,,
109401,Erick Pulga,BAH,ATA,2,0.9,,,,,,,1,1,,,,,,,,,,,,
109573,Martinelli,FLU,MEI,2,1.9,,,,,,1,2,,,2,,,,,,,,,,
109966,Monsalve,GRE,MEI,2,0.4,,,,,,,2,,,2,,,,,,,,,,
110426,Bernabei,INT,LAT,2,0.6,,,,,,1,1,,,1,,,,,1,1,,,,
110506,Abel Ferreira,PAL,TEC,2,11.43,,,,,,,,,,,,,,,,,,,,1
110510,Aguirre,INT,LAT,2,0.8,,,,,,,,,1,,,,,,,,,,,
110598,Marino Hinestroza,VAS,ATA,2,2,,,,,,1,,,,1,,,,,,,,,,
110715,Andrés Hurtado,RBB,LAT,2,5.5,,1,,,,1,,,,,,,,,,,,,1,
110750,Gustavo Marques,RBB,ZAG,2,9,,,,,,1,1,1,2,,,,,,,,,,1,
110759,John Kennedy,FLU,ATA,2,11.9,,,,,,2,1,1,,,,1,,,,,,,,
111246,Alix Vinicius,RBB,ZAG,2,4.4,,,,,,,2,,,,,,,,,,,,1,
111466,Victor Gabriel,INT,ZAG,2,4.7,,,,,,3,1,,,1,,,,,,,,,,
111760,Fabinho,RBB,MEI,2,-0.3,,,,,,,1,,,,,,,,,,,,,
111831,Matheus Martins,BOT,ATA,2,1.2,,,,,,,,1,,,,,,,,,,,,
111879,Mateus Silva,VIT,LAT,2,0,,,,,,,,,,,,,,,,,,,,
111945,Diego Hernández,?,?,2,0.8,,1,,,,1,3,1,,,,,,,,,,,,
112576,Vini Paulista,CFC,MEI,2,5.3,,,,,,3,,,1,,,,,,,,,,,
112709,Kaiki Bruno,?,?,2,3.2,,1,,,,3,1,,,,,,,,,,,,,
112863,Ramón Sosa,PAL,ATA,2,9.7,,,,,,1,1,,,1,,1,,,,,,,,
112886,Lucas Barbosa,RBB,ATA,2,3.3,,,,,,2,3,1,,,,,,,,,,,,
112939,Catarozzi,REM,MEI,2,0.9,,,,,,1,2,,,,,,,,,,,,,
113034,Freytes,FLU,ZAG,2,1,,,,,,,2,,2,,,,,,,,,,,
113103,Flaco López,PAL,ATA,2,4.9,,,,,,1,2,1,1,4,,,,,,,,,,
113125,Picco,REM,MEI,2,3.6,,,,,,2,2,1,,,,,,,,,,,,
113157,Nathan Mendes,VIT,LAT,2,1.6,,1,,,,1,3,,,4,,,,,,,,,,
113359,Pablo Maia,SAO,MEI,2,5.7,,,,,,4,1,,,,,,,,,,,,,
113397,Cristian Olivera,BAH,ATA,2,10,,,,,,1,,,,1,,1,,,,,,,,
114802,Vitor Roque,PAL,ATA,2,4.4,,,,,,1,3,1,1,4,,,,,2,,,,,
115025,Miguelito,SAN,MEI,2,-0.3,,,,,,,1,,,,,,,,,,,,,
115479,Paulo Pezzolano,INT,TEC,2,4.28,,,,,,,,,,,,,,,,,,,,
115914,Evertton Araújo,FLA,MEI,2,-0.6,,,,,,,2,,,,,,,,,,,,,
115986,Denilson,MIR,MEI,2,1.4,,,,,,1,2,,,1,,,,,,,,,,
116034,Victor Hugo,CAM,MEI,2,1.3,,,,,,,,,1,1,,,,,,,,,,
116066,Rubens,CHA,ATA,2,0,,,,,,,,,,,,,,,,,,,,
116706,Andrés Gómez,VAS,ATA,2,13.1,1,,,,,4,2,1,,3,,,,,,,,,,
117330,Robert Renan,VAS,ZAG,2,0.9,,,,,,1,2,,,,,,,,,,,,,
117930,Lavega,CFC,ATA,2,10.3,,,,,,1,,,1,,,1,,,,,,,,
117965,Martín Anselmi,?,?,2,4.55,,,,,,,,,,,,,,,,,,,,
118775,Lautaro Díaz,SAN,ATA,2,0.5,,,,,,,,,,1,,,,,,,,,,
121792,André,?,?,2,2.1,,,,,,,1,2,,,,,,,,,,,,
122394,Gustavinho,RBB,MEI,2,12.2,,,,,,2,,1,,,,1,,,,,,,,
122441,Kayky Almeida,?,?,2,1.5,,,,,,1,,,,,,,,,,,,,,
122485,Barros,VAS,MEI,2,5.5,,,,,,4,6,,1,1,,,,,,,,,,
123625,Ítalo,?,?,2,-0.1,,,,,,,,,,,,,,,1,,,,,
123648,Lucas Ronier,CFC,ATA,2,7.8,1,,,,,2,4,,,2,,,,,,,,,,
124239,Henry Mosquera,RBB,ATA,2,4.8,,,,,,1,,,3,2,,,,,1,,,,,
124481,Mateo Ponte,BOT,LAT,2,-0.8,,1,,,,,1,,,1,,,,,,,,,,
124757,Nathan Fernandes,?,?,2,0,,,,,,,,,,,,,,,,,,,,
125803,Pedro Morisco,CFC,GOL,2,2.9,,,,3,,,,,,,,,,1,,,,,,
126182,Paulinho,INT,MEI,2,3,,,,,,1,2,1,,2,,,,,1,,,,,
126471,Barreal,SAN,MEI,2,5.6,,,,,,1,2,2,1,3,,,,,,,,,,
126977,Fernando Seabra,CFC,TEC,2,5.49,,,,,,,,,,,,,,,,,,,,1
128433,Johan Rojas,VAS,MEI,2,0,,,,,,,,,,,,,,,,,,,,
130048,Noriega,GRE,ZAG,2,4,,,,,,2,1,,1,1,,,,,,,,,,
130612,Luighi,?,?,2,0,,,,,,,,,,,,,,,,,,,,
130650,Bernal,?,?,2,0,,,,,,,,,,,,,,,,,,,,
132071,Serna,FLU,ATA,2,2.5,,,,,,,,1,1,1,,,,,,,,,,
132264,Arroyo,CRU,ATA,2,0.5,,,,,,,1,,1,,,,,,,,,,,
132274,Ignacio Sosa,RBB,MEI,2,-1.3,,1,,,,,1,,,,,,,,,,,,,
132553,Jemmes,FLU,ZAG,2,2.2,,1,,,,2,1,,,1,,,,,,,,,,
136156,Larson,PAL,MEI,2,0,,,,,,,,,,,,,,,,,,,,
136955,Sanabria,BAH,ATA,2,6.8,1,,,,,,2,1,1,1,,,,,1,,,,,
139076,Filipe Luís,?,?,2,3.26,,,,,,,,,,,,,,,,,,,,
139345,Kauã Prates,?,?,2,0,,,,,,,,,,,,,,,,,,,,
140438,David,CHA,MEI,2,0,,,,,,,,,,,,,,,,,,,,
141451,Allan,PAL,MEI,2,12.2,,1,,,,2,1,1,1,1,,1,,,,,,,,
141611,Maik,SAO,LAT,2,2.9,,,,,,2,2,,,1,,,,,,,,,,
141754,Gabriel Bontempo,SAN,MEI,2,0,,,,,,,,,,,,,,,,,,,,
142004,Amuzu,GRE,ATA,2,11.2,2,,,,,,1,,,3,,,,,,,,,,
142265,Dell,BAH,ATA,2,-1,,,1,,,,,1,1,,,,,,,,,,,
142279,Nuno Moreira,VAS,MEI,2,2.9,,,,,,1,1,1,,1,,,,,,,,,,
142484,Barrera,BOT,MEI,2,2.9,,,,,,,2,,,1,1,,,,,,,,,
142890,Montoro,BOT,MEI,2,5.5,1,,,,,,,,,1,,,,,,,,,,
146040,João Pedro,?,?,2,10.5,,,,,,1,,,,2,,1,,,,,,,,
146410,Marquinhos,BOT,MEI,2,0,,,,,,,,,,,,,,,,,,,,
146623,Luis Pacheco,PAL,MEI,2,0,,,,,,,,,,,,,,,,,,,,
147088,Cissé,CAM,MEI,2,0.5,,,,,,,,,,1,,,,,,,,,,
147883,João Vitor,VAS,ATA,2,0,,,,,,,,,,,,,,,,,,,,
37656,Fábio,FLU,GOL,2,5.5,,,,5,,,,,,,,,,1,,,,,,
39148,Hulk,FLU,ATA,2,2.4,,,,,,1,,,,2,,,,,1,,,,,
39656,Alan Franco,CAM,MEI,2,0.2,,,,,,,1,,,1,,,,,,,,,,
39850,Vagner Mancini,RBB,TEC,2,6.95,,,,,,,,,,,,,,,,,,,,1
40990,Dorival Júnior,SAO,TEC,2,0,,,,,,,,,,,,,,,,,,,,
42135,Willian,GRE,MEI,2,5.2,,,,,,2,,1,,2,,,,,,,,,,
42234,Cássio,CRU,GOL,2,-2,,,,,,,,,,,,,,2,,,,,,
42500,Fagner,CRU,LAT,2,1.5,,,,,,1,,,,,,,,,,,,,,
45125,Tite,?,?,2,4.15,,,,,,,,,,,,,,,,,,,,
51413,Walter,MIR,GOL,2,4.5,,,,5,,,,,,,,,,2,,,,,,
51772,Everton Ribeiro,BAH,MEI,2,1.8,,,,,,,,,1,2,,,,,,,,,,
61987,Alex Sandro,FLA,LAT,2,4.5,,,,,,2,1,,1,2,,,,,,,,,,
62977,Ganso,FLU,MEI,2,0,,,,,,,,,,,,,,,,,,,,
63289,Edenílson,BOT,MEI,2,8,,,,,,,,,,,,1,,,,,,,,
68685,Alan Patrick,INT,MEI,2,2,,,,,,,1,,1,3,,,,,,,,,,
68708,Eduardo,MIR,MEI,2,2.5,,,,,,1,,,,2,,,,,,,,,,
68806,Neto,?,?,2,-1.1,,,,3,,,,,,,,,,5,,,,,,
68920,Dudu,CAM,ATA,2,0.5,,,,,,,,,,1,,,,,,,,,,
68928,Rafael,SAO,GOL,2,2.9,,,,3,,,,,,,,,,1,,,,,,
68938,Giovanni Augusto,CHA,MEI,2,0.9,,,,,,,2,,,3,,,,,,,,,,
68996,Willian José,BAH,ATA,2,0.8,,,,,,,,,1,,,,,,,,,,,
69140,Allan,BOT,MEI,2,-0.8,,1,,,,,1,,,1,,,,,,,,,,
70164,Lucas Moura,SAO,MEI,2,6.7,1,,,,,,,1,,1,,,,,,,,,,
70360,Eduardo Sasha,RBB,ATA,2,1,,,,,,,,,,2,,,,,,,,,,
70449,Gabriel,VIT,GOL,2,-2.4,,,,2,,,,,,,,,,5,,,,,,
70666,Marllon,REM,ZAG,2,2.4,,,,,,2,2,,,,,,,,,,,,,
70800,Jorge Sampaoli,?,?,2,2.41,,,,,,,,,,,,,,,,,,,,
70944,Bruno Henrique,INT,MEI,2,1.4,,,,,,1,2,,,1,,,,,,,,,,
70958,Jean Carlos,?,?,2,8.5,,,,,,,,,,1,,1,,,,,,,,
71043,Léo Vieira,BAH,GOL,2,13,,,,10,,,,,,2,,,,1,,,,,,
71123,Thiago Mendes,VAS,MEI,2,4,,,,,,1,,,,5,,,,,,,,,,
71227,Maicon,CFC,ZAG,2,0,,,,,,,,,,,,,,,,,,,,
71631,Weverton,GRE,GOL,2,-1.7,,,,1,,,,,,,,,,3,,,,,,
71684,Gustavo Gómez,PAL,ZAG,2,8.5,,,,,,,1,,1,,,1,,,,,,,,
72294,Everson,CAM,GOL,2,4.2,,,,4,,,,,,,,,,1,,,,,,
72391,Fernando Diniz,COR,TEC,2,4.69,,,,,,,,,,,,,,,,,,,,
72460,Bernard,CAM,MEI,2,3,,,,,,2,,,,,,,,,,,,,,
72493,Alex Telles,BOT,LAT,2,-0.1,,,,,,1,2,,,,,,,,,1,,,,
72951,Mercado,INT,ZAG,2,2,,1,,,,2,,,,,,,,,,,,,,
73384,Samuel Xavier,FLU,LAT,2,3.5,,,,,,2,,,,1,,,,,,,,,,
73481,Gilmar Dal Pozzo,?,?,2,2.48,,,,,,,,,,,,,,,,,,,,
73717,Juan Carlos Osorio,?,?,2,5.85,,,,,,,,,,,,,,,,,,,,
77777,João Schmidt,SAN,MEI,2,3.3,,1,,,,2,1,,2,,,,,,,,,,,
78445,Renê,FLU,LAT,2,8.2,,,,,,5,1,,,2,,,,,,,,,,
78605,Gabriel,RBB,MEI,2,3.9,,1,,,,2,1,1,,2,,,,,,,,,,
78850,Reinaldo,MIR,LAT,2,2,,,,,,1,,,,1,,,,,,,,,,
78855,Thiago Santos,CFC,ZAG,2,0,,,,,,,,,,,,,,,,,,,,
79701,Lucas Silva,CRU,MEI,2,0,,,,,,,,,,,,,,,,,,,,
80196,Yago Pikachu,REM,MEI,2,1.4,,,,,,,1,1,,1,,,,,,,,,,
80287,Luciano,SAO,ATA,2,4.8,,,,,,2,,,1,2,,,,,,,,,,
80313,Gilberto,CAP,LAT,2,3.8,,,,,,2,,,1,,,,,,,,,,,
81150,Mayke,SAN,LAT,2,1.2,,,,,,,1,,,3,,,,,,,,,,
81952,Willian Oliveira,?,?,2,1.4,,,,,,1,3,,1,,,,,,,,,,,
82455,Zé Rafael,?,?,2,10.1,,1,,,,2,3,,,2,,1,,,,,,,,
82628,Tinga,CFC,LAT,2,3.2,,,,,,2,1,,,1,,,,,,,,,,
82730,Marcelo Rangel,REM,GOL,2,3.2,,,,4,,,,,,,,,,2,,,,,,
83257,Gabriel,SAN,ATA,2,2.1,,,,,,,,,1,3,,,,,2,,,,,
83263,Yuri Lara,?,?,2,4.4,,,,,,2,1,1,,1,,,,,,,,,,
83433,Patrick,REM,MEI,2,1.5,,,,,,1,,,,,,,,,,,,,,
83528,Léo Pereira,FLA,ZAG,2,-0.3,,,,,,,1,,,,,,,,,,,,,
83786,Neris,?,?,2,1.5,,,,,,1,,,,,,,,,,,,,,
84339,Bruno Melo,CFC,LAT,2,4.6,1,,,,,,1,,,,,,,,1,,,,,
84428,Fernando Sobral,CFC,MEI,2,3,,,,,,2,,,,,,,,,,,,,,
84558,Lucas Romero,CRU,MEI,2,5,1,,,,,,,,,,,,,,,,,,,
84816,Varela,FLA,LAT,2,-0.3,,1,,,,,1,,,,,,,,,,,1,,
84847,Luan Peres,SAN,ZAG,2,-0.1,,,,,,,2,,,1,,,,,,,,,,
85403,Danielzinho,SAO,MEI,2,6.2,,,,,,3,1,,,4,,,,,,,,,,
86485,Keno,CFC,ATA,2,-0.6,,,,,,,2,,,,,,,,,,,,,
86757,Everton,FLA,ATA,2,3.4,,,,,,,,,3,2,,,,,,,,,,
86859,José Welison,REM,MEI,2,0.8,,,,,,,,,1,,,,,,,,,,,
87008,Léo Jardim,VAS,GOL,2,-1,,,,,,,,,,,,,,1,,,,,,
87225,Pedro Henrique,RBB,ZAG,2,5.5,,,,,,,,,,1,,,,,,,,,1,
87228,Guilherme Arana,FLU,LAT,2,0.8,,,,,,,,,1,,,,,,,,,,,
87552,Vitor Bueno,REM,MEI,2,3.5,,,,,,2,,,,1,,,,,,,,,,
87863,Arrascaeta,FLA,MEI,2,8.4,,,,,,,2,,,2,,1,,,,,,,,
87887,Balbuena,GRE,ZAG,2,1.5,,,,,,1,,,,,,,,,,,,,,
87999,Gustavo Scarpa,CAM,MEI,2,0,,,,,,,,,,,,,,,,,,,,
88037,Luís Castro,GRE,TEC,2,7.92,,,,,,,,,,,,,,,,,,,,1
88312,Junior Alonso,?,?,2,4.5,,,,,,2,,,,3,,,,,,,,,,
89256,Gerson,CRU,MEI,2,4,,,,,,2,,,,2,,,,,,,,,,
89273,João Pedro,GRE,LAT,2,1.4,,,,,,1,2,,,1,,,,,,,,,,
89274,Andreas Pereira,PAL,MEI,2,16.5,3,,,,,1,,,,,,,,,,,,,,
89275,William,CRU,LAT,2,1.9,,,,,,1,2,,,2,,,,,,,,,,
89637,Thiago Maia,INT,MEI,2,1.5,,,,,,1,,,,,,,,,,,,,,
89837,Lucho Acosta,FLU,MEI,2,4.4,,,,,,2,4,,2,2,,,,,,,,,,
89840,Calleri,SAO,ATA,2,11,,,,,,1,1,,1,2,,1,,,,,,,,
89883,Dodi,GRE,MEI,2,1.2,,,,,,1,1,,,,,,,,,,,,,
89918,Everton Galdino,?,?,2,1.2,,,,,,,,1,,,,,,,,,,,,
90285,Bruno Henrique,FLA,ATA,2,2.3,,,,,,1,1,1,,,,,,,1,,,,,
90302,Pedro Rocha,CFC,ATA,2,0.4,,1,,,,,4,,2,2,,,,,,,,,,
90309,David,VAS,ATA,2,1.2,,,,,,,,1,,,,,,,,,,,,
90532,Arthur Melo,?,?,2,6,,,,,,3,,,,3,,,,,,,,,,
90588,Caíque,VIT,MEI,2,2.2,,,,,,1,2,,1,1,,,,,,,,,,
90703,Matheuzinho,VIT,MEI,2,0,,,,,,,,,,,,,,,,,,,,
90768,Fabrício Bruno,CRU,ZAG,2,4.8,,1,,,,3,,,1,1,,,,,,,,,,
90917,Carlos Eduardo,MIR,ATA,2,0.8,,,,,,,,,,2,,,,,2,,,,,
91101,Ronaldo,BAH,GOL,2,2.9,,,,3,,,,,,,,,,1,,,,,,
91251,Rodrigues,?,?,2,2,,,,,,1,,,,1,,,,,,,,,,
91473,Erick Pulgar,FLA,MEI,2,-0.4,,,,,,,3,,,1,,,,,,,,,,
91573,Arboleda,SAO,ZAG,2,3.6,,,,,,3,3,,,,,,,,,,,,,
91607,Rony,SAN,ATA,2,0.2,,1,,,,,1,,,3,,,,,,,,,,
91706,Marlon,GRE,LAT,2,4.4,,,,,,3,2,,,1,,,,,,,,,,
91772,David Duarte,BAH,ZAG,2,4.3,,,,,,3,,,,,,,,,2,,,,,
91908,Pavón,GRE,ATA,2,0,,,,,,,,,,,,,,,,,,,,
92171,Arthur Cabral,BOT,ATA,2,8.9,,,,,,,2,,,3,,1,,,,,,,,
92180,Jair Ventura,VIT,TEC,2,3.31,,,,,,,,,,,,,,,,,,,,
92273,Odair Hellmann,CAP,TEC,2,0,,,,,,,,,,,,,,,,,,,,
92811,Bruno Rodrigues,CRU,ATA,2,0,,,,,,,,,,,,,,,,,,,,
92854,Borré,?,?,2,8.7,,,,,,,1,,,2,,1,,,,,,,,
92981,Ronaldo,INT,MEI,2,0.7,,1,,,,1,2,,1,,,,,,,,,,,
93411,Cantalapiedra,?,?,2,4.5,,,,,,2,2,1,,2,,,,,1,,,,,
93478,Wanderson,CRU,ATA,2,1.8,,,,,,,1,,2,1,,,,,,,,,,
93790,Marlon Freitas,PAL,MEI,2,1.2,,,,,,1,1,,,,,,,,,,,,,
93882,Cleiton,RBB,GOL,2,6.3,,,,1,,,,,,,,,,,,,,,1,
93988,Breno Lopes,CFC,ATA,2,11.2,,,,,,1,,,1,2,,1,,,1,,,,,
94067,Matheus Fernandes,RBB,MEI,2,2.8,,,,,,1,1,,2,,,,,,,,,,,
94154,Maycon,CAM,MEI,2,2.7,,,,,,2,1,,,,,,,,,,,,,
94583,Pedro,FLA,ATA,2,0.2,,,,,,,1,,,1,,,,,,,,,,
94930,Lucas Paquetá,FLA,MEI,2,5.6,,1,,,,3,3,1,1,2,,,,,,,,,,
94968,Juninho Capixaba,RBB,LAT,2,8.9,,,,,,3,2,,,,,,,,,,,,1,
95332,Marcinho,CHA,ATA,2,1.8,,,,,,,,,1,2,,,,,,,,,,
95620,Bruno Leonardo,CHA,ZAG,2,0.5,,,,,,,,,,1,,,,,,,,,,
95799,Artur,SAO,ATA,2,2,,,,,,,1,,1,3,,,,,,,,,,
96591,Renan Lodi,CAM,LAT,2,2.7,,1,,,,2,1,,1,1,,,,,3,,,,,
96610,Matheus Pereira,CRU,MEI,2,12.7,,1,,,,1,2,1,2,4,,1,,,,,,,,
96870,Emerson Royal,FLA,LAT,2,2,,,,,,1,,,,1,,,,,,,,,,
97095,Carlos Cuesta,VAS,ZAG,2,0.9,,,,,,1,2,,,,,,,,,,,,,
97321,Alesson,MIR,ATA,2,4.5,,,,,,2,,,,3,,,,,,,,,,
97341,Rogério Ceni,BAH,TEC,2,5.9,,,,,,,,,,,,,,,,,,,,
97432,Victor Caetano,CHA,ZAG,2,5,,,,,,3,,,,1,,,,,,,,,,
97460,João Victor,MIR,ZAG,2,4.4,1,,,,,,2,,,,,,,,,,,,,
97642,Félix Torres,INT,ZAG,2,0,,,,,,,,,,,,,,,,,,,,
97653,Murilo,PAL,ZAG,2,16,1,,,,,2,,,,,,1,,,,,,,,
97810,Erick,VIT,ATA,2,0.5,,,,,,,,,,1,,,,,,,,,,
97867,Léo Ortiz,FLA,ZAG,2,2.7,,,,,,2,1,,,,,,,,,,,,,
97878,Jacy,CFC,ZAG,2,-1.3,,1,,,,,1,,,,,,,,,,,,,
97906,Riccieli,?,?,2,2,,,,,,1,1,,1,,,,,,,,,,,
98022,Erick,BAH,MEI,2,0.2,,,,,,,1,,,1,,,,,,,,,,
98384,Negueba,MIR,ATA,2,5.5,,1,,,,2,,1,1,3,,,,,,,,,,
98517,Jean Lucas,BAH,MEI,2,2.4,,,,,,1,1,1,,,,,,,,,,,,
98873,Samuel Lino,FLA,ATA,2,-0.3,,1,,,,,1,,,2,,,,,,,,,,
98909,Cuello,CAM,ATA,2,5,,,,,,1,2,1,,,1,,,,1,,,,,
99213,Puma Rodríguez,VAS,LAT,2,8.9,,,,,,,1,1,,,,1,,,,,,,,
99228,De la Cruz,FLA,MEI,2,3.1,,1,,,,2,3,,,4,,,,,,,,,,
99274,Alexander Barboza,PAL,ZAG,2,10.8,2,1,,,,2,4,,,,,,,,,,,,,
99366,Luis Zubeldía,FLU,TEC,2,4.64,,,,,,,,,,,,,,,,,,,,
99440,Baralhas,VIT,MEI,2,2.7,,,,,,1,2,,1,2,,,,,,,,,,
99552,Rossi,FLA,GOL,2,2.9,,,,3,,,,,,,,,,1,,,,,,
99789,Brenner,VAS,ATA,2,8.9,,,,,,,1,2,1,,2,,,,,,,,,
99889,Alan Franco,?,?,2,-1.6,,1,,,,,2,,,,,,,,,,,,,
100084,Igor Gomes,CAM,MEI,3,0.7,,,,,,,1,,,2,,,,,,,,,,
100342,Léo Andrade,REM,ZAG,3,1.2,,,,,,1,1,,,,,,,,,,,,,
100652,Yuri Alberto,COR,ATA,3,3,,,,,,,2,2,1,1,,,,,1,,,,,
100695,Fernando,RBB,ATA,3,-0.3,,,,,,,1,,,,,,,,,,,,,
100742,Matheus Henrique,CRU,MEI,3,1.5,,,,,,,,,,3,,,,,,,,,,
100842,Ruan,CAM,ZAG,3,10.2,,,,,,1,1,,,2,,1,,,,,,,,
100898,Vitinho,BOT,LAT,3,5,,,,,,3,,,,1,,,,,,,,,,
101254,Alef Manga,REM,ATA,3,10.7,,,,,,1,,,2,,,1,,,4,,,,,
101290,Ferreira,SAO,ATA,3,0.3,,1,,,,,,,1,1,,,,,,,,,,
101314,Ademir,BAH,ATA,3,3,,,,,,1,,,,3,,,,,,,,,,
101319,Guga,FLU,LAT,3,3.7,,1,,,,,1,,,,,,,,,,,,1,
101393,Eduardo Doma,CHA,ZAG,3,8.5,,,,,,,,,,1,,1,,,,,,,,
101574,Hugo Souza,COR,GOL,3,15.9,,,,3,1,,,,,,,,,,,,,,1,
101715,Alerrandro,INT,ATA,3,-0.3,,,,,,,1,,,,,,,,,,,,,
101727,Matheuzinho,COR,LAT,3,7.2,,,,,,1,1,,,2,,,,,,,,,1,
101908,Willian Machado,MIR,ZAG,3,2.7,,,,,,1,,1,,,,,,,,,,,,
101960,Vitinho,INT,ATA,3,6,,,,,,3,2,,2,1,,,,,,,,,,
102130,Piquerez,PAL,LAT,3,6.2,,,,,,3,,1,,1,,,,,,,,,,
102256,Rollheiser,SAN,MEI,3,0,,,,,,,,,,,,,,,,,,,,
102667,Nathan Fogaça,?,?,3,11.6,,,,,,,2,1,,,1,1,,,,,,,,
102796,Julimar,?,?,3,14.4,,,,,,3,1,1,,2,,1,,,,,,,,
102887,Bruno Lazaroni,?,?,3,2.64,,,,,,,,,,,,,,,,,,,,
102911,Zé Ricardo,REM,MEI,3,5.4,,,,,,4,2,,,,,,,,,,,,,
102928,Canobbio,FLU,ATA,3,1,,1,1,,,1,4,,1,2,1,,,,1,,,,,
103056,Gabriel Brazão,SAN,GOL,3,3.6,,,,3,,,,1,,1,,,,2,,,,,,
103295,Eric Ramires,RBB,MEI,3,0.2,,,,,,,1,,,1,,,,,,,,,,
103445,Kaio Jorge,CRU,ATA,3,9.2,,,,,,,,1,,,,1,,,,,,,,
103767,Gabriel Menino,SAN,MEI,3,5.9,,,,,,3,2,,,4,,,,,,,,,,
103912,Hernán Crespo,?,?,3,8.25,,,,,,,,,,,,,,,,,,,,1
103987,Higor Meritão,?,?,3,3.4,,1,,,,2,1,1,,1,,,,,,,,,,
104027,Rafael Guanaes,MIR,TEC,3,3.75,,,,,,,,,,,,,,,,,,,,
104075,Sabino,SAO,ZAG,3,10,,,,,,3,,,,1,,,,,,,,,1,
104084,Carlos Miguel,PAL,GOL,3,3.9,,,,3,,,,,,2,,,,1,,,,,,
104257,João Lucas,REM,LAT,3,1.1,,,,,,1,3,,,1,,,,,,,,,,
104470,Everton,CHA,LAT,3,6.4,1,1,,,,,,,3,,,,,,,,,,,
104502,Christian,?,?,3,5.7,,,,,,3,,1,,,,,,,,,,,,
104519,Camilo,CHA,MEI,3,3.5,,,,,,2,,,,1,,,,,,,,,,
104666,Moisés,SAN,ATA,3,1.2,,,,,,,,1,,,,,,,,,,,,
104693,Newton,SAO,MEI,3,5.2,,1,,,,4,1,,,1,,,,,,,,,,
104754,Juan Vojvoda,?,?,3,3.98,,,,,,,,,,,,,,,,,,,,
104758,Enzo Díaz,SAO,LAT,3,12.8,,,,,,4,1,,2,1,,,,,,,,,1,
104783,Acevedo,BAH,MEI,3,2.9,,1,,,,3,2,,,,,,,,,,,,,
104994,Wagner Leonardo,GRE,ZAG,3,-0.1,,,1,,,2,2,,,1,,,,,,,,,,
105047,João Marcelo,CRU,ZAG,3,3,,,,,,2,,,,,,,,,,,,,,
105068,Reinier,CAM,MEI,3,3.9,,,,,,,1,1,,,1,,,,,,,,,
105089,Tetê,GRE,ATA,3,5.3,,,,,,3,,,1,,,,,,,,,,,
105175,Khellven,PAL,LAT,3,2,,,,,,1,,,,1,,,,,,,,,,
105300,Ferraresi,BOT,ZAG,3,1.5,,,,,,1,,,,,,,,,,,,,,
105373,Gabriel Xavier,?,?,3,6.5,,,,,,1,,,,,,,,,,,,,1,
105531,Matheus Bidu,COR,LAT,3,19,,1,,,,2,1,,1,7,,1,,,,,,,1,
105563,Carlos Vinícius,GRE,ATA,3,0.7,,,,,,,2,,1,1,,,,,,,,,,
105584,Lucas Piton,VAS,LAT,3,-0.3,,,,,,,1,,,,,,,,,,,,,
105647,Maurício,PAL,MEI,3,4.1,,,,,,1,,,2,2,,,,,,,,,,
105664,Walter Clar,?,?,3,15,1,,,,,1,1,,1,,,1,,,,,,,,
105903,Aldo Filho,MIR,MEI,3,1.9,,1,,,,1,2,1,1,,,,,,,,,,,
105949,Rochet,INT,GOL,3,2.2,,,,4,,,,,,,,,,3,,,,,,
105990,Santiago Mingo,BAH,ZAG,3,6.5,,,,,,1,,,,,,,,,,,,,1,
106104,Enamorado,GRE,ATA,3,3.4,,,,,,1,1,1,,2,,,,,,,,,,
106202,Bruno Gomes,INT,MEI,3,10,,,,,,4,1,,1,1,1,,,,,,,,,
106294,Marcos Antônio,SAO,MEI,3,0.9,,,,,,1,2,,,,,,,,,,,,,
106302,Preciado,CAM,LAT,3,-0.3,,,,,,,1,,,,,,,,,,,,,
106323,Caio Alexandre,BAH,MEI,3,-1.3,,1,,,,,1,,,,,,,,,,,,,
106708,Igor Formiga,MIR,LAT,3,1.5,,,,,,1,,,,,,,,,,,,,,
107093,Luciano Juba,BAH,LAT,3,16.5,,,,,,1,,1,1,,,1,,,,,,,1,
107172,Patrick de Paula,?,?,3,14,2,,,,,1,2,,2,3,,,,,,,,,,
107231,Danilo,BOT,MEI,3,3.5,,,,,,,1,,1,,1,,,,,,,,,
107873,Bobadilla,SAO,MEI,3,0,,,,,,,,,,,,,,,,,,,,
107985,Terán,CAP,ZAG,3,0.2,,,,,,,1,,,1,,,,,,,,,,
107989,Carbonero,INT,ATA,3,5.6,,,,,,1,,1,3,1,,,,,,,,,,
108131,Garcez,CHA,ATA,3,3.3,,,,,,1,,,1,2,,,,,,,,,,
108133,Isidro Pitta,RBB,ATA,3,-1,,,,,,1,3,1,1,1,,,,,1,,1,,,
108588,Tapia,SAO,ATA,3,3.8,,,,,,,,,1,,1,,,,,,,,,
108713,Galeano,MIR,ATA,3,1.1,,,,,,,,1,,,,,,,1,,,,,
109127,Tiago Cóser,CFC,ZAG,3,-0.4,,1,,,,1,3,,,,,,,,,,,,,
109336,Rafael Carvalheira,CHA,MEI,3,1.5,,,,,,1,,,,,,,,,,,,,,
109401,Erick Pulga,BAH,ATA,3,3.2,,,,,,2,1,,,1,,,,,,,,,,
109573,Martinelli,FLU,MEI,3,4.7,,,,,,2,,1,,1,,,,,,,,,,
110144,Spinelli,VAS,ATA,3,2,,,,,,1,1,,1,,,,,,,,,,,
110426,Bernabei,INT,LAT,3,3,,,,,,2,,,,,,,,,,,,,,
110506,Abel Ferreira,PAL,TEC,3,7.85,,,,,,,,,,,,,,,,,,,,1
110510,Aguirre,INT,LAT,3,3.8,,,,,,2,,,1,,,,,,,,,,,
110598,Marino Hinestroza,VAS,ATA,3,0.5,,,,,,,1,,1,,,,,,,,,,,
110668,Esquivel,CAP,LAT,3,5.7,1,,,,,,1,,,2,,,,,,,,,,
110715,Andrés Hurtado,RBB,LAT,3,-0.6,,,,,,,2,,,,,,,,,,,,,
110750,Gustavo Marques,RBB,ZAG,3,2,,,,,,1,,,,1,,,,,,,,,,
110759,John Kennedy,FLU,ATA,3,7.6,,,,,,3,2,2,1,1,,,,,,,,,,
111309,Gustavo Martins,GRE,ZAG,3,-1,,,,,,,,,,,,,,,,1,,,,
111466,Victor Gabriel,INT,ZAG,3,1.5,,,,,,1,,,,,,,,,,,,,,
111577,Lucas Gonçalves,?,?,3,5.27,,,,,,,,,,,,,,,,,,,,
111760,Fabinho,RBB,MEI,3,3.9,,,,,,2,2,,,3,,,,,,,,,,
111829,Kayky,INT,ATA,3,0,,,,,,,,,,,,,,,,,,,,
111831,Matheus Martins,BOT,ATA,3,0.2,,,,,,,1,,,1,,,,,,,,,,
111832,Jefté,PAL,LAT,3,0,,,,,,,,,,,,,,,,,,,,
111945,Diego Hernández,?,?,3,2.7,,,,,,1,,1,,,,,,,,,,,,
112576,Vini Paulista,CFC,MEI,3,3,,,,,,2,,,,,,,,,,,,,,
112709,Kaiki Bruno,?,?,3,3.7,,,,,,2,1,,,2,,,,,,,,,,
112863,Ramón Sosa,PAL,ATA,3,0,,,,,,,,,,,,,,,,,,,,
112886,Lucas Barbosa,RBB,ATA,3,5.4,,1,,,,3,2,1,1,1,,,,,,,,,,
113034,Freytes,FLU,ZAG,3,5.4,,1,,,,1,2,,,1,,,,,,,,,1,
113103,Flaco López,PAL,ATA,3,-0.6,,,,,,,1,,,,,,,,3,,,,,
113113,Benavídez,CAP,LAT,3,-0.6,,,,,,,2,,,,,,,,,,,,,
113125,Picco,REM,MEI,3,6,,,,,,4,,,,,,,,,,,,,,
113359,Pablo Maia,SAO,MEI,3,-0.3,,1,,,,,2,,1,1,,,,,,,,,,
113397,Cristian Olivera,BAH,ATA,3,5.7,,1,,,,4,2,,,3,,,,,2,,,,,
114405,Sinisterra,CRU,ATA,3,1.7,,,,,,1,2,,1,,,,,,,,,,,
114802,Vitor Roque,PAL,ATA,3,14,,,,,,2,,1,1,2,,1,,,,,,,,
115025,Miguelito,SAN,MEI,3,1.3,,,,,,,1,,2,,,,,,,,,,,
115479,Paulo Pezzolano,INT,TEC,3,4.89,,,,,,,,,,,,,,,,,,,,
116034,Victor Hugo,CAM,MEI,3,7.7,1,,,,,1,,1,,,,,,,,,,,,
116066,Rubens,CHA,ATA,3,8,,,,,,,,,,,,1,,,,,,,,
116447,Hércules,FLU,MEI,3,0,,,,,,,,,,,,,,,,,,,,
116706,Andrés Gómez,VAS,ATA,3,6.3,,1,,,,3,3,2,1,1,,,,,,,,,,
117330,Robert Renan,VAS,ZAG,3,1.4,,,,,,1,3,,1,,,,,,,,,,,
117632,Garro,COR,MEI,3,7,1,,,,,1,,,,1,,,,,,,,,,
117930,Lavega,CFC,ATA,3,1.5,,,,,,1,,,,,,,,,,,,,,
117965,Martín Anselmi,?,?,3,3.34,,,,,,,,,,,,,,,,,,,,
118775,Lautaro Díaz,SAN,ATA,3,0,,,,,,,,,,,,,,,,,,,,
120433,Léo Derik,CAP,LAT,3,0,,,,,,,,,,,,,,,,,,,,
121792,André,?,?,3,2.5,,1,,,,2,1,,1,,,,,,,,,,,
121824,Kayke,COR,ATA,3,1.5,,,,,,1,,,,,,,,,,,,,,
122138,João Vitor,?,?,3,0,,,,,,,,,,,,,,,,,,,,
122394,Gustavinho,RBB,MEI,3,-0.1,,,,,,,2,,,1,,,,,,,,,,
122441,Kayky Almeida,?,?,3,4.1,,1,,,,2,1,2,,,,,,,,,,,,
122485,Barros,VAS,MEI,3,9,,1,,,,4,2,,2,6,,,,,,,,,,
123625,Ítalo,?,?,3,1.3,,,,,,,,,1,1,,,,,,,,,,
123648,Lucas Ronier,CFC,ATA,3,15.1,2,,,,,2,,,2,1,,,,,,,,,,
123738,Herrera,RBB,ATA,3,0,,,,,,,,,,,,,,,,,,,,
123744,Alan Rodríguez,?,?,3,0,,,,,,,,,,,,,,,,,,,,
124239,Henry Mosquera,RBB,ATA,3,1.3,,,,,,,3,1,,2,,,,,,,,,,
124526,Giay,PAL,LAT,3,-0.3,,,,,,,1,,,,,,,,,,,,,
124757,Nathan Fernandes,?,?,3,4,,,,,,2,,,,2,,,,,,,,,,
125746,Dudu,CAP,MEI,3,0.5,,,,,,,,,,1,,,,,,,,,,
125803,Pedro Morisco,CFC,GOL,3,3.5,,,,5,,,,,,,,,,3,,,,,,
125926,Zapelli,CAP,MEI,3,6.7,,,,,,4,2,,1,1,,,,,,,,,,
126013,Ythallo,BOT,ZAG,3,0.2,,1,,,,1,1,,,,,,,,,,,,,
126182,Paulinho,INT,MEI,3,0.4,,1,,,,1,2,,,1,,,,,,,,,,
126471,Barreal,SAN,MEI,3,1.2,,,,,,1,1,,,,,,,,,,,,,
126977,Fernando Seabra,CFC,TEC,3,5.51,,,,,,,,,,,,,,,,,,,,
127970,Felipe Chiqueti,CAP,MEI,3,2.4,,1,,,,1,1,1,,2,,,,,,,,,,
128433,Johan Rojas,VAS,MEI,3,-0.3,,,,,,,1,,,,,,,,,,,,,
130048,Noriega,GRE,ZAG,3,5.7,,,,,,3,2,,1,2,,,,,,,,,,
130612,Luighi,?,?,3,1.7,,,,,,1,1,,,1,,,,,,,,,,
130650,Bernal,?,?,3,1.6,,,,,,1,3,,,2,,,,,,,,,,
130843,Arthur Dias,CAP,ZAG,3,4.2,,,,,,3,1,,,,,,,,,,,,,
131832,Portilla,CAP,MEI,3,0.9,,,,,,1,2,,,,,,,,,,,,,
132071,Serna,FLU,ATA,3,4,,,,,,1,,1,1,1,,,,,,,,,,
132274,Ignacio Sosa,RBB,MEI,3,0.9,,,,,,,2,,,3,,,,,,,,,,
132412,Román Gómez,BAH,LAT,3,12.5,,,,,,5,,,,,,,,,,,,,1,
132553,Jemmes,FLU,ZAG,3,8,,,,,,2,,,,,,,,,,,,,1,
132580,Vinicinho,RBB,ATA,3,0.5,,,,,,,,,,1,,,,,,,,,,
133543,Gui Negão,COR,ATA,3,0,,,,,,,,,,,,,,,,,,,,
137542,Kaique Kenji,CRU,ATA,3,0.5,,,,,,,,,,1,,,,,,,,,,
139076,Filipe Luís,?,?,3,0,,,,,,,,,,,,,,,,,,,,
141165,Enzo Vagner,CFC,ATA,3,0.5,,,,,,,1,,1,,,,,,,,,,,
141451,Allan,PAL,MEI,3,4.6,,,,,,1,1,2,,2,,,,,,,,,,
141615,Pedro Ferreira,SAO,MEI,3,0.5,,,,,,,,,,1,,,,,,,,,,
141754,Gabriel Bontempo,SAN,MEI,3,3.2,,1,,,,2,1,,,3,,,,,,,,,,
141868,Vini Lira,SAN,LAT,3,1.7,,1,,,,2,1,,,,,,,,,,,,,
142004,Amuzu,GRE,ATA,3,1.5,,,,,,1,,,,,,,,,,,,,,
142279,Nuno Moreira,VAS,MEI,3,0.8,,,,,,,,,1,,,,,,,,,,,
142484,Barrera,BOT,MEI,3,3.5,,,,,,2,,,,1,,,,,,,,,,
142877,Villalba,BOT,ATA,3,0,,,,,,,,,,,,,,,,,,,,
142890,Montoro,BOT,MEI,3,0.9,,1,,,,,2,,,5,,,,,,,,,,
143193,Viveros,CAP,ATA,3,12.8,,,,,,,3,1,2,4,,1,,,1,,,1,,
146040,João Pedro,?,?,3,-0.9,,1,,,,,2,,1,,,,,,1,,,,,
146375,Kadir,BOT,ATA,3,1.7,,,,,,1,1,,,1,,,,,,,,,,
147194,Bruninho,?,?,3,0,,,,,,,,,,,,,,,,,,,,
37656,Fábio,FLU,GOL,3,9.4,,,,3,,,,,,1,,,,,,,,,1,
39148,Hulk,FLU,ATA,3,14.7,1,,,,,1,1,,,1,,1,,,,,,,,
39656,Alan Franco,CAM,MEI,3,2.4,,,,,,1,1,1,,,,,,,,,,,,
39850,Vagner Mancini,RBB,TEC,3,1.74,,,,,,,,,,,,,,,,,,,,
40990,Dorival Júnior,SAO,TEC,3,8.77,,,,,,,,,,,,,,,,,,,,1
42135,Willian,GRE,MEI,3,0,,,,,,,,,,,,,,,,,,,,
42234,Cássio,CRU,GOL,3,8.9,,,,8,,,,,,1,,,,2,,,,,,
42500,Fagner,CRU,LAT,3,4.5,,,,,,3,,,,,,,,,,,,,,
45125,Tite,?,?,3,5.33,,,,,,,,,,,,,,,,,,,,
51413,Walter,MIR,GOL,3,0.6,,,,2,,,,,,,,,,2,,,,,,
51772,Everton Ribeiro,BAH,MEI,3,14.3,1,,,,,4,3,1,,6,,,,,,,,,,
62977,Ganso,FLU,MEI,3,1.5,,,,,,1,,,,,,,,,,,,,,
63289,Edenílson,BOT,MEI,3,1.5,,,,,,1,,,,,,,,,,,,,,
68685,Alan Patrick,INT,MEI,3,2.8,,,,,,1,,,1,1,,,,,,,,,,
68708,Eduardo,MIR,MEI,3,3.1,,,,,,,1,2,,2,,,,,,,,,,
68806,Neto,?,?,3,4.2,,,,4,,,,,,,,,,1,,,,,,
68920,Dudu,CAM,ATA,3,12,,,,,,1,,1,1,1,,1,,,,,,,,
68928,Rafael,SAO,GOL,3,6.3,,,,1,,,,,,,,,,,,,,,1,
68996,Willian José,BAH,ATA,3,-0.6,,,,,,,2,,,,,,,,,,,,,
69012,Santos,CAP,GOL,3,4.2,,,,4,,,,,,,,,,1,,,,,,
69140,Allan,BOT,MEI,3,2,,,,,,1,,,,1,,,,,,,,,,
69208,Gabriel Paulista,COR,ZAG,3,16.6,,,,,,1,,,2,1,,1,,,,,,,1,
70164,Lucas Moura,SAO,MEI,3,8.5,,,,,,,,,,1,,1,,,,,,,,
70666,Marllon,REM,ZAG,3,6,,,,,,4,,,,,,,,,,,,,,
70958,Jean Carlos,?,?,3,9,1,,,,,,,2,2,,,,,,,,,,,
71043,Léo Vieira,BAH,GOL,3,-0.4,,,,2,,,,,,,,,,3,,,,,,
71123,Thiago Mendes,VAS,MEI,3,0.9,,1,,,,1,2,,,2,,,,,,,,,,
71227,Maicon,CFC,ZAG,3,1.5,,,,,,1,,,,,,,,,,,,,,
71536,Luiz Gustavo,CAP,MEI,3,1.5,,,,,,1,,,,,,,,,,,,,,
71631,Weverton,GRE,GOL,3,4.3,,1,,1,1,,,,,,,,,2,,1,,,,
71684,Gustavo Gómez,PAL,ZAG,3,13,1,,,,,,,,,,,1,,,,,,,,
72294,Everson,CAM,GOL,3,0.9,,,,3,,,,,,,,,,3,,,,,,
72460,Bernard,CAM,MEI,3,0,,,,,,,,,,,,,,,,,,,,
72493,Alex Telles,BOT,LAT,3,1.4,,,,,,1,2,,,1,,,,,,,,,,
72951,Mercado,INT,ZAG,3,2.3,,,,,,1,3,1,,1,,,,,,,,,,
73384,Samuel Xavier,FLU,LAT,3,5.4,,1,,,,1,2,,,1,,,,,,,,,1,
73481,Gilmar Dal Pozzo,?,?,3,6.53,,,,,,,,,,,,,,,,,,,,
73717,Juan Carlos Osorio,?,?,3,6.5,,,,,,,,,,,,,,,,,,,,
77485,Carrillo,COR,MEI,3,3.4,,,,,,2,3,,1,1,,,,,,,,,,
77777,João Schmidt,SAN,MEI,3,1.2,,,,,,1,1,,,,,,,,,,,,,
78117,Everaldo,BAH,ATA,3,2.7,,,,,,2,1,,,,,,,,,,,,,
78248,Gustavo Henrique,COR,ZAG,3,4.2,,1,,,,,2,,1,2,,,,,,1,,,1,
78435,Vitinho,COR,ATA,3,1.4,,,,,,,2,1,1,,,,,,,,,,,
78445,Renê,FLU,LAT,3,9.2,,,,,,3,1,,,,,,,,,,,,1,
78605,Gabriel,RBB,MEI,3,1.1,,1,,,,1,2,1,,,,,,,,,,,,
78850,Reinaldo,MIR,LAT,3,-1,,1,,,,,,,,,,,,,,,,,,
79701,Lucas Silva,CRU,MEI,3,1.5,,,,,,1,,,,,,,,,,,,,,
80129,Jadson,CAP,MEI,3,2,,,,,,1,,,,1,,,,,,,,,,
80196,Yago Pikachu,REM,MEI,3,8,,,,,,,,,,,,1,,,,,,,,
80287,Luciano,SAO,ATA,3,3,1,1,,,,,3,1,1,2,,,,,1,,1,1,,
81952,Willian Oliveira,?,?,3,1.5,,,,,,1,,,,,,,,,,,,,,
82628,Tinga,CFC,LAT,3,3,,,,,,2,,,,,,,,,,,,,,
82730,Marcelo Rangel,REM,GOL,3,3.5,,,,5,,,,,,,,,,3,,,,,,
82775,Lucas Ramon,SAO,LAT,3,8.8,,,,,,1,,,1,3,,,,,,,,,1,
83263,Yuri Lara,?,?,3,-3.3,,,1,,,,1,,,,,,,,,,,,,
84339,Bruno Melo,CFC,LAT,3,0.8,,,,,,,,,1,,,,,,,,,,,
84428,Fernando Sobral,CFC,MEI,3,0,,,,,,,,,,,,,,,,,,,,
84558,Lucas Romero,CRU,MEI,3,7.5,1,,,,,1,,,,2,,,,,,,,,,
84626,Josué,CFC,MEI,3,-0.1,,,,,,,2,,,1,,,,,,,,,,
84674,Lucas Evangelista,PAL,MEI,3,5,1,,,,,,,,,,,,,,,,,,,
84847,Luan Peres,SAN,ZAG,3,1.4,,,,,,1,2,,,1,,,,,,,,,,
85048,Memphis Depay,COR,ATA,3,0.4,,,,,,,,,,1,,,,,1,,,,,
85403,Danielzinho,SAO,MEI,3,1.8,,,,,,,,,1,,,,,,,,,1,,
86292,Bolasie,CHA,ATA,3,0.8,,,,,,,,,1,,,,,,,,,,,
86485,Keno,CFC,ATA,3,0,,,,,,,,,,,,,,,,,,,,
86859,José Welison,REM,MEI,3,0.5,,,,,,,1,,1,,,,,,,,,,,
87008,Léo Jardim,VAS,GOL,3,1.6,,,,2,,,,,,,,,,1,,,,,,
87225,Pedro Henrique,RBB,ZAG,3,0.5,,,,,,,,,,1,,,,,,,,,,
87228,Guilherme Arana,FLU,LAT,3,6.5,,,,,,1,,,,,,,,,,,,,1,
87470,Thaciano,SAN,MEI,3,10,,,,,,1,1,,,2,,1,,,2,,,,,
87552,Vitor Bueno,REM,MEI,3,9.2,,,,,,,2,,1,2,,1,,,,,,,,
87742,Neto Moura,MIR,MEI,3,0.4,,1,,,,1,2,,,1,,,,,,,,,,
87887,Balbuena,GRE,ZAG,3,4.5,,,,,,3,,,,,,,,,,,,,,
87999,Gustavo Scarpa,CAM,MEI,3,9,1,,,,,1,,1,1,1,,,,,,,,,,
88037,Luís Castro,GRE,TEC,3,2.95,,,,,,,,,,,,,,,,,,,,
88312,Junior Alonso,?,?,3,1,,,,,,,1,,1,1,,,,,,,,,,
89256,Gerson,CRU,MEI,3,0.2,,1,,,,1,1,,,,,,,,,,,,,
89273,João Pedro,GRE,LAT,3,-0.6,,,,,,,2,,,,,,,,,,,,,
89274,Andreas Pereira,PAL,MEI,3,14.9,1,1,,,,2,2,,,1,,1,,,,,,,,
89275,William,CRU,LAT,3,-0.3,,,,,,,1,,,,,,,,,,,,,
89837,Lucho Acosta,FLU,MEI,3,10.6,,1,,,,3,3,,,,,1,,,,,,,,
89840,Calleri,SAO,ATA,3,12.3,,,,,,1,2,1,1,3,,1,,,1,,,,,
89918,Everton Galdino,?,?,3,0,,,,,,,,,,,,,,,,,,,,
90031,Mendoza,CAP,ATA,3,2.8,,,,,,1,1,,2,,,,,,,,,,,
90302,Pedro Rocha,CFC,ATA,3,12.8,,,,,,,,2,3,,,1,,,,,,,,
90370,Matheus Pereira,COR,MEI,3,3.5,,,,,,2,1,,1,,,,,,,,,,,
90532,Arthur Melo,?,?,3,3.9,,,,,,2,2,,,3,,,,,,,,,,
90768,Fabrício Bruno,CRU,ZAG,3,-0.6,,,,,,,2,,,,,,,,,,,,,
90917,Carlos Eduardo,MIR,ATA,3,1.8,,,,,,1,2,,,2,,,,,1,,,,,
91101,Ronaldo,BAH,GOL,3,9.2,,1,,4,,,,,,,,,,,,,,,1,
91607,Rony,SAN,ATA,3,3.6,,,,,,1,,1,,2,,,,,1,,,,,
91639,Igor Cariús,?,?,3,1,,,,,,1,,,,1,,,,,,1,,,,
91706,Marlon,GRE,LAT,3,0.9,,,,,,1,2,,,,,,,,,,,,,
91866,Zé Ivaldo,REM,ZAG,3,6,,,,,,4,,,,2,,,,,,1,,,,
91908,Pavón,GRE,ATA,3,1.5,,,,,,1,,,,,,,,,,,,,,
92171,Arthur Cabral,BOT,ATA,3,1.9,,,,,,,1,1,,2,,,,,,,,,,
92180,Jair Ventura,VIT,TEC,3,0,,,,,,,,,,,,,,,,,,,,
92273,Odair Hellmann,CAP,TEC,3,6.25,,,,,,,,,,,,,,,,,,,,1
92854,Borré,?,?,3,2.6,,,,,,,2,1,2,1,,,,,1,,,,,
92981,Ronaldo,INT,MEI,3,13.9,,,,,,4,2,,,1,,1,,,,,,,,
93478,Wanderson,CRU,ATA,3,9.2,,,,,,1,1,,,,,1,,,,,,,,
93716,Paulo Henrique,VAS,LAT,3,0.7,,1,,,,1,1,,,1,,,,,,,,,,
93790,Marlon Freitas,PAL,MEI,3,2.7,,,,,,2,1,,,,,,,,,,,,,
93882,Cleiton,RBB,GOL,3,0.9,,1,,3,,,,,,,,,,2,,,,,,
93988,Breno Lopes,CFC,ATA,3,16.4,,,,,,,2,,,2,,2,,,,,,,,
94154,Maycon,CAM,MEI,3,2.4,,,,,,2,2,,,,,,,,,,,,,
94968,Juninho Capixaba,RBB,LAT,3,4.4,,1,,,,3,4,,2,1,,,,,,,,,,
95332,Marcinho,CHA,ATA,3,4,,,,,,1,,1,1,1,,,,,,,,,,
95466,Igor Vinícius,SAN,LAT,3,3.5,,1,,,,3,4,1,,,,,,,,,,,,
95556,Raniele,COR,MEI,3,0,,1,,,,,4,,1,3,,,,,1,,,,,
95620,Bruno Leonardo,CHA,ZAG,3,4.7,,,,,,2,,1,,1,,,,,,,,,,
95799,Artur,SAO,ATA,3,4.1,,,,,,1,1,2,,1,,,,,,,,,,
96342,Charles,COR,MEI,3,1.9,,,,,,1,,,,1,,,,,1,,,,,
96591,Renan Lodi,CAM,LAT,3,2.4,,,,,,1,,,,2,,,,,1,,,,,
96610,Matheus Pereira,CRU,MEI,3,2.4,,1,,,,1,2,,,3,,,,,,,,1,,
96652,Allan,COR,MEI,3,0.5,,1,,,,,,,,3,,,,,,,,,,
97095,Carlos Cuesta,VAS,ZAG,3,2.3,,,,,,1,,,1,,,,,,,,,,,
97321,Alesson,MIR,ATA,3,4.4,,,,,,2,1,1,,1,,,,,,,,,,
97341,Rogério Ceni,BAH,TEC,3,8.95,,,,,,,,,,,,,,,,,,,,1
97432,Victor Caetano,CHA,ZAG,3,2.4,,,,,,2,2,,,,,,,,,,,,,
97460,João Victor,MIR,ZAG,3,2,,,,,,1,,,,1,,,,,,,,,,
97642,Félix Torres,INT,ZAG,3,0,,,,,,,,,,,,,,,,,,,,
97653,Murilo,PAL,ZAG,3,-0.3,,,,,,,1,,,,,,,,,,,,,
97878,Jacy,CFC,ZAG,3,1.5,,,,,,1,,,,,,,,,,,,,,
98022,Erick,BAH,MEI,3,0.5,,,,,,,,,,1,,,,,,,,,,
98384,Negueba,MIR,ATA,3,13.5,,,,,,3,1,,1,1,,1,,,,,,,,
98484,Kanu,BAH,ZAG,3,3.4,,1,,,,,2,,,,,,,,,,,,1,
98517,Jean Lucas,BAH,MEI,3,2.8,,,,,,,,,3,1,,,,,1,,,,,
98909,Cuello,CAM,ATA,3,5.7,,,,,,,1,,2,3,1,,,,1,,,,,
99213,Puma Rodríguez,VAS,LAT,3,2.3,,1,,,,,,1,2,1,,,,,,,,,,
99274,Alexander Barboza,PAL,ZAG,3,4.5,,,,,,3,,,,,,,,,,,,,,
99366,Luis Zubeldía,FLU,TEC,3,9.48,,,,,,,,,,,,,,,,,,,,1
99789,Brenner,VAS,ATA,3,1.8,,,,,,,,,1,2,,,,,,,,,,
99889,Alan Franco,?,?,3,7,,,,,,1,1,,1,,,,,,,,,,1,
100342,Léo Andrade,REM,ZAG,4,2.4,,,,,,2,2,,,,,,,,,,,,,
100695,Fernando,RBB,ATA,4,0.5,,,,,,,,,,1,,,,,,,,,,
100742,Matheus Henrique,CRU,MEI,4,0,,,,,,,,,,,,,,,,,,,,
100842,Ruan,CAM,ZAG,4,1.7,,,,,,1,1,,,1,,,,,,,,,,
101254,Alef Manga,REM,ATA,4,10.1,1,,,,,1,,2,1,1,,,,,1,,,,,
101290,Ferreira,SAO,ATA,4,3.7,,,,,,1,,1,,2,,,,,,,,,,
101319,Guga,FLU,LAT,4,0.2,,,,,,,1,,,1,,,,,,,,,,
101405,Wallisson,MIR,MEI,4,7.2,,1,,,,5,2,,1,1,,,,,,,,,,
101574,Hugo Souza,COR,GOL,4,1.6,,,,2,,,,,,,,,,1,,,,,,
101708,Felipe Jonatan,CFC,LAT,4,2,,,,,,1,,,,1,,,,,,,,,,
101715,Alerrandro,INT,ATA,4,0,,,,,,,,,,,,,,,,,,,,
101729,Fabinho,CFC,ATA,4,1.2,,,,,,,,1,,,,,,,,,,,,
101960,Vitinho,INT,ATA,4,8.2,1,,,,,,,1,,4,,,,,,,,,,
102130,Piquerez,PAL,LAT,4,2.4,,,,,,1,1,1,,,,,,,,,,,,
102796,Julimar,?,?,4,8.8,,,,,,,,,1,,,1,,,,,,,,
102909,Luan,SAO,MEI,4,1.5,,,,,,1,,,,,,,,,,,,,,
102911,Zé Ricardo,REM,MEI,4,2,,,,,,1,,,,1,,,,,,,,,,
103056,Gabriel Brazão,SAN,GOL,4,-0.7,,1,,1,,,,,,,,,,1,,,,,,
103295,Eric Ramires,RBB,MEI,4,-0.3,,,,,,,1,,,,,,,,,,,,,
103445,Kaio Jorge,CRU,ATA,4,1.4,,,,,,,2,,2,1,,,,,1,,,,,
103523,Ignácio,FLU,ZAG,4,1.6,,1,,,,2,4,,1,,,,,,,,,,,
103767,Gabriel Menino,SAN,MEI,4,0.9,,,,,,,1,1,,,,,,,,,,,,
104027,Rafael Guanaes,MIR,TEC,4,0,,,,,,,,,,,,,,,,,,,,
104084,Carlos Miguel,PAL,GOL,4,6.8,,,,6,,,,,,,,,,1,,,,,,
104257,João Lucas,REM,LAT,4,6,,1,,,,4,1,,1,1,,,,,,,,,,
104502,Christian,?,?,4,2,,,,,,,,1,1,,,,,,,,,,,
104666,Moisés,SAN,ATA,4,4.9,1,,,,,,2,,,1,,,,,,,,,,
104754,Juan Vojvoda,?,?,4,6.43,,,,,,,,,,,,,,,,,,,,1
105048,Jajá,REM,ATA,4,2.8,,,,,,1,,,1,1,,,,,,,,,,
105068,Reinier,CAM,MEI,4,0.5,,,,,,,,,,1,,,,,,,,,,
105175,Khellven,PAL,LAT,4,1.6,,1,,,,2,3,,,1,,,,,,,,,,
105563,Carlos Vinícius,GRE,ATA,4,0.2,,1,,,,,1,1,,1,,,,,2,,,,,
105584,Lucas Piton,VAS,LAT,4,1.5,,,,,,1,,,,,,,,,,,,,,
105647,Maurício,PAL,MEI,4,-0.3,,,,,,,1,,,,,,,,,,,,,
105949,Rochet,INT,GOL,4,5.5,,,,5,,,,,,,,,,1,,,,,,
106104,Enamorado,GRE,ATA,4,2.7,,,,,,2,1,,,,,,,,,,,,,
106202,Bruno Gomes,INT,MEI,4,3.7,,,,,,2,1,,,2,,,,,,,,,,
106294,Marcos Antônio,SAO,MEI,4,2,,,,,,1,,,,1,,,,,,,,,,
106434,Eduardo Santos,RBB,ZAG,4,0,,,,,,,,,,,,,,,,,,,,
106593,Villalba,CRU,ZAG,4,1.5,,,,,,1,,,,,,,,,,,,,,
107172,Patrick de Paula,?,?,4,3.8,,1,,,,1,2,2,,3,,,,,,,,,,
107554,Natanael,CAM,LAT,4,-2.8,,,1,,,,1,,,1,,,,,,,,,,
107873,Bobadilla,SAO,MEI,4,0,,,,,,,,,,,,,,,,,,,,
107985,Terán,CAP,ZAG,4,2,,,,,,1,1,,1,,,,,,,,,,,
107989,Carbonero,INT,ATA,4,1.2,,,,,,,1,,2,,,,,,1,,,,,
108133,Isidro Pitta,RBB,ATA,4,-0.4,,,,,,,1,,,,,,,,1,,,,,
108162,Nardoni,GRE,MEI,4,0.7,,1,,,,1,1,,,1,,,,,,,,,,
108469,Adonis Frías,SAN,ZAG,4,0,,,,,,,,,,,,,,,,,,,,
108588,Tapia,SAO,ATA,4,2.7,,,,,,1,2,,1,,,,,,,,,1,,
109573,Martinelli,FLU,MEI,4,-0.4,,1,,,,,2,1,,,,,,,,,,,,
110144,Spinelli,VAS,ATA,4,0.5,,,,,,,1,,1,,,,,,,,,,,
110426,Bernabei,INT,LAT,4,6.3,,,,,,1,1,,1,3,1,,,,2,,,,,
110506,Abel Ferreira,PAL,TEC,4,6.96,,,,,,,,,,,,,,,,,,,,1
110510,Aguirre,INT,LAT,4,3.4,,,,,,2,3,,1,1,,,,,,,,,,
110598,Marino Hinestroza,VAS,ATA,4,1.9,,,,,,1,2,,,2,,,,,,,,,,
110668,Esquivel,CAP,LAT,4,2.4,,,,,,1,3,,1,2,,,,,,,,,,
110708,Pedro Rangel,CFC,GOL,4,0.3,,,,1,,,,,,,,,,1,,,,,,
110715,Andrés Hurtado,RBB,LAT,4,2.3,,,,,,1,,,1,,,,,,,,,,,
110759,John Kennedy,FLU,ATA,4,0,,,,,,,,,,,,,,,,,,,,
111246,Alix Vinicius,RBB,ZAG,4,-4.8,,,1,,,,6,,,,,,,,,,,,,
111309,Gustavo Martins,GRE,ZAG,4,-0.3,,,,,,,1,,,,,,,,,,,,,
111760,Fabinho,RBB,MEI,4,-3.1,,,1,,,,2,,,1,,,,,,,,,,
111829,Kayky,INT,ATA,4,3.2,,,,,,1,,1,,1,,,,,,,,,,
112576,Vini Paulista,CFC,MEI,4,3.5,,,,,,1,,,,4,,,,,,,,,,
112709,Kaiki Bruno,?,?,4,2.2,,,,,,1,2,,1,1,,,,,,,,,,
112863,Ramón Sosa,PAL,ATA,4,4.2,,,,,,1,1,,,,1,,,,,,,,,
112886,Lucas Barbosa,RBB,ATA,4,7.4,,,,,,4,2,,,4,,,,,,,,,,
113034,Freytes,FLU,ZAG,4,2.4,,1,,,,2,2,,,2,,,,,,,,,,
113103,Flaco López,PAL,ATA,4,1.6,,,,,,,,1,,1,,,,,1,,,,,
113113,Benavídez,CAP,LAT,4,6.7,1,,,,,1,1,,,1,,,,,,,,,,
113125,Picco,REM,MEI,4,11.2,,1,,,,3,1,,,,,1,,,,,,,,
113359,Pablo Maia,SAO,MEI,4,2,,,,,,1,1,,1,,,,,,,,,,,
114040,Minda,CAM,ATA,4,1.5,,,,,,1,,,,,,,,,,,,,,
114308,Cufré,?,?,4,-0.3,,,,,,,1,,,,,,,,,,,,,
114802,Vitor Roque,PAL,ATA,4,21.2,,,,,,4,1,,,7,1,1,,,,,,1,,
115025,Miguelito,SAN,MEI,4,3,,,,,,2,,,,,,,,,,,,,,
115479,Paulo Pezzolano,INT,TEC,4,5.18,,,,,,,,,,,,,,,,,,,,
116034,Victor Hugo,CAM,MEI,4,8,,,,,,,,,,,,1,,,,,,,,
116065,Cuiabano,VAS,LAT,4,2,,,,,,1,1,,1,,,,,,,,,,,
116447,Hércules,FLU,MEI,4,3.5,,,,,,2,1,,1,,,,,,,,,,,
116706,Andrés Gómez,VAS,ATA,4,5.6,1,,,,,,2,,1,1,,,,,1,,,,,
117330,Robert Renan,VAS,ZAG,4,3.5,,,,,,2,,,,1,,,,,,,,,,
117632,Garro,COR,MEI,4,5.7,1,,,,,,1,,,2,,,,,,,,,,
117910,Breno Bidon,COR,MEI,4,0.2,,,,,,,1,,,1,,,,,,,,,,
117930,Lavega,CFC,ATA,4,1,,1,,,,1,1,,1,,,,,,,,,,,
117965,Martín Anselmi,?,?,4,0,,,,,,,,,,,,,,,,,,,,
118655,Saldivia,VAS,ZAG,4,2.8,,,,,,2,4,,,2,,,,,,,,,,
122394,Gustavinho,RBB,MEI,4,5.9,,,,,,4,2,,,1,,,,,,,,,,
122441,Kayky Almeida,?,?,4,1.7,,,,,,1,1,,,1,,,,,,,,,,
122485,Barros,VAS,MEI,4,17,,,,,,4,1,,1,5,,1,,,,,,,,
123101,Leozinho,CAP,ATA,4,-0.3,,,,,,,1,,,,,,,,,,,,,
123360,Cauly,SAO,MEI,4,9.5,,,,,,1,4,1,,,,1,,,,,,,,
123648,Lucas Ronier,CFC,ATA,4,11.4,,,,,,1,,1,4,5,1,,,,,,,,,
123689,Milans,COR,LAT,4,4.9,,,,,,3,2,,,2,,,,,,,,,,
123738,Herrera,RBB,ATA,4,0.7,,,,,,,1,,,2,,,,,,,,,,
123744,Alan Rodríguez,?,?,4,0,,,,,,,,,,,,,,,,,,,,
123869,Aguirre,CAP,ZAG,4,1.2,,,,,,,,1,,,,,,,,,,,,
124239,Henry Mosquera,RBB,ATA,4,3,,,,,,,1,1,2,1,,,,,,,,,,
124270,Allex,INT,MEI,4,1.5,,,,,,1,,,,,,,,,,,,,,
124526,Giay,PAL,LAT,4,2.7,,,,,,2,1,,,,,,,,,,,,,
125467,Viery,?,?,4,2.1,,,,,,2,3,,,,,,,,,,,,,
125488,João Pedro,COR,ZAG,4,8.9,,,,,,1,2,,,,,1,,,,,,,,
125746,Dudu,CAP,MEI,4,0,,,,,,,,,,,,,,,,,,,,
125803,Pedro Morisco,CFC,GOL,4,1.9,,1,,3,,,,,,,,,,,,1,,,,
125926,Zapelli,CAP,MEI,4,-0.3,,1,,,,,2,,1,1,,,,,,,,,,
126182,Paulinho,INT,MEI,4,2,,,,,,1,1,,1,,,,,,,,,,,
126471,Barreal,SAN,MEI,4,6.3,,,,,,4,3,,1,1,,,,,1,,,,,
126977,Fernando Seabra,CFC,TEC,4,4.06,,,,,,,,,,,,,,,,,,,,
127970,Felipe Chiqueti,CAP,MEI,4,1.5,,,,,,,1,,1,2,,,,,,,,,,
128431,João Cruz,CAP,MEI,4,1.6,,,,,,,,,2,,,,,,,,,,,
128433,Johan Rojas,VAS,MEI,4,3.4,,,,,,2,1,,1,,,,,,1,,,,,
130048,Noriega,GRE,ZAG,4,15.7,1,,,,,2,1,,,,,1,,,,,,,,
130650,Bernal,?,?,4,-0.1,,,,,,,2,,,1,,,,,,,,,,
130843,Arthur Dias,CAP,ZAG,4,0.8,,1,,,,1,2,,,2,,,,,1,,,,,
131516,JP Chermont,CFC,LAT,4,1.5,,,,,,1,,,,,,,,,,,,,,
131832,Portilla,CAP,MEI,4,-0.6,,,,,,,2,,,,,,,,,,,,,
132071,Serna,FLU,ATA,4,0.8,,,,,,,1,,1,1,,,,,2,,,,,
132264,Arroyo,CRU,ATA,4,-0.6,,,,,,,2,,,,,,,,,,,,,
141451,Allan,PAL,MEI,4,17.1,,,,,,5,1,,,4,,1,,,1,,,,,
141595,Gabriel Mec,GRE,ATA,4,-0.3,,1,,,,,2,,1,1,,,,,,,,,,
141611,Maik,SAO,LAT,4,6.5,,,,,,1,,,,,,,,,,,,,1,
141754,Gabriel Bontempo,SAN,MEI,4,2.4,,,,,,2,2,,,,,,,,,,,,,
141868,Vini Lira,SAN,LAT,4,3.6,,,,,,3,3,,,,,,,,,,,,,
141995,Dieguinho,COR,MEI,4,1.6,,,,,,1,1,,,1,,,,,1,,,,,
142004,Amuzu,GRE,ATA,4,5.4,,,,,,2,,,3,,,,,,,,,,,
142279,Nuno Moreira,VAS,MEI,4,3.2,,,,,,1,,1,,1,,,,,,,,,,
143193,Viveros,CAP,ATA,4,4.8,,,,,,,2,1,1,7,,,,,1,,,,,
145744,André,COR,MEI,4,4,,,,,,2,,,,2,,,,,,,,,,
146040,João Pedro,?,?,4,2.2,,,,,,,1,1,1,1,,,,,,,,,,
147088,Cissé,CAM,MEI,4,2.8,,,,,,1,,,1,1,,,,,,,,,,
147545,Jefinho,GRE,MEI,4,1.5,,,,,,1,,,,,,,,,,,,,,
147546,Roger,GRE,MEI,4,1.2,,,,,,,,1,,,,,,,,,,,,
148215,Djhordney,SAO,MEI,4,-1.6,,1,,,,,2,,,,,,,,,,,,,
37457,Léo Condé,REM,TEC,4,4.29,,,,,,,,,,,,,,,,,,,,
37656,Fábio,FLU,GOL,4,3.8,,1,,6,,,,,,,,,,2,,1,,,,
39148,Hulk,FLU,ATA,4,5.3,,,,,,2,,,1,3,,,,,,,,,,
39656,Alan Franco,CAM,MEI,4,6.2,,,,,,4,1,,,1,,,,,,,,,,
39850,Vagner Mancini,RBB,TEC,4,3.15,,,,,,,,,,,,,,,,,,,,
40990,Dorival Júnior,SAO,TEC,4,3.31,,,,,,,,,,,,,,,,,,,,
41929,Renato Gaúcho,?,?,4,4.48,,,,,,,,,,,,,,,,,,,,
42234,Cássio,CRU,GOL,4,0.8,,,,1,,,,,,1,,,,1,,,,,,
42500,Fagner,CRU,LAT,4,0,,,,,,,,,,,,,,,,,,,,
45125,Tite,?,?,4,2.58,,,,,,,,,,,,,,,,,,,,
62977,Ganso,FLU,MEI,4,2.2,,,,,,1,1,,,2,,,,,,,,,,
63007,Neymar,SAN,MEI,4,19.2,,1,,,,1,3,1,,5,,2,,,1,,,,,
63008,Rafael Tolói,SAO,ZAG,4,10.6,,1,,,,4,2,1,,,,,,,,,,,1,
68685,Alan Patrick,INT,MEI,4,10.8,,,,,,,1,,2,3,,1,,,,,,,,
68920,Dudu,CAM,ATA,4,1.7,,,,,,,,1,,1,,,,,,,,,,
68928,Rafael,SAO,GOL,4,7.6,,,,2,,,,,,,,,,,,,,,1,
69012,Santos,CAP,GOL,4,1.6,,,,2,,,,,,,,,,1,,,,,,
70164,Lucas Moura,SAO,MEI,4,0,,,,,,,,,,,,,,,,,,,,
70360,Eduardo Sasha,RBB,ATA,4,2.1,,,,,,,,1,,2,,,,,1,,,,,
70592,Felipe Anderson,PAL,MEI,4,0,,,,,,,,,,,,,,,,,,,,
70666,Marllon,REM,ZAG,4,4.2,,,,,,2,1,,,3,,,,,,,,,,
71123,Thiago Mendes,VAS,MEI,4,0.6,,1,,,,1,3,,,2,,,,,,,,,,
71227,Maicon,CFC,ZAG,4,1.5,,,,,,1,,,,,,,,,,,,,,
71536,Luiz Gustavo,CAP,MEI,4,1,,,,,,,,,,2,,,,,,,,,,
71631,Weverton,GRE,GOL,4,0.3,,,,1,,,,,,,,,,1,,,,,,
71684,Gustavo Gómez,PAL,ZAG,4,2.2,,,,,,1,,,1,,,,,,1,,,,,
72294,Everson,CAM,GOL,4,9.5,1,,,5,,,,,,,,,,2,,,,,,
72605,Vitor Hugo,CAM,ZAG,4,2,,,,,,1,,,,1,,,,,,,,,,
72951,Mercado,INT,ZAG,4,1,,1,,,,1,1,,1,,,,,,,,,,,
73481,Gilmar Dal Pozzo,?,?,4,0,,,,,,,,,,,,,,,,,,,,
77485,Carrillo,COR,MEI,4,0.4,,1,,,,1,3,,1,,,,,,,,,,,
77777,João Schmidt,SAN,MEI,4,-0.3,,,,,,,1,,,,,,,,,,,,,
78435,Vitinho,COR,ATA,4,1.7,,,,,,,,1,,1,,,,,,,,,,
78478,Willian Arão,SAN,MEI,4,0.2,,,,,,,1,,,1,,,,,,,,,,
79437,Roger Machado,?,?,4,6.9,,,,,,,,,,,,,,,,,,,,1
79701,Lucas Silva,CRU,MEI,4,0,,,,,,,,,,,,,,,,,,,,
80196,Yago Pikachu,REM,MEI,4,0,,,,,,,,,,,,,,,,,,,,
80570,Wendell,SAO,LAT,4,7,,,,,,2,6,,1,,,,,,,,,,1,
81952,Willian Oliveira,?,?,4,0.8,,,,,,,,,1,,,,,,,,,,,
82455,Zé Rafael,?,?,4,2.9,,,,,,2,2,,,1,,,,,,,,,,
82463,Otávio,FLU,MEI,4,1.7,,,,,,,,1,,1,,,,,,,,,,
82628,Tinga,CFC,LAT,4,1.5,,,,,,1,,,,,,,,,,,,,,
82730,Marcelo Rangel,REM,GOL,4,2.9,,,,3,,,,,,,,,,1,,,,,,
84558,Lucas Romero,CRU,MEI,4,0.7,,1,,,,,,1,,1,,,,,,,,,,
84626,Josué,CFC,MEI,4,3.8,,,,,,1,,,1,3,,,,,,,,,,
84674,Lucas Evangelista,PAL,MEI,4,0,,,,,,,,,,,,,,,,,,,,
84847,Luan Peres,SAN,ZAG,4,2,,,,,,1,,,,1,,,,,,,,,,
85048,Memphis Depay,COR,ATA,4,-0.1,,,,,,,,,,,,,,,1,,,,,
86686,Tchê Tchê,VAS,MEI,4,0,,,,,,,,,,,,,,,,,,,,
86859,José Welison,REM,MEI,4,-1.9,,1,,,,,3,,,,,,,,,,,,,
87008,Léo Jardim,VAS,GOL,4,0.6,,,,2,,,,,,,,,,2,,,,,,
87225,Pedro Henrique,RBB,ZAG,4,0.2,,1,,,,1,1,,,,,,,,,,,,,
87228,Guilherme Arana,FLU,LAT,4,1.2,,,,,,1,1,,,,,,,,,,,,,
87258,Soteldo,FLU,ATA,4,2.2,,,,,,,,1,,2,,,,,,,,,,
87470,Thaciano,SAN,MEI,4,3.1,,,,,,,,,2,3,,,,,,,,,,
87552,Vitor Bueno,REM,MEI,4,1.4,,,,,,,1,1,,1,,,,,,,,,,
87999,Gustavo Scarpa,CAM,MEI,4,-0.3,,,,,,,1,,,,,,,,,,,,,
88037,Luís Castro,GRE,TEC,4,6.06,,,,,,,,,,,,,,,,,,,,1
88963,Leonardo Jardim,FLA,TEC,4,0,,,,,,,,,,,,,,,,,,,,
89256,Gerson,CRU,MEI,4,3.4,,,,,,2,2,,,2,,,,,,,,,,
89273,João Pedro,GRE,LAT,4,1.2,,,,,,1,1,,,,,,,,,,,,,
89274,Andreas Pereira,PAL,MEI,4,1.1,,,,,,1,3,,,1,,,,,,,,,,
89275,William,CRU,LAT,4,3.9,,,1,,,5,2,,,,,,,,,,,,,
89837,Lucho Acosta,FLU,MEI,4,11.7,,,,,,1,,1,,2,,1,,,,,,,,
89840,Calleri,SAO,ATA,4,2.7,,,,,,2,1,,,,,,,,,,,,,
89883,Dodi,GRE,MEI,4,0,,,,,,,,,,,,,,,,,,,,
90031,Mendoza,CAP,ATA,4,2.4,,,,,,1,1,1,,,,,,,,,,,,
90302,Pedro Rocha,CFC,ATA,4,2.1,,,,,,,1,,3,,,,,,,,,,,
90309,David,VAS,ATA,4,0.2,,,,,,,1,,,1,,,,,,,,,,
90768,Fabrício Bruno,CRU,ZAG,4,1.5,,,,,,1,,,,,,,,,,,,,,
91573,Arboleda,SAO,ZAG,4,5.5,,,,,,,,,,1,,,,,,,,,1,
91607,Rony,SAN,ATA,4,2.2,,,,,,1,1,,,2,,,,,,,,,,
91706,Marlon,GRE,LAT,4,17.9,1,,,,,2,2,1,1,1,,1,,,,,,,,
91908,Pavón,GRE,ATA,4,7.4,,1,,,,3,1,1,,,1,,,,,,,,,
92180,Jair Ventura,VIT,TEC,4,0,,,,,,,,,,,,,,,,,,,,
92273,Odair Hellmann,CAP,TEC,4,3.05,,,,,,,,,,,,,,,,,,,,
92440,André Ramalho,COR,ZAG,4,0.9,,1,,,,1,2,,,2,,,,,,,,,,
92747,Eduardo Domínguez,CAM,TEC,4,3.89,,,,,,,,,,,,,,,,,,,,
92811,Bruno Rodrigues,CRU,ATA,4,0.5,,,,,,,,,,1,,,,,,,,,,
92854,Borré,?,?,4,2.9,,,,,,2,4,1,,,,,,,1,,,,,
92981,Ronaldo,INT,MEI,4,0.8,,,,,,,,,1,,,,,,,,,,,
93716,Paulo Henrique,VAS,LAT,4,6.5,,,,,,3,1,,1,3,,,,,,,,,,
93790,Marlon Freitas,PAL,MEI,4,-1.6,,1,,,,,2,,,,,,,,,,,,,
93882,Cleiton,RBB,GOL,4,2.9,,,,3,,,,,,,,,,1,,,,,,
93988,Breno Lopes,CFC,ATA,4,2.5,,1,,,,2,,,,1,,,,,,,,,,
94067,Matheus Fernandes,RBB,MEI,4,3.5,,,,,,2,,,,1,,,,,,,,,,
94154,Maycon,CAM,MEI,4,2,,,,,,1,,,,1,,,,,,,,,,
94968,Juninho Capixaba,RBB,LAT,4,14.7,,,,,,4,1,,,2,,1,,,,,,,,
95362,Cassierra,CAM,ATA,4,0.8,,,,,,,,,1,,,,,,,,,,,
95466,Igor Vinícius,SAN,LAT,4,10,,,,,,6,,,,2,,,,,,,,,,
95556,Raniele,COR,MEI,4,2,,,,,,1,,,,1,,,,,,,,,,
96342,Charles,COR,MEI,4,1.5,,,,,,1,,,,,,,,,,,,,,
96591,Renan Lodi,CAM,LAT,4,0,,,,,,,,,,,,,,,,,,,,
96610,Matheus Pereira,CRU,MEI,4,11.1,,,,,,,5,,2,6,,1,,,,,,,,
96652,Allan,COR,MEI,4,0.5,,,,,,,,,,1,,,,,,,,,,
96831,Carlinhos,?,?,4,-1,,1,,,,,,,,,,,,,,,,,,
97341,Rogério Ceni,BAH,TEC,4,0,,,,,,,,,,,,,,,,,,,,
97642,Félix Torres,INT,ZAG,4,6.5,,,,,,4,1,,1,,,,,,,,,,,
97653,Murilo,PAL,ZAG,4,3.9,,,,,,2,1,1,,,,,,,,,,,,
97795,Marcelinho,REM,LAT,4,-0.3,,,,,,,1,,,,,,,,,,,,,
97878,Jacy,CFC,ZAG,4,2.5,,,,,,1,,,,2,,,,,,,,,,
98225,Pedro Raul,COR,ATA,4,0.1,,,,,,,2,,1,,,,,,1,,,,,
98672,Savarino,FLU,MEI,4,9.3,,,,,,,,2,3,3,1,,,,,,,,,
98720,Angileri,COR,LAT,4,2.5,,1,,,,2,,,,1,,,,,,,,,,
98909,Cuello,CAM,ATA,4,9.2,,,,,,6,1,,,1,,,,,,,,,,
99366,Luis Zubeldía,FLU,TEC,4,4.13,,,,,,,,,,,,,,,,,,,,
99789,Brenner,VAS,ATA,4,0,,,,,,,,,,,,,,,,,,,,
99815,Arias,PAL,MEI,4,2.7,,1,,,,1,1,1,1,1,,,,,,,,,,
99889,Alan Franco,?,?,4,5.2,,1,,,,1,1,,,,,,,,,,,,1,
100742,Matheus Henrique,CRU,MEI,5,3,,,,,,1,1,,1,2,,,,,,,,,,
100804,Tchamba,REM,ZAG,5,1.2,,,,,,1,1,,,,,,,,,,,,,
100842,Ruan,CAM,ZAG,5,4.5,,1,,,,,1,,1,,,,,,,,,,1,
101254,Alef Manga,REM,ATA,5,1,,,,,,,1,,1,1,,,,,,,,,,
101314,Ademir,BAH,ATA,5,1.7,,,,,,1,1,,,1,,,,,,,,,,
101393,Eduardo Doma,CHA,ZAG,5,-0.3,,,,,,,1,,,,,,,,,,,,,
101405,Wallisson,MIR,MEI,5,2.5,,,,,,2,3,,,1,,,,,1,,,,,
101574,Hugo Souza,COR,GOL,5,-1.7,,1,,1,,,,,,,,,,2,,,,,,
101594,Hugo Moura,?,?,5,2.5,,,,,,1,,,,2,,,,,,,,,,
101597,Ramon,VIT,LAT,5,8.8,,,,,,1,4,,,1,,1,,,,,,,,
101715,Alerrandro,INT,ATA,5,1.8,,,,,,,,,2,1,,,,,3,,,,,
101727,Matheuzinho,COR,LAT,5,0.2,,,,,,,1,,,1,,,,,,,,,,
101729,Fabinho,CFC,ATA,5,-1.6,,1,,,,,2,,,,,,,,,,,,,
101960,Vitinho,INT,ATA,5,-0.3,,,,,,,1,,,,,,,,,,,,,
102318,Caio Paulista,GRE,LAT,5,2,,,,,,1,,,,1,,,,,,,,,,
102340,Cacá,VIT,ZAG,5,2.7,,,,,,2,1,,,,,,,,,,,,,
102911,Zé Ricardo,REM,MEI,5,1.5,,,,,,1,,,,,,,,,,,,,,
102928,Canobbio,FLU,ATA,5,14.2,,,,,,2,2,,1,,1,1,,,,,,,,
103388,Emmanuel Martínez,VIT,MEI,5,4.5,,,,,,3,5,,,3,,,,,,,,,,
104027,Rafael Guanaes,MIR,TEC,5,0,,,,,,,,,,,,,,,,,,,,
104036,Labyad,COR,MEI,5,0.5,,,,,,,,,,1,,,,,,,,,,
104075,Sabino,SAO,ZAG,5,5.6,,,,,,1,3,,,,,,,,,,,,1,
104084,Carlos Miguel,PAL,GOL,5,3.2,,,,4,,,,,,,,,,2,,,,,,
104085,Bruno Fuchs,PAL,ZAG,5,1.5,,,,,,1,,,,,,,,,,,,,,
104118,Lucas Arcanjo,VIT,GOL,5,10.5,,1,,5,1,,,,,,,,,1,,1,,,,
104134,Fabri,VIT,ATA,5,1.5,,,,,,,1,,1,2,,,,,,,,,,
104257,João Lucas,REM,LAT,5,6.2,,,,,,4,1,,,1,,,,,,,,,,
104470,Everton,CHA,LAT,5,1.4,,,,,,,1,1,,1,,,,,,,,,,
104502,Christian,?,?,5,3.9,,,,,,1,1,,1,4,,,,,1,,,,,
104519,Camilo,CHA,MEI,5,2.9,,,,,,2,2,,,1,,,,,,,,,,
104754,Juan Vojvoda,?,?,5,0,,,,,,,,,,,,,,,,,,,,
104783,Acevedo,BAH,MEI,5,1.8,,,,,,1,4,,,3,,,,,,,,,,
104811,Sebastián Gómez,CFC,MEI,5,1.1,,,,,,1,3,,,1,,,,,,,,,,
105048,Jajá,REM,ATA,5,0.8,,,,,,,1,1,,,,,,,1,,,,,
105068,Reinier,CAM,MEI,5,-0.3,,,,,,,1,,,,,,,,,,,,,
105175,Khellven,PAL,LAT,5,4.4,,,,,,3,2,,,1,,,,,,,,,,
105373,Gabriel Xavier,?,?,5,2.7,,,,,,2,1,,,,,,,,,,,,,
105436,Carrascal,FLA,MEI,5,8.8,,,,,,,,,1,,,1,,,,,,,,
105531,Matheus Bidu,COR,LAT,5,5.4,,,,,,3,2,,,3,,,,,,,,,,
105563,Carlos Vinícius,GRE,ATA,5,12.7,,,,,,,2,2,,,1,1,,,1,,,,,
105584,Lucas Piton,VAS,LAT,5,1.5,,,,,,1,,,,,,,,,,,,,,
105664,Walter Clar,?,?,5,-0.3,,,,,,,1,,,,,,,,,,,,,
105842,Edu,VIT,ZAG,5,1.5,,,,,,1,,,,,,,,,,,,,,
105949,Rochet,INT,GOL,5,1.6,,,,2,,,,,,,,,,1,,,,,,
105990,Santiago Mingo,BAH,ZAG,5,-1.6,,1,,,,,2,,,,,,,,,,,,,
106104,Enamorado,GRE,ATA,5,8.2,1,1,,,,,3,1,3,3,,,,,,,,,,
106202,Bruno Gomes,INT,MEI,5,1.5,,,,,,1,,,,,,,,,,,,,,
106294,Marcos Antônio,SAO,MEI,5,8.7,1,,,,,1,3,1,,4,,,,,1,,,,,
106302,Preciado,CAM,LAT,5,7.5,,,,,,1,1,,1,1,,,,,,,,,1,
106434,Eduardo Santos,RBB,ZAG,5,0,,,,,,,,,,,,,,,,,,,,
106593,Villalba,CRU,ZAG,5,1.2,,,,,,1,1,,,,,,,,,,,,,
106822,Rodrigo Nestor,BAH,MEI,5,5.2,,,,,,2,1,1,1,1,,,,,,,,,,
107093,Luciano Juba,BAH,LAT,5,2.4,,,,,,1,1,1,,,,,,,,,,,,
107172,Patrick de Paula,?,?,5,5.9,,1,,,,3,1,1,,3,,,,,,,,,,
107173,Michel Araújo,BAH,MEI,5,0,,,,,,,,,,,,,,,,,,,,
107174,Bruno Tabata,?,?,5,1.3,,,,,,,1,1,,1,,,,,1,,,,,
107873,Bobadilla,SAO,MEI,5,13,1,,,,,2,,1,1,,1,,,,,,,,,
107989,Carbonero,INT,ATA,5,8.5,,,,,,1,,3,3,2,,,,,,,,,,
108133,Isidro Pitta,RBB,ATA,5,-0.3,,,,,,,1,,,,,,,,,,,,,
108162,Nardoni,GRE,MEI,5,1.2,,,,,,1,1,,,,,,,,,,,,,
109127,Tiago Cóser,CFC,ZAG,5,4.7,,,,,,,1,,,,,,,,,,,,1,
109336,Rafael Carvalheira,CHA,MEI,5,-1.9,,1,,,,,3,,,,,,,,,,,,,
109401,Erick Pulga,BAH,ATA,5,1.5,,,,,,,,,,1,,,,,,,,1,,
109573,Martinelli,FLU,MEI,5,0.2,,,,,,,2,,1,,,,,,,,,,,
109966,Monsalve,GRE,MEI,5,0.5,,,,,,,1,,1,,,,,,,,,,,
110144,Spinelli,VAS,ATA,5,0.9,,,,,,1,2,,,,,,,,,,,,,
110426,Bernabei,INT,LAT,5,2.3,,1,,,,,3,2,1,2,,,,,,,,,,
110506,Abel Ferreira,PAL,TEC,5,4.32,,,,,,,,,,,,,,,,,,,,
110510,Aguirre,INT,LAT,5,2.2,,,,,,1,2,,1,1,,,,,,,,,,
110708,Pedro Rangel,CFC,GOL,5,6.8,,,,1,,,,,,1,,,,,,,,,1,
110715,Andrés Hurtado,RBB,LAT,5,8.1,,,,,,3,,1,3,,,,,,,,,,,
110750,Gustavo Marques,RBB,ZAG,5,5,,,,,,3,,,,1,,,,,,,,,,
110759,John Kennedy,FLU,ATA,5,13.9,,,,,,1,1,3,1,1,,1,,,2,,,,,
111309,Gustavo Martins,GRE,ZAG,5,1.7,,,,,,,,1,,1,,,,,,,,,,
111466,Victor Gabriel,INT,ZAG,5,0.5,,1,,,,2,5,,,,,,,,,,,,,
111682,Adson,VAS,MEI,5,3.1,,,,,,1,,,2,,,,,,,,,,,
111690,Matheus Cunha,INT,GOL,5,0.3,,,,1,,,,,,,,,,1,,,,,,
111829,Kayky,INT,ATA,5,3.2,,,,,,1,,1,,1,,,,,,,,,,
111832,Jefté,PAL,LAT,5,-0.6,,,,,,,2,,,,,,,,,,,,,
112576,Vini Paulista,CFC,MEI,5,0,,,,,,,,,,,,,,,,,,,,
112709,Kaiki Bruno,?,?,5,4.7,,,,,,3,1,,,1,,,,,,,,,,
112863,Ramón Sosa,PAL,ATA,5,-0.3,,,,,,,1,,,,,,,,,,,,,
112886,Lucas Barbosa,RBB,ATA,5,-0.2,,1,,,,,7,1,1,2,,,,,1,,,,,
113034,Freytes,FLU,ZAG,5,6.2,,,,,,1,1,,,,,,,,,,,,1,
113103,Flaco López,PAL,ATA,5,8,,,,,,,3,,,2,,1,,,1,,,,,
113125,Picco,REM,MEI,5,0.5,,,,,,,1,,1,,,,,,,,,,,
113157,Nathan Mendes,VIT,LAT,5,2.2,,,,,,1,1,,,2,,,,,,,,,,
113359,Pablo Maia,SAO,MEI,5,-0.6,,,,,,,2,,,,,,,,,,,,,
113397,Cristian Olivera,BAH,ATA,5,1.4,,,,,,,2,,,4,,,,,,,,,,
114040,Minda,CAM,ATA,5,1.7,,,,,,,,1,,1,,,,,,,,,,
115479,Paulo Pezzolano,INT,TEC,5,3.62,,,,,,,,,,,,,,,,,,,,
116034,Victor Hugo,CAM,MEI,5,3.5,,,,,,2,,,,1,,,,,,,,,,
116065,Cuiabano,VAS,LAT,5,13.7,,,,,,3,,1,,,,1,,,,,,,,
116066,Rubens,CHA,ATA,5,0.5,,,,,,,,,,1,,,,,,,,,,
116447,Hércules,FLU,MEI,5,1.1,,1,,,,2,3,,,,,,,,,,,,,
116461,Jamerson,VIT,LAT,5,0,,,,,,,,,,,,,,,,,,,,
116706,Andrés Gómez,VAS,ATA,5,11.5,,,,,,3,,2,2,6,,,,,,,,,,
117330,Robert Renan,VAS,ZAG,5,1.2,,,,,,1,1,,,,,,,,,,,,,
117632,Garro,COR,MEI,5,1.1,,,,,,,2,1,,1,,,,,,,,,,
117910,Breno Bidon,COR,MEI,5,1.7,,,,,,,2,,1,3,,,,,,,,,,
117930,Lavega,CFC,ATA,5,3.4,,,,,,2,1,,1,,,,,,1,,,,,
117965,Martín Anselmi,?,?,5,0,,,,,,,,,,,,,,,,,,,,
118563,Rodriguinho,RBB,MEI,5,7.6,,1,,,,,1,,,2,,1,,,1,,,,,
118655,Saldivia,VAS,ZAG,5,0.5,,,,,,,,,,1,,,,,,,,,,
122138,João Vitor,?,?,5,2.1,,,,,,,,,2,1,,,,,,,,,,
122394,Gustavinho,RBB,MEI,5,1.2,,,,,,1,1,,,,,,,,,,,,,
122485,Barros,VAS,MEI,5,2,,,,,,1,,,,1,,,,,,,,,,
122573,Wallace Yan,FLA,ATA,5,-0.3,,,,,,,1,,,,,,,,,,,,,
122660,Japa,MIR,MEI,5,3.3,,,,,,1,,,1,2,,,,,,,,,,
123360,Cauly,SAO,MEI,5,0,,,,,,,,,,,,,,,,,,,,
123625,Ítalo,?,?,5,2,,,,,,1,,,,1,,,,,,,,,,
123648,Lucas Ronier,CFC,ATA,5,17.5,,1,,,,6,1,,1,2,,1,,,,,,,,
123738,Herrera,RBB,ATA,5,7.1,,,,,,3,1,2,,1,,,,,,,,,,
123744,Alan Rodríguez,?,?,5,3,,,,,,1,2,,2,1,,,,,,,,,,
124239,Henry Mosquera,RBB,ATA,5,4.3,,1,,,,1,,1,2,2,,,,,,,,,,
124424,Rodrigo Castillo,FLU,ATA,5,2.7,,,,,,1,,,1,1,,,,,1,,,,,
124526,Giay,PAL,LAT,5,0.5,,,,,,,,,,1,,,,,,,,,,
124661,Iván Román,CAM,ZAG,5,8.6,,,,,,3,3,,,,,,,,,,,,1,
125467,Viery,?,?,5,1.7,,,,,,1,1,,,1,,,,,,,,,,
126182,Paulinho,INT,MEI,5,8.2,,,,,,4,2,,1,4,,,,,,,,,,
126189,Tomás Pérez,CAM,MEI,5,-0.3,,,,,,,1,,,,,,,,,,,,,
126977,Fernando Seabra,CFC,TEC,5,8.79,,,,,,,,,,,,,,,,,,,,1
128433,Johan Rojas,VAS,MEI,5,0.9,,,,,,,1,1,,,,,,,,,,,,
130048,Noriega,GRE,ZAG,5,3.2,,,,,,2,1,,,1,,,,,,,,,,
130612,Luighi,?,?,5,0.7,,1,,,,1,2,,1,,,,,,,,,,,
131516,JP Chermont,CFC,LAT,5,5.7,,,,,,,1,,,2,,,,,,,,,1,
131617,André Silva,SAO,ATA,5,1,,,,,,,,,,2,,,,,,,,,,
131967,Villarreal,CRU,ATA,5,3.7,,,,,,1,,1,,2,,,,,,,,,,
132071,Serna,FLU,ATA,5,-0.3,,,,,,,1,,,,,,,,,,,,,
132264,Arroyo,CRU,ATA,5,-0.3,,,,,,,1,,,,,,,,,,,,,
132274,Ignacio Sosa,RBB,MEI,5,0.5,,,,,,,,,,1,,,,,,,,,,
132553,Jemmes,FLU,ZAG,5,9.2,,,,,,3,1,,,,,,,,,,,,1,
133543,Gui Negão,COR,ATA,5,2.7,,,,,,2,1,,,,,,,,,,,,,
136955,Sanabria,BAH,ATA,5,3,,,,,,,,1,1,2,,,,,,,,,,
140726,David Martins,BAH,MEI,5,0,,,,,,,,,,,,,,,,,,,,
141451,Allan,PAL,MEI,5,-0.1,,1,,,,,1,1,,,,,,,,,,,,
141595,Gabriel Mec,GRE,ATA,5,4.3,,,,,,2,,,1,1,,,,,,,,,,
141995,Dieguinho,COR,MEI,5,1.3,,,,,,,,,1,1,,,,,,,,,,
142279,Nuno Moreira,VAS,MEI,5,0.5,,,,,,,,,,1,,,,,,,,,,
143173,Leonel Pérez,GRE,MEI,5,-0.3,,,,,,,1,,,,,,,,,,,,,
145404,Arthur,PAL,LAT,5,0,,,,,,,,,,,,,,,,,,,,
145659,Nicolas,SAO,LAT,5,5,,,,,,,,,,,,,,,,,,,1,
145744,André,COR,MEI,5,3.1,,,,,,1,,,2,,,,,,,,,,,
146040,João Pedro,?,?,5,-0.5,,1,,,,,1,,1,,,,,,,,,,,
147546,Roger,GRE,MEI,5,1.2,,,,,,1,1,,,,,,,,,,,,,
147864,Rafael Monti,REM,ATA,5,0,,,,,,,,,,,,,,,,,,,,
37457,Léo Condé,REM,TEC,5,2.68,,,,,,,,,,,,,,,,,,,,
37656,Fábio,FLU,GOL,5,8.9,,,,3,,,,,,,,,,,,,,,1,
39148,Hulk,FLU,ATA,5,8.2,1,,,,,,3,1,,6,,,,,1,,,,,
39656,Alan Franco,CAM,MEI,5,3.9,,,,,,3,2,,,,,,,,,,,,,
39850,Vagner Mancini,RBB,TEC,5,4.79,,,,,,,,,,,,,,,,,,,,
40990,Dorival Júnior,SAO,TEC,5,2.37,,,,,,,,,,,,,,,,,,,,
41929,Renato Gaúcho,?,?,5,6.95,,,,,,,,,,,,,,,,,,,,1
42234,Cássio,CRU,GOL,5,1.6,,,,2,,,,,,,,,,1,,,,,,
42500,Fagner,CRU,LAT,5,-1.1,,1,,,,,2,,,1,,,,,,,,,,
45125,Tite,?,?,5,2.73,,,,,,,,,,,,,,,,,,,,
61987,Alex Sandro,FLA,LAT,5,4.9,,,,,,,2,,,1,,,,,,,,,1,
68685,Alan Patrick,INT,MEI,5,2.2,,,,,,1,1,,,2,,,,,,,,,,
68920,Dudu,CAM,ATA,5,0,,,,,,,,,,,,,,,,,,,,
68928,Rafael,SAO,GOL,5,6.3,,,,1,,,,,,,,,,,,,,,1,
68938,Giovanni Augusto,CHA,MEI,5,1.2,,,,,,1,1,,,,,,,,,,,,,
68952,Marinho,VIT,ATA,5,3.6,,,,,,1,1,,2,2,,,,,2,,,,,
68996,Willian José,BAH,ATA,5,2.7,1,,,,,,,1,,1,,,,,,,1,,,
69208,Gabriel Paulista,COR,ZAG,5,5.5,,,,,,3,1,,1,1,,,,,,,,,,
70164,Lucas Moura,SAO,MEI,5,1.8,,,,,,,1,,2,1,,,,,,,,,,
70360,Eduardo Sasha,RBB,ATA,5,2.8,,,,,,,,1,2,,,,,,,,,,,
70592,Felipe Anderson,PAL,MEI,5,5.4,,,,,,4,2,,,,,,,,,,,,,
70666,Marllon,REM,ZAG,5,3.2,,,,,,2,1,,,1,,,,,,,,,,
70944,Bruno Henrique,INT,MEI,5,0,,,,,,,,,,,,,,,,,,,,
70958,Jean Carlos,?,?,5,2.5,,,,,,1,,,,2,,,,,,,,,,
71043,Léo Vieira,BAH,GOL,5,4.5,,,,5,,,,,,,,,,2,,,,,,
71123,Thiago Mendes,VAS,MEI,5,10.8,,1,,,,2,,,1,,,1,,,,,,,,
71227,Maicon,CFC,ZAG,5,7,,,,,,1,,,,1,,,,,,,,,1,
71631,Weverton,GRE,GOL,5,6.7,,,,5,,,,1,,,,,,1,,,,,,
71684,Gustavo Gómez,PAL,ZAG,5,1.7,,,,,,1,2,,1,,,,,,,,,,,
72294,Everson,CAM,GOL,5,15.9,,,,8,,,,,,1,,,,,,,,,1,
72605,Vitor Hugo,CAM,ZAG,5,4,,1,,,,,,,,,,,,,,,,,1,
73384,Samuel Xavier,FLU,LAT,5,9.6,,,,,,2,1,,,4,,,,,1,,,,1,
73481,Gilmar Dal Pozzo,?,?,5,1.32,,,,,,,,,,,,,,,,,,,,
77485,Carrillo,COR,MEI,5,-1.6,,1,,,,,2,,,,,,,,,,,,,
78117,Everaldo,BAH,ATA,5,0.2,,,,,,,1,,,1,,,,,,,,,,
78248,Gustavo Henrique,COR,ZAG,5,3.6,,,,,,1,,,2,1,,,,,,,,,,
78435,Vitinho,COR,ATA,5,1.7,,,,,,1,1,,,1,,,,,,,,,,
78445,Renê,FLU,LAT,5,12.9,1,,,,,1,1,1,,1,,,,,,,,,1,
78605,Gabriel,RBB,MEI,5,0.2,,,,,,,1,,,1,,,,,,,,,,
78855,Thiago Santos,CFC,ZAG,5,6.5,,,,,,1,,,,,,,,,,,,,1,
79437,Roger Machado,?,?,5,9.87,,,,,,,,,,,,,,,,,,,,1
79701,Lucas Silva,CRU,MEI,5,0.5,,,,,,,,,,1,,,,,,,,,,
80196,Yago Pikachu,REM,MEI,5,3,,,,,,2,,,,,,,,,,,,,,
80287,Luciano,SAO,ATA,5,9.8,,,,,,,1,1,,2,,1,,,1,,,,,
80570,Wendell,SAO,LAT,5,7.4,,,,,,2,2,,,,,,,,,,,,1,
81845,Alisson,FLU,MEI,5,0.5,,,,,,,,,,1,,,,,,,,,,
82463,Otávio,FLU,MEI,5,1.5,,,,,,1,,,,,,,,,,,,,,
82627,Luiz Araújo,FLA,ATA,5,0,,,,,,,,,,,,,,,,,,,,
82730,Marcelo Rangel,REM,GOL,5,4.5,,,,5,,,,,,,,,,2,,,,,,
82775,Lucas Ramon,SAO,LAT,5,11.2,,,,,,3,,1,,1,,,,,,,,,1,
83433,Patrick,REM,MEI,5,0.5,,,,,,,,,,1,,,,,,,,,,
83528,Léo Pereira,FLA,ZAG,5,4.9,,1,,,,1,2,,,,,,,,,,,,1,
84339,Bruno Melo,CFC,LAT,5,5.5,,,,,,,,,,1,,,,,,,,,1,
84626,Josué,CFC,MEI,5,12.7,2,,,,,,1,1,1,2,,,,,,,,,,
84674,Lucas Evangelista,PAL,MEI,5,0,,,,,,,,,,,,,,,,,,,,
84735,Jorginho,FLA,MEI,5,2.4,,,,,,2,2,,,,,,,,,,,,,
84816,Varela,FLA,LAT,5,5,,,,,,,,,,,,,,,,,,,1,
85048,Memphis Depay,COR,ATA,5,-0.1,,,,,,,2,,,1,,,,,,,,,,
85403,Danielzinho,SAO,MEI,5,3.6,,,,,,1,,,2,1,,,,,,,,,,
86292,Bolasie,CHA,ATA,5,2.2,,,,,,,1,,,5,,,,,,,,,,
86686,Tchê Tchê,VAS,MEI,5,0,,1,,,,,1,,1,1,,,,,,,,,,
86757,Everton,FLA,ATA,5,2,,,,,,1,1,,1,,,,,,,,,,,
87008,Léo Jardim,VAS,GOL,5,1.6,,,,2,,,,,,,,,,1,,,,,,
87225,Pedro Henrique,RBB,ZAG,5,5.5,,,,,,3,,,,2,,,,,,,,,,
87258,Soteldo,FLU,ATA,5,0.5,,,,,,,,,,1,,,,,,,,,,
87552,Vitor Bueno,REM,MEI,5,1.7,,,,,,,,1,,1,,,,,,,,,,
87863,Arrascaeta,FLA,MEI,5,9.3,,,,,,2,,1,2,1,1,,,,,,,,,
87999,Gustavo Scarpa,CAM,MEI,5,1.3,,,,,,,,,1,1,,,,,,,,,,
88037,Luís Castro,GRE,TEC,5,4.41,,,,,,,,,,,,,,,,,,,,
88293,Neto Pessoa,CHA,ATA,5,2.8,,,,,,1,,,1,1,,,,,,,,,,
88963,Leonardo Jardim,FLA,TEC,5,9.46,,,,,,,,,,,,,,,,,,,,1
89256,Gerson,CRU,MEI,5,2.7,,,,,,1,1,,,3,,,,,,,,,,
89274,Andreas Pereira,PAL,MEI,5,4.4,,,,,,2,2,1,1,,,,,,,,,,,
89837,Lucho Acosta,FLU,MEI,5,6.4,1,,,,,,1,1,,1,,,,,,,,,,
89840,Calleri,SAO,ATA,5,12.1,,,,,,2,,1,,,,1,,,1,,,,,
89883,Dodi,GRE,MEI,5,0,,,,,,,,,,,,,,,,,,,,
90302,Pedro Rocha,CFC,ATA,5,1,,,,,,1,3,,,1,,,,,1,,,,,
90309,David,VAS,ATA,5,5,1,,,,,,,,,,,,,,,,,,,
90588,Caíque,VIT,MEI,5,2.7,,,,,,2,1,,,,,,,,,,,,,
90608,Chico da Costa,CRU,ATA,5,0.9,,,,,,,1,1,,,,,,,,,,,,
90703,Matheuzinho,VIT,MEI,5,4.2,,,,,,1,,1,,3,,,,,,,,,,
90768,Fabrício Bruno,CRU,ZAG,5,1,,1,,,,,,1,1,,,,,,,,,,,
91101,Ronaldo,BAH,GOL,5,0.3,,,,1,,,,,,,,,,1,,,,,,
91473,Erick Pulgar,FLA,MEI,5,2.1,,1,,,,1,2,1,,2,,,,,,,,,,
91573,Arboleda,SAO,ZAG,5,6.5,,,,,,1,,,,,,,,,,,,,1,
91706,Marlon,GRE,LAT,5,2.4,,1,,,,1,2,,,5,,,,,,,,,,
91908,Pavón,GRE,ATA,5,3,,,,,,2,,,,,,,,,,,,,,
92180,Jair Ventura,VIT,TEC,5,4.45,,,,,,,,,,,,,,,,,,,,
92273,Odair Hellmann,CAP,TEC,5,0,,,,,,,,,,,,,,,,,,,,
92696,Renato Kayzer,VIT,ATA,5,-0.1,,,,,,,2,,,1,,,,,,,,,,
92747,Eduardo Domínguez,CAM,TEC,5,7.39,,,,,,,,,,,,,,,,,,,,1
92854,Borré,?,?,5,1.4,,,,,,,1,1,,1,,,,,,,,,,
93411,Cantalapiedra,?,?,5,0.5,,,,,,,,,,1,,,,,,,,,,
93478,Wanderson,CRU,ATA,5,0,,,,,,,,,,,,,,,,,,,,
93716,Paulo Henrique,VAS,LAT,5,9.7,1,,,,,2,1,,,4,,,,,,,,,,
93790,Marlon Freitas,PAL,MEI,5,8,1,,,,,2,,,,,,,,,,,,,,
93882,Cleiton,RBB,GOL,5,2.9,,,,3,,,,,,,,,,1,,,,,,
93988,Breno Lopes,CFC,ATA,5,-0.1,,,,,,,2,,,1,,,,,,,,,,
94067,Matheus Fernandes,RBB,MEI,5,0.8,,,,,,,,,1,,,,,,,,,,,
94583,Pedro,FLA,ATA,5,19.4,,,,,,6,1,1,,3,,1,,,,,,,,
94930,Lucas Paquetá,FLA,MEI,5,6.3,,,,,,3,5,,1,5,,,,,,,,,,
94968,Juninho Capixaba,RBB,LAT,5,7.2,1,1,,,,2,1,,,1,,,,,,,,,,
95332,Marcinho,CHA,ATA,5,-0.3,,,,,,,1,,,,,,,,,,,,,
95362,Cassierra,CAM,ATA,5,0.5,,,,,,,,,,1,,,,,,,,,,
95620,Bruno Leonardo,CHA,ZAG,5,0,,,,,,,,,,,,,,,,,,,,
96591,Renan Lodi,CAM,LAT,5,7.7,,,,,,,2,,1,5,,,,,,,,,1,
96610,Matheus Pereira,CRU,MEI,5,4.6,,,,,,1,4,1,2,3,,,,,,,,,,
96652,Allan,COR,MEI,5,1.5,,,,,,1,,,,,,,,,,,,,,
96793,Camutanga,VIT,ZAG,5,0.8,,,,,,,,,1,,,,,,,,,,,
96870,Emerson Royal,FLA,LAT,5,5.2,,,,,,,2,,1,,,,,,,,,,1,
97341,Rogério Ceni,BAH,TEC,5,4.26,,,,,,,,,,,,,,,,,,,,
97432,Victor Caetano,CHA,ZAG,5,-0.3,,,,,,,1,,,,,,,,,,,,,
97642,Félix Torres,INT,ZAG,5,2.4,,,,,,2,2,,,,,,,,,,,,,
97810,Erick,VIT,ATA,5,0,,,,,,,,,,,,,,,,,,,,
97867,Léo Ortiz,FLA,ZAG,5,7.7,,,,,,,1,,,,1,,,,,,,,1,
97878,Jacy,CFC,ZAG,5,13,,,,,,,,,,,,1,,,,,,,1,
98022,Erick,BAH,MEI,5,9.2,,,,,,1,2,,1,3,2,,,,,,,,,
98225,Pedro Raul,COR,ATA,5,0.7,,,,,,,1,,,2,,,,,,,,,,
98517,Jean Lucas,BAH,MEI,5,11.9,,,,,,1,2,1,1,2,,1,,,,,,,,
98672,Savarino,FLU,MEI,5,2.2,,,,,,1,,,1,,,,,,1,,,,,
98720,Angileri,COR,LAT,5,0.5,,,,,,,,,,1,,,,,,,,,,
98873,Samuel Lino,FLA,ATA,5,4.7,1,,,,,,1,,,,,,,,,,,,,
98909,Cuello,CAM,ATA,5,11.8,,,,,,3,2,,,,,1,,,1,,,,,
99366,Luis Zubeldía,FLU,TEC,5,9.9,,,,,,,,,,,,,,,,,,,,1
99440,Baralhas,VIT,MEI,5,5.6,,,,,,4,3,,,1,,,,,,,,,,
99552,Rossi,FLA,GOL,5,10.7,,,,4,,,,,,1,,,,,,,,,1,
99815,Arias,PAL,MEI,5,10.7,,,,,,7,1,,,1,,,,,,,,,,
99889,Alan Franco,?,?,5,6.2,,,,,,1,1,,,,,,,,,,,,1,
100742,Matheus Henrique,CRU,MEI,6,4.3,,,,,,2,,,1,1,,,,,,,,,,
100804,Tchamba,REM,ZAG,6,0.2,,,,,,,1,,,1,,,,,,,,,,
100842,Ruan,CAM,ZAG,6,2.7,,1,,,,2,1,,,2,,,,,,,,,,
100898,Vitinho,BOT,LAT,6,4.7,,,,,,3,1,,,1,,,,,,,,,,
101002,Júnior Santos,BOT,ATA,6,2,,,,,,1,,,,1,,,,,,,,,,
101254,Alef Manga,REM,ATA,6,1.6,,,,,,,1,,2,1,,,,,2,,,,,
101290,Ferreira,SAO,ATA,6,0,,,,,,,,,,,,,,,,,,,,
101314,Ademir,BAH,ATA,6,0.4,,,,,,,,,,1,,,,,1,,,,,
101393,Eduardo Doma,CHA,ZAG,6,1.8,,1,,,,1,1,,2,,,,,,,,,,,
101405,Wallisson,MIR,MEI,6,3.4,,,,,,2,2,,,2,,,,,,,,,,
101574,Hugo Souza,COR,GOL,6,4.2,,,,4,,,,,,,,,,1,,,,,,
101594,Hugo Moura,?,?,6,2.3,,,,,,1,,,1,,,,,,,,,,,
101597,Ramon,VIT,LAT,6,7.9,,,,,,2,2,,,1,,,,,,,,,1,
101715,Alerrandro,INT,ATA,6,2.6,,,,,,,,,2,2,,,,,,,,,,
101727,Matheuzinho,COR,LAT,6,6,,,,,,3,1,,1,2,,,,,,,,,,
101729,Fabinho,CFC,ATA,6,0,,,,,,,,,,,,,,,,,,,,
101807,Oliva,SAN,MEI,6,7,,,,,,4,1,,1,1,,,,,,,,,,
101908,Willian Machado,MIR,ZAG,6,3.5,,,,,,1,1,,1,3,,,,,,,,,,
101960,Vitinho,INT,ATA,6,1.4,,,,,,,1,1,,1,,,,,,,,,,
102130,Piquerez,PAL,LAT,6,5.5,,,,,,,,,,1,,,,,,,,,1,
102256,Rollheiser,SAN,MEI,6,-1.3,,1,,,,,1,,,,,,,,,,,,,
102318,Caio Paulista,GRE,LAT,6,2,,,,,,1,,,,1,,,,,,,,,,
102340,Cacá,VIT,ZAG,6,6.5,,,,,,1,,,,,,,,,,,,,1,
102667,Nathan Fogaça,?,?,6,1.7,,,,,,,1,1,1,,,,,,,,,,,
102796,Julimar,?,?,6,1.5,,,,,,1,,,,,,,,,,,,,,
102911,Zé Ricardo,REM,MEI,6,7,,,,,,4,1,,1,1,,,,,,,,,,
102928,Canobbio,FLU,ATA,6,10.4,,,,,,1,1,1,,,,1,,,,,,,,
103056,Gabriel Brazão,SAN,GOL,6,2.9,,,,3,,,,,,,,,,1,,,,,,
103388,Emmanuel Martínez,VIT,MEI,6,6.7,,,,,,3,1,,,5,,,,,,,,,,
103523,Ignácio,FLU,ZAG,6,9.3,,,,,,3,,,1,2,1,,,,,,,,,
103767,Gabriel Menino,SAN,MEI,6,3,,,,,,2,,,,,,,,,,,,,,
103987,Higor Meritão,?,?,6,3.6,,,,,,3,3,,,,,,,,,,,,,
104027,Rafael Guanaes,MIR,TEC,6,1.93,,,,,,,,,,,,,,,,,,,,
104075,Sabino,SAO,ZAG,6,10.4,,,,,,1,3,,1,2,,1,,,,,,,,
104084,Carlos Miguel,PAL,GOL,6,7.1,,1,,2,,,,,,1,,,,,,,,,1,
104085,Bruno Fuchs,PAL,ZAG,6,4.4,,,,,,,2,,,,,,,,,,,,1,
104118,Lucas Arcanjo,VIT,GOL,6,8.9,,,,3,,,,,,,,,,,,,,,1,
104134,Fabri,VIT,ATA,6,0,,,,,,,,,,,,,,,,,,,,
104191,Raul,?,?,6,0.9,,,,3,,,,,,,,,,3,,,,,,
104257,João Lucas,REM,LAT,6,-0.8,,1,,,,,1,,,1,,,,,,,,,,
104470,Everton,CHA,LAT,6,1.2,,1,,,,1,2,,1,1,,,,,,,,,,
104502,Christian,?,?,6,11.7,,,,,,2,1,,,2,,1,,,,,,,,
104693,Newton,SAO,MEI,6,0.5,,,,,,,,,,1,,,,,,,,,,
104754,Juan Vojvoda,?,?,6,3.98,,,,,,,,,,,,,,,,,,,,
104758,Enzo Díaz,SAO,LAT,6,1.9,,1,,,,1,2,,,4,,,,,,,,,,
104783,Acevedo,BAH,MEI,6,4.9,,,,,,3,2,,,2,,,,,,,,,,
104811,Sebastián Gómez,CFC,MEI,6,4.3,,1,,,,2,3,2,1,,,,,,,,,,,
105048,Jajá,REM,ATA,6,6.1,,1,,,,2,1,,3,4,,,,,,,,,,
105068,Reinier,CAM,MEI,6,2.7,,,,,,,1,1,1,2,,,,,,,,,,
105089,Tetê,GRE,ATA,6,6.8,,,,,,,,1,2,2,1,,,,,,,,,
105300,Ferraresi,BOT,ZAG,6,2.7,,,,,,2,1,,,,,,,,,,,,,
105373,Gabriel Xavier,?,?,6,6.3,,,,,,,,,1,1,,,,,,,,,1,
105436,Carrascal,FLA,MEI,6,8.6,,,,,,4,,,2,2,,,,,,,,,,
105518,Renan Peixoto,CAP,ATA,6,0,,,,,,,,,,,,,,,,,,,,
105531,Matheus Bidu,COR,LAT,6,0.9,,,,,,,2,,,3,,,,,,,,,,
105563,Carlos Vinícius,GRE,ATA,6,0.8,,,,,,,,,1,,,,,,,,,,,
105584,Lucas Piton,VAS,LAT,6,0,,,,,,,,,,,,,,,,,,,,
105647,Maurício,PAL,MEI,6,6.6,1,,,,,,,,2,,,,,,,,,,,
105664,Walter Clar,?,?,6,8.2,,,,,,,1,,,1,,1,,,,,,,,
105903,Aldo Filho,MIR,MEI,6,1.4,,,,,,1,2,,,1,,,,,,,,,,
105949,Rochet,INT,GOL,6,3.1,,,,2,,1,,,,,,,,1,,,,,,
105990,Santiago Mingo,BAH,ZAG,6,5.2,,,,,,,1,,,1,,,,,,,,,1,
106104,Enamorado,GRE,ATA,6,0,,,,,,,,,,,,,,,,,,,,
106202,Bruno Gomes,INT,MEI,6,0.5,,,,,,,,,,1,,,,,,,,,,
106294,Marcos Antônio,SAO,MEI,6,3.5,,,,,,2,,,,1,,,,,,,,,,
106302,Preciado,CAM,LAT,6,3.2,,1,,,,2,2,,1,2,,,,,,,,,,
106323,Caio Alexandre,BAH,MEI,6,3,,,,,,2,,,,,,,,,,,,,,
106593,Villalba,CRU,ZAG,6,0.5,,,,,,,1,,1,,,,,,,,,,,
106708,Igor Formiga,MIR,LAT,6,4.7,,,,,,3,2,,1,,,,,,,,,,,
106822,Rodrigo Nestor,BAH,MEI,6,1.2,,,,,,,2,,1,2,,,,,,,,,,
107093,Luciano Juba,BAH,LAT,6,4.2,,1,,,,,1,,,1,,,,,,,,,1,
107173,Michel Araújo,BAH,MEI,6,2.7,,,,,,2,1,,,,,,,,,,,,,
107231,Danilo,BOT,MEI,6,3.5,,,,,,2,1,,1,,,,,,,,,,,
107873,Bobadilla,SAO,MEI,6,2.2,,1,,,,2,1,,,1,,,,,,,,,,
107985,Terán,CAP,ZAG,6,2.5,,,,,,1,,,,2,,,,,,,,,,
107989,Carbonero,INT,ATA,6,2.1,,,,,,,1,,,5,,,,,1,,,,,
108133,Isidro Pitta,RBB,ATA,6,1.6,,,,,,,,,2,,,,,,,,,,,
108162,Nardoni,GRE,MEI,6,11,,,,,,1,,,,3,,1,,,,,,,,
108469,Adonis Frías,SAN,ZAG,6,4.2,,,,,,3,1,,,,,,,,,,,,,
108683,Emiliano Martínez,PAL,MEI,6,0,,,,,,,,,,,,,,,,,,,,
109096,Plata,FLA,ATA,6,1.2,,,,,,,,1,,,,,,,,,,,,
109127,Tiago Cóser,CFC,ZAG,6,4.7,,,,,,,1,,,,,,,,,,,,1,
109336,Rafael Carvalheira,CHA,MEI,6,5.7,,,,,,4,1,,,,,,,,,,,,,
109401,Erick Pulga,BAH,ATA,6,3.9,,,,,,2,,,,2,,,,,1,,,,,
109573,Martinelli,FLU,MEI,6,1.7,,,,,,1,1,,,1,,,,,,,,,,
109966,Monsalve,GRE,MEI,6,-0.8,,1,,,,,1,,,1,,,,,,,,,,
109987,Medina,BOT,MEI,6,2.9,,,,,,1,3,,1,3,,,,,,,,,,
110426,Bernabei,INT,LAT,6,6.5,,,,,,2,2,1,3,1,,,,,,,,,,
110506,Abel Ferreira,PAL,TEC,6,7.29,,,,,,,,,,,,,,,,,,,,1
110510,Aguirre,INT,LAT,6,1.4,,1,,,,2,2,,,,,,,,,,,,,
110605,Vinícius Balieiro,CHA,MEI,6,0,,,,,,,,,,,,,,,,,,,,
110668,Esquivel,CAP,LAT,6,8.5,1,,,,,2,,,,1,,,,,,,,,,
110708,Pedro Rangel,CFC,GOL,6,6.3,,,,1,,,,,,,,,,,,,,,1,
110715,Andrés Hurtado,RBB,LAT,6,0,,,,,,,,,,,,,,,,,,,,
110750,Gustavo Marques,RBB,ZAG,6,1.2,,,,,,,2,,1,2,,,,,,,,,,
110759,John Kennedy,FLU,ATA,6,3.8,,,,,,1,3,2,1,,,,,,,,,,,
111246,Alix Vinicius,RBB,ZAG,6,2.7,,,,,,2,1,,,,,,,,,,,,,
111466,Victor Gabriel,INT,ZAG,6,-0.2,,1,,,,1,4,,,1,,,,,,,,,,
111690,Matheus Cunha,INT,GOL,6,-0.4,,,,2,,,,,,,,,,3,,,,,,
111831,Matheus Martins,BOT,ATA,6,1.2,,,,,,,,1,,,,,,,,,,,,
111951,Renzo López,?,?,6,-0.2,,,,,,,4,,,2,,,,,,,,,,
112017,Felipinho,CAP,MEI,6,1.5,,,,,,1,,,,,,,,,,,,,,
112576,Vini Paulista,CFC,MEI,6,0,,,,,,,,,,,,,,,,,,,,
112709,Kaiki Bruno,?,?,6,12,1,,,,,4,,,,2,,,,,,,,,,
112886,Lucas Barbosa,RBB,ATA,6,2.6,,1,,,,2,3,,,3,,,,,,,,,,
113034,Freytes,FLU,ZAG,6,0.2,,,,,,,1,,,1,,,,,,,,,,
113103,Flaco López,PAL,ATA,6,12.7,,,,,,1,4,,3,4,,1,,,,,,,,
113113,Benavídez,CAP,LAT,6,2,,,,,,1,,,,1,,,,,,,,,,
113125,Picco,REM,MEI,6,1.9,,,,,,1,4,,2,,,,,,,,,,,
113157,Nathan Mendes,VIT,LAT,6,8.9,,,,,,3,2,,,,,,,,,,,,1,
113359,Pablo Maia,SAO,MEI,6,0.5,,,,,,,,,,1,,,,,,,,,,
113397,Cristian Olivera,BAH,ATA,6,2.4,,,,,,,1,,1,4,,,,,1,,,,,
114040,Minda,CAM,ATA,6,0,,,,,,,,,,,,,,,,,,,,
115141,Lucas Freitas,VAS,ZAG,6,0,,,,,,,,,,,,,,,,,,,,
115479,Paulo Pezzolano,INT,TEC,6,2.74,,,,,,,,,,,,,,,,,,,,
115914,Evertton Araújo,FLA,MEI,6,1.3,,,,,,,1,,2,,,,,,,,,,,
116034,Victor Hugo,CAM,MEI,6,0,,,,,,,,,,,,,,,,,,,,
116065,Cuiabano,VAS,LAT,6,11.6,1,,,,,3,3,1,1,2,,,,,,,,,,
116447,Hércules,FLU,MEI,6,10.1,,,,,,1,2,1,,,,1,,,,,,,,
116706,Andrés Gómez,VAS,ATA,6,4.7,,1,,,,2,1,,,,1,,,,,,,,,
117330,Robert Renan,VAS,ZAG,6,1.5,,,,,,1,,,,,,,,,,,,,,
117632,Garro,COR,MEI,6,1.6,,,,,,,,1,,1,,,,,1,,,,,
117910,Breno Bidon,COR,MEI,6,1.9,,,,,,1,2,,,2,,,,,,,,,,
117930,Lavega,CFC,ATA,6,1.5,,,,,,1,,,,,,,,,,,,,,
117965,Martín Anselmi,?,?,6,2.1,,,,,,,,,,,,,,,,,,,,
118563,Rodriguinho,RBB,MEI,6,0.4,,,,,,,2,,,2,,,,,,,,,,
118655,Saldivia,VAS,ZAG,6,1.3,,,,,,,,,1,1,,,,,,,,,,
118844,Kaio César,COR,ATA,6,9.3,1,1,,,,2,1,1,,3,,,,,1,,,,,
120433,Léo Derik,CAP,LAT,6,0,,,,,,,,,,,,,,,,,,,,
121824,Kayke,COR,ATA,6,2.5,,,,,,1,,,,2,,,,,,,,,,
122138,João Vitor,?,?,6,4.7,,,,,,3,2,,1,,,,,,,,,,,
122394,Gustavinho,RBB,MEI,6,3.6,,,,,,3,3,,,,,,,,,,,,,
122441,Kayky Almeida,?,?,6,0,,,,,,,,,,,,,,,,,,,,
122485,Barros,VAS,MEI,6,13.4,,,1,,,,2,,,2,,2,,,,,,,,
122660,Japa,MIR,MEI,6,8,,,,,,,,,,,,1,,,,,,,,
123360,Cauly,SAO,MEI,6,-0.3,,,,,,,1,,,,,,,,,,,,,
123625,Ítalo,?,?,6,2.7,,,,,,2,1,,,,,,,,,,,,,
123648,Lucas Ronier,CFC,ATA,6,3.7,,1,,,,2,1,,,4,,,,,,,,,,
123738,Herrera,RBB,ATA,6,8,,1,,,,1,4,,1,,,1,,,1,,,,,
123744,Alan Rodríguez,?,?,6,0.2,,,,,,,1,,,1,,,,,,,,,,
123869,Aguirre,CAP,ZAG,6,0.5,,,,,,,,,,1,,,,,,,,,,
124239,Henry Mosquera,RBB,ATA,6,2.3,,,,,,1,,,1,,,,,,,,,,,
124424,Rodrigo Castillo,FLU,ATA,6,1.7,,,,,,,,1,,1,,,,,,,,,,
124481,Mateo Ponte,BOT,LAT,6,0.5,,,,,,,,,,1,,,,,,,,,,
124526,Giay,PAL,LAT,6,9.7,,,,,,3,1,,,1,,,,,,,,,1,
124661,Iván Román,CAM,ZAG,6,0.2,,,,,,,1,,,1,,,,,,,,,,
125467,Viery,?,?,6,-1.6,,1,,,,,2,,,2,,,,,,1,,,,
125926,Zapelli,CAP,MEI,6,4,1,,1,,,1,1,,1,,,,,,,,,,,
126182,Paulinho,INT,MEI,6,-1.1,,1,,,,,2,,,1,,,,,,,,,,
126189,Tomás Pérez,CAM,MEI,6,1.9,,1,,,,2,3,,1,,,,,,,,,,,
126471,Barreal,SAN,MEI,6,4.1,,1,,,,2,3,1,1,2,,,,,,,,,,
126977,Fernando Seabra,CFC,TEC,6,7.16,,,,,,,,,,,,,,,,,,,,1
128433,Johan Rojas,VAS,MEI,6,-1,,1,,,,,,,,,,,,,,,,,,
129666,JP,VAS,MEI,6,0.9,,,,,,1,2,,,,,,,,,,,,,
130048,Noriega,GRE,ZAG,6,-1.5,,1,,,,,5,,,2,,,,,,,,,,
130620,Edenílson,VIT,MEI,6,2.9,,,,,,2,2,,,1,,,,,,,,,,
130843,Arthur Dias,CAP,ZAG,6,0.5,,,,,,,,,,1,,,,,,,,,,
131516,JP Chermont,CFC,LAT,6,13,1,,,,,2,,,,,,,,,,,,,1,
131617,André Silva,SAO,ATA,6,0,,,,,,,,,,,,,,,,,,,,
131832,Portilla,CAP,MEI,6,0,,,,,,,,,,,,,,,,,,,,
131967,Villarreal,CRU,ATA,6,8.5,,,,,,,1,,1,,,1,,,,,,,,
132071,Serna,FLU,ATA,6,1.5,,,,,,1,,,,,,,,,,,,,,
132264,Arroyo,CRU,ATA,6,3.2,,,,,,1,1,1,1,,,,,,,,,,,
132553,Jemmes,FLU,ZAG,6,0,,,,,,,,,,,,,,,,,,,,
132580,Vinicinho,RBB,ATA,6,2.5,,,,,,1,,,,2,,,,,,,,,,
136156,Larson,PAL,MEI,6,-0.3,,,,,,,1,,,,,,,,,,,,,
136955,Sanabria,BAH,ATA,6,-0.3,,,,,,,1,,,,,,,,,,,,,
140438,David,CHA,MEI,6,-0.3,,,,,,,1,,,,,,,,,,,,,
141451,Allan,PAL,MEI,6,3.2,,,,,,1,1,,,4,,,,,,,,,,
141595,Gabriel Mec,GRE,ATA,6,0.7,,,,,,,1,,,2,,,,,,,,,,
141754,Gabriel Bontempo,SAN,MEI,6,2.4,,,,,,1,1,1,,,,,,,,,,,,
141776,Gustavo Henrique,SAN,MEI,6,2,,,,,,1,,,,1,,,,,,,,,,
141868,Vini Lira,SAN,LAT,6,0.9,,,,,,1,2,,,,,,,,,,,,,
142004,Amuzu,GRE,ATA,6,4.4,,,,,,1,,2,,1,,,,,,,,,,
142265,Dell,BAH,ATA,6,1.4,,,,,,1,2,,,1,,,,,,,,,,
142279,Nuno Moreira,VAS,MEI,6,-0.3,,,,,,,1,,,,,,,,,,,,,
142484,Barrera,BOT,MEI,6,0,,,,,,,,,,,,,,,,,,,,
143193,Viveros,CAP,ATA,6,-0.2,,1,,,,,5,,1,3,,,,,,,,,,
143600,Kauã Moraes,CRU,LAT,6,5.8,1,,,,,,,,1,,,,,,,,,,,
145404,Arthur,PAL,LAT,6,7,,,,,,1,,,,1,,,,,,,,,1,
145744,André,COR,MEI,6,2.2,,,,,,1,1,,,2,,,,,,,,,,
147268,Anderson Pato,VIT,ATA,6,1.5,,,,,,1,,,,,,,,,,,,,,
148125,Ryan Augusto,RBB,LAT,6,2.4,,,,,,1,1,1,,,,,,,,,,,,
37457,Léo Condé,REM,TEC,6,2.3,,,,,,,,,,,,,,,,,,,,
37656,Fábio,FLU,GOL,6,-1.5,,,,,,,,,,1,,,,2,,,,,,
39148,Hulk,FLU,ATA,6,0.5,,,,,,,,,,1,,,,,,,,,,
39656,Alan Franco,CAM,MEI,6,2.4,,,,,,,,1,1,1,,,,,1,,,,,
39850,Vagner Mancini,RBB,TEC,6,3.25,,,,,,,,,,,,,,,,,,,,
40990,Dorival Júnior,SAO,TEC,6,4.45,,,,,,,,,,,,,,,,,,,,
41929,Renato Gaúcho,?,?,6,4.83,,,,,,,,,,,,,,,,,,,,
42135,Willian,GRE,MEI,6,1.3,,,,,,,,,1,1,,,,,,,,,,
51413,Walter,MIR,GOL,6,2.9,,,,3,,,,,,,,,,1,,,,,,
61987,Alex Sandro,FLA,LAT,6,11.2,,,,,,4,1,,,1,,,,,,,,,1,
62977,Ganso,FLU,MEI,6,0,,,,,,,,,,,,,,,,,,,,
63007,Neymar,SAN,MEI,6,3.7,,,,,,,2,1,2,3,,,,,,,,,,
63289,Edenílson,BOT,MEI,6,-0.3,,,,,,,1,,,,,,,,,,,,,
68685,Alan Patrick,INT,MEI,6,2.5,,,,,,1,1,,1,1,,,,,,,,,,
68920,Dudu,CAM,ATA,6,0.5,,,,,,,,,,1,,,,,,,,,,
68928,Rafael,SAO,GOL,6,1.6,,,,2,,,,,,,,,,1,,,,,,
68938,Giovanni Augusto,CHA,MEI,6,2.5,,,,,,1,,,,2,,,,,,,,,,
68952,Marinho,VIT,ATA,6,0,,,,,,,,,,,,,,,,,,,,
68996,Willian José,BAH,ATA,6,7.4,,,,,,,2,,,,,1,,,,,,,,
69012,Santos,CAP,GOL,6,6.1,,,,7,,,,,,,,,,3,,,,,,
69140,Allan,BOT,MEI,6,2.9,,1,,,,3,2,,,,,,,,,,,,,
69208,Gabriel Paulista,COR,ZAG,6,2.2,,,,,,1,2,,1,1,,,,,,,,,,
70164,Lucas Moura,SAO,MEI,6,1.6,,,,,,,2,1,,2,,,,,,,,,,
70360,Eduardo Sasha,RBB,ATA,6,0,,,,,,,,,,,,,,,,,,,,
70592,Felipe Anderson,PAL,MEI,6,1.7,,,,,,,,1,,1,,,,,,,,,,
70666,Marllon,REM,ZAG,6,0.5,,1,,,,,1,,1,2,,,,,,,,,,
70944,Bruno Henrique,INT,MEI,6,0.4,,,,,,,1,,1,,,,,,1,,,,,
70958,Jean Carlos,?,?,6,2,,,,,,1,,,,1,,,,,,,,,,
71043,Léo Vieira,BAH,GOL,6,3.4,,,,3,,,,,,1,,,,1,,,,,,
71227,Maicon,CFC,ZAG,6,5,,,,,,,,,,,,,,,,,,,1,
71536,Luiz Gustavo,CAP,MEI,6,11.9,,1,,,,3,2,,,2,,1,,,,,,,,
71631,Weverton,GRE,GOL,6,-1,,,,,,,,,,,,,,1,,,,,,
71684,Gustavo Gómez,PAL,ZAG,6,5.8,,,,,,,,,1,,,,,,,,,,1,
71898,Gabriel Pires,?,?,6,0.8,,,,,,,3,1,,1,,,,,,,,,,
72294,Everson,CAM,GOL,6,0.6,,,,2,,,,,,,,,,2,,,,,,
72493,Alex Telles,BOT,LAT,6,1,,1,,,,1,1,,1,,,,,,,,,,,
72951,Mercado,INT,ZAG,6,3.5,,,,,,2,,,,1,,,,,,,,,,
73384,Samuel Xavier,FLU,LAT,6,4.8,,,,,,2,,,1,2,,,,,,,,,,
73481,Gilmar Dal Pozzo,?,?,6,3.52,,,,,,,,,,,,,,,,,,,,
77485,Carrillo,COR,MEI,6,3.3,,,,,,3,4,,,,,,,,,,,,,
78248,Gustavo Henrique,COR,ZAG,6,1.4,,1,,,,1,1,1,,,,,,,,,,,,
78478,Willian Arão,SAN,MEI,6,1.7,,,,,,1,1,,,1,,,,,,,,,,
78605,Gabriel,RBB,MEI,6,1.8,,1,,,,1,,,1,1,,,,,,,,,,
78850,Reinaldo,MIR,LAT,6,-0.9,,1,,,,,3,,,2,,,,,,,,,,
78855,Thiago Santos,CFC,ZAG,6,5,,,,,,,,,,,,,,,,,,,1,
79437,Roger Machado,?,?,6,4.96,,,,,,,,,,,,,,,,,,,,1
79701,Lucas Silva,CRU,MEI,6,1.5,,,,,,1,,,,,,,,,,,,,,
80129,Jadson,CAP,MEI,6,1.2,,1,,,,1,1,,,2,,,,,,,,,,
80196,Yago Pikachu,REM,MEI,6,0,,,,,,,,,,,,,,,,,,,,
80287,Luciano,SAO,ATA,6,1.2,,1,,,,1,1,,,2,,,,,,,,,,
81005,André Luis,MIR,ATA,6,1.5,,,,,,,,,,3,,,,,,,,,,
81952,Willian Oliveira,?,?,6,2.7,,,,,,2,1,,,,,,,,,,,,,
82627,Luiz Araújo,FLA,ATA,6,-0.3,,,,,,,1,,,,,,,,,,,,,
82730,Marcelo Rangel,REM,GOL,6,1.6,,,,2,,,,,,,,,,1,,,,,,
82775,Lucas Ramon,SAO,LAT,6,6.7,1,,,,,1,1,,,1,,,,,,,,,,
83257,Gabriel,SAN,ATA,6,9.4,,,,,,1,,,,,,1,,,1,,,,,
83433,Patrick,REM,MEI,6,3.7,,,,,,2,1,,,2,,,,,,,,,,
83528,Léo Pereira,FLA,ZAG,6,17.4,,,,,,2,1,1,,1,,1,,,,,,,1,
84042,Tiquinho Soares,?,?,6,1.2,,,,,,1,1,,,,,,,,,,,,,
84339,Bruno Melo,CFC,LAT,6,8,,,,,,2,,,,,,,,,,,,,1,
84626,Josué,CFC,MEI,6,1.2,,,,,,1,1,,,,,,,,,,,,,
84674,Lucas Evangelista,PAL,MEI,6,1,,,,,,,,,,2,,,,,,,,,,
84735,Jorginho,FLA,MEI,6,4,,1,,,,3,,,,1,,,,,,,,,,
84816,Varela,FLA,LAT,6,9.9,1,,,,,,,,,,,,,,1,,,,1,
84847,Luan Peres,SAN,ZAG,6,-2.9,,,1,,,,3,,,2,,,,,,,,,,
85048,Memphis Depay,COR,ATA,6,9.3,,,,,,,,,1,1,,1,,,,,,,,
85403,Danielzinho,SAO,MEI,6,5.5,1,,,,,,,,,1,,,,,,,,,,
86292,Bolasie,CHA,ATA,6,0.9,,1,,,,,3,,1,2,,,,,,,,1,,
86410,Victor Luis,MIR,LAT,6,1.3,,,,,,,,,1,1,,,,,,,,,,
86686,Tchê Tchê,VAS,MEI,6,1.2,,,,,,,,1,,,,,,,,,,,,
86859,José Welison,REM,MEI,6,0,,,,,,,,,,,,,,,,,,,,
87008,Léo Jardim,VAS,GOL,6,2.7,,,,4,,,,,,1,,,,3,,,,,,
87228,Guilherme Arana,FLU,LAT,6,9.1,,1,,,,1,2,1,,,,1,,,,,,,,
87258,Soteldo,FLU,ATA,6,0.8,,,,,,,,,1,,,,,,,,,,,
87470,Thaciano,SAN,MEI,6,0,,,,,,,,,,,,,,,,,,,,
87552,Vitor Bueno,REM,MEI,6,2,,,,,,,,1,1,,,,,,,,,,,
87742,Neto Moura,MIR,MEI,6,-1.6,,1,,,,,2,,,,,,,,,,,,,
87887,Balbuena,GRE,ZAG,6,-0.1,,,,,,,,,,,,,,,1,,,,,
87999,Gustavo Scarpa,CAM,MEI,6,1.2,,,,,,,,1,,,,,,,,,,,,
88037,Luís Castro,GRE,TEC,6,2.15,,,,,,,,,,,,,,,,,,,,
88312,Junior Alonso,?,?,6,2.7,,,,,,2,1,,,,,,,,,,,,,
88393,Ayrton Lucas,FLA,LAT,6,5.9,,,,,,1,2,,,,,,,,,,,,1,
88963,Leonardo Jardim,FLA,TEC,6,11.41,,,,,,,,,,,,,,,,,,,,1
89256,Gerson,CRU,MEI,6,2.2,,1,,,,1,,1,,1,,,,,,,,,,
89274,Andreas Pereira,PAL,MEI,6,0,,,,,,,,,,,,,,,,,,,,
89275,William,CRU,LAT,6,5.7,,,,,,3,,1,,,,,,,,,,,,
89837,Lucho Acosta,FLU,MEI,6,6.3,,,,,,2,,1,2,1,,,,,,,,,,
89840,Calleri,SAO,ATA,6,8.8,,1,,,,1,2,,,2,,1,,,1,,,,,
90031,Mendoza,CAP,ATA,6,9.5,,,,,,1,,,,,,1,,,,,,,,
90302,Pedro Rocha,CFC,ATA,6,8.9,,,,,,,1,,,3,,1,,,3,,,,,
90309,David,VAS,ATA,6,0.4,,,,,,,,,,1,,,,,1,,,,,
90588,Caíque,VIT,MEI,6,0.2,,1,,,,1,1,,,,,,,,,,,,,
90608,Chico da Costa,CRU,ATA,6,7.1,1,,,,,1,2,1,,,,,,,,,,,,
90703,Matheuzinho,VIT,MEI,6,1.8,,,,,,,,,1,2,,,,,,,,,,
90768,Fabrício Bruno,CRU,ZAG,6,1.3,,,,,,,1,,2,,,,,,,,,,,
90917,Carlos Eduardo,MIR,ATA,6,0.5,,,,,,,,,,1,,,,,,,,,,
91101,Ronaldo,BAH,GOL,6,7.1,,1,,2,,,,,,1,,,,,,,,,1,
91473,Erick Pulgar,FLA,MEI,6,-0.1,,1,,,,1,2,,,,,,,,,,,,,
91573,Arboleda,SAO,ZAG,6,0,,,,,,,,,,,,,,,,,,,,
91607,Rony,SAN,ATA,6,3.5,,1,,,,3,5,,,3,,,,,,,,,,
91866,Zé Ivaldo,REM,ZAG,6,3.2,,,,,,1,,1,,1,,,,,,,,,,
91908,Pavón,GRE,ATA,6,1.7,,,,,,1,1,,,1,,,,,,,,,,
91971,Wesley Carvalho,?,?,6,6.7,,,,,,,,,,,,,,,,,,,,
92171,Arthur Cabral,BOT,ATA,6,0.7,,,,,,,2,,1,1,,,,,,,,,,
92180,Jair Ventura,VIT,TEC,6,8.4,,,,,,,,,,,,,,,,,,,,1
92273,Odair Hellmann,CAP,TEC,6,4.5,,,,,,,,,,,,,,,,,,,,
92696,Renato Kayzer,VIT,ATA,6,6.9,,,,,,,3,,,,,1,,,2,,,,,
92747,Eduardo Domínguez,CAM,TEC,6,2.51,,,,,,,,,,,,,,,,,,,,
92854,Borré,?,?,6,2.1,,,,,,1,2,,1,1,,,,,1,,,,,
92981,Ronaldo,INT,MEI,6,3.4,,,,,,2,2,,,2,,,,,,,,,,
93478,Wanderson,CRU,ATA,6,0,,,,,,,,,,,,,,,,,,,,
93716,Paulo Henrique,VAS,LAT,6,0.6,,,,,,,2,1,,,,,,,,,,,,
93790,Marlon Freitas,PAL,MEI,6,1.5,,,,,,1,4,1,,,,,,,,,,,,
93882,Cleiton,RBB,GOL,6,-0.7,,,,1,,,,,,,,,,2,,,,,,
93988,Breno Lopes,CFC,ATA,6,0.1,,,,,,,2,,,2,,,,,3,,,,,
94067,Matheus Fernandes,RBB,MEI,6,3.8,,,,,,2,,,1,,,,,,,,,,,
94583,Pedro,FLA,ATA,6,11.8,,,,,,1,,,1,3,,1,,,,,,,,
94930,Lucas Paquetá,FLA,MEI,6,6.8,,,,,,2,,1,2,2,,,,,,,,,,
94968,Juninho Capixaba,RBB,LAT,6,3.6,,1,,,,2,2,1,,2,,,,,,,,,,
95332,Marcinho,CHA,ATA,6,4.2,,,,,,2,,,1,1,,,,,1,,,,,
95362,Cassierra,CAM,ATA,6,0.8,,,,,,,,,1,,,,,,,,,,,
95556,Raniele,COR,MEI,6,4.2,,,,,,2,1,,,3,,,,,,,,,,
95620,Bruno Leonardo,CHA,ZAG,6,1.5,,,,,,1,,,,,,,,,,,,,,
96591,Renan Lodi,CAM,LAT,6,7.6,,,,,,5,3,,,2,,,,,,,,,,
96610,Matheus Pereira,CRU,MEI,6,2.3,,1,,,,,2,,3,3,,,,,,,,,,
96652,Allan,COR,MEI,6,0,,,,,,,,,,,,,,,,,,,,
96793,Camutanga,VIT,ZAG,6,5,,,,,,,,,,,,,,,,,,,1,
97321,Alesson,MIR,ATA,6,-0.3,,,,,,,1,,,,,,,,,,,,,
97341,Rogério Ceni,BAH,TEC,6,6.38,,,,,,,,,,,,,,,,,,,,1
97460,João Victor,MIR,ZAG,6,0,,,,,,,,,,,,,,,,,,,,
97520,Shaylon,MIR,MEI,6,-0.3,,,,,,,1,,,,,,,,,,,,,
97795,Marcelinho,REM,LAT,6,1.5,,,,,,1,,,,,,,,,,,,,,
97810,Erick,VIT,ATA,6,11.9,,1,,,,1,1,2,1,1,,1,,,,,,,,
97867,Léo Ortiz,FLA,ZAG,6,8.2,,,,,,2,1,,,1,,,,,,,,,1,
97899,Matheus Bahia,INT,LAT,6,1.7,,,,,,1,1,,,1,,,,,,,,,,
97900,Vitão,FLA,ZAG,6,6.5,,,,,,1,,,,,,,,,,,,,1,
98022,Erick,BAH,MEI,6,0.7,,,,,,1,7,,1,1,,,,,,,,,,
98224,Jáderson,REM,MEI,6,0,,,,,,,,,,,,,,,,,,,,
98225,Pedro Raul,COR,ATA,6,0,,,,,,,,,,,,,,,,,,,,
98280,Bastos,?,?,6,-0.1,,,,,,,2,,,1,,,,,,,,,,
98384,Negueba,MIR,ATA,6,4.8,,1,,,,3,,,1,1,,,,,,,,,,
98517,Jean Lucas,BAH,MEI,6,5.3,,,,,,2,,,1,3,,,,,,,,,,
98672,Savarino,FLU,MEI,6,10.6,2,1,,,,,4,,,,1,,,,2,,,,,
98873,Samuel Lino,FLA,ATA,6,15.3,,,,,,3,1,,2,3,,1,,,,,,,,
98909,Cuello,CAM,ATA,6,1.1,,,,,,,1,,,3,,,,,1,,,,,
99213,Puma Rodríguez,VAS,LAT,6,5.8,1,,,,,,,,1,,,,,,,,,,,
99274,Alexander Barboza,PAL,ZAG,6,-3.1,,1,1,,,1,2,,,,,,,,,,,,,
99366,Luis Zubeldía,FLU,TEC,6,7.3,,,,,,,,,,,,,,,,,,,,1
99440,Baralhas,VIT,MEI,6,12.5,1,,,,,4,2,,2,1,,,,,,,,,,
99552,Rossi,FLA,GOL,6,6.8,,,,1,,,,,,1,,,,,,,,,1,
99789,Brenner,VAS,ATA,6,8,,1,,,,,,,,2,,1,,,,,,,,
99815,Arias,PAL,MEI,6,6.4,,,,,,3,1,1,,2,,,,,,,,,,
99889,Alan Franco,?,?,6,0,,,,,,,,,,,,,,,,,,,,
100652,Yuri Alberto,COR,ATA,7,1.2,,1,,,,,1,1,,3,,,,,2,,,,,
100742,Matheus Henrique,CRU,MEI,7,-1,,1,,,,,1,,1,1,,,,,,1,,,,
100804,Tchamba,REM,ZAG,7,5.4,,,,,,4,2,,,,,,,,,,,,,
100898,Vitinho,BOT,LAT,7,5.9,,,,,,4,2,,,1,,,,,,,,,,
101002,Júnior Santos,BOT,ATA,7,0.5,,,,,,,,,,1,,,,,,,,,,
101254,Alef Manga,REM,ATA,7,3.8,,,,,,2,,,1,,,,,,,,,,,
101290,Ferreira,SAO,ATA,7,0,,,,,,,,,,,,,,,,,,,,
101314,Ademir,BAH,ATA,7,1.7,,,,,,,,1,,1,,,,,,,,,,
101319,Guga,FLU,LAT,7,1.2,,,,,,1,1,,,,,,,,,,,,,
101393,Eduardo Doma,CHA,ZAG,7,4.4,,,,,,,2,,,,,,,,,,,,1,
101405,Wallisson,MIR,MEI,7,1.2,,,,,,1,1,,,,,,,,,,,,,
101574,Hugo Souza,COR,GOL,7,10.2,,,,4,,,,,,,,,,,,,,,1,
101594,Hugo Moura,?,?,7,0,,,,,,,,,,,,,,,,,,,,
101597,Ramon,VIT,LAT,7,2.9,,,,,,2,2,,,1,,,,,,,,,,
101708,Felipe Jonatan,CFC,LAT,7,5.8,,,,,,,,,1,,,,,,,,,,1,
101715,Alerrandro,INT,ATA,7,8,,,,,,4,,1,1,,,,,,,,,,,
101727,Matheuzinho,COR,LAT,7,4.7,,,,,,,1,,,,,,,,,,,,1,
101807,Oliva,SAN,MEI,7,3.9,,,,,,3,2,,,,,,,,,,,,,
101908,Willian Machado,MIR,ZAG,7,0.2,,,,,,,1,,,1,,,,,,,,,,
101960,Vitinho,INT,ATA,7,3.2,,1,,,,1,,2,1,1,,,,,,1,,,,
102256,Rollheiser,SAN,MEI,7,0,,,,,,,,,,,,,,,,,,,,
102318,Caio Paulista,GRE,LAT,7,8.8,,,,,,2,,,1,,,,,,,,,,1,
102340,Cacá,VIT,ZAG,7,0.8,,,,,,,,,1,,,,,,,,,,,
102667,Nathan Fogaça,?,?,7,0.7,,,,,,,3,,2,,,,,,,,,,,
102796,Julimar,?,?,7,-0.2,,1,,,,1,5,,1,,,,,,,,,,,
102911,Zé Ricardo,REM,MEI,7,1.4,,,,,,,1,1,,1,,,,,,,,,,
102928,Canobbio,FLU,ATA,7,16.2,,,,,,5,2,,1,1,,1,,,,,,,,
102975,Escobar,SAN,LAT,7,4.9,,1,,,,3,1,,1,2,,,,,1,,,,,
103056,Gabriel Brazão,SAN,GOL,7,5.8,,,,6,,,,,,,,,,2,,,,,,
103295,Eric Ramires,RBB,MEI,7,0.8,,,,,,,,,1,,,,,,,,,,,
103388,Emmanuel Martínez,VIT,MEI,7,1.5,,,,,,,1,,1,2,,,,,,,,,,
103523,Ignácio,FLU,ZAG,7,-0.3,,,,,,,1,,,,,,,,,,,,,
103767,Gabriel Menino,SAN,MEI,7,5.3,,,,,,3,,,1,,,,,,,,,,,
103987,Higor Meritão,?,?,7,3.5,,,,,,2,1,,1,,,,,,,,,,,
104027,Rafael Guanaes,MIR,TEC,7,2.17,,,,,,,,,,,,,,,,,,,,
104075,Sabino,SAO,ZAG,7,0.9,,,,,,1,2,,,,,,,,,,,,,
104084,Carlos Miguel,PAL,GOL,7,1.6,,,,2,,,,,,,,,,1,,,,,,
104118,Lucas Arcanjo,VIT,GOL,7,3.2,,,,4,,,,,,,,,,2,,,,,,
104134,Fabri,VIT,ATA,7,2,,,,,,1,,,,1,,,,,,,,,,
104191,Raul,?,?,7,4.5,,,,5,,,,,,,,,,2,,,,,,
104470,Everton,CHA,LAT,7,4.9,,,,,,,2,,,1,,,,,,,,,1,
104502,Christian,?,?,7,3.4,,,,,,2,3,,,3,,,,,2,,,,,
104519,Camilo,CHA,MEI,7,3.3,,1,,,,2,4,1,1,1,,,,,,,,,,
104666,Moisés,SAN,ATA,7,1.5,,,,,,,,,,1,,,,,,,,1,,
104758,Enzo Díaz,SAO,LAT,7,1.6,,1,,,,2,3,,,1,,,,,,,,,,
104783,Acevedo,BAH,MEI,7,1.8,,1,,,,2,4,,,2,,,,,,,,,,
104811,Sebastián Gómez,CFC,MEI,7,0.5,,,,,,,,,,1,,,,,,,,,,
105048,Jajá,REM,ATA,7,4,,,,,,2,,,,2,,,,,,,,,,
105089,Tetê,GRE,ATA,7,-0.3,,,,,,,1,,,,,,,,,,,,,
105157,Villagra,INT,MEI,7,1.9,,,,,,1,3,,1,1,,,,,,,,,,
105214,Santi Rodríguez,BOT,MEI,7,2.2,,,,,,1,1,,,2,,,,,,,,,,
105300,Ferraresi,BOT,ZAG,7,3.2,,,,,,2,1,,,1,,,,,,,,,,
105373,Gabriel Xavier,?,?,7,5,,,,,,,,,,,,,,,,,,,1,
105436,Carrascal,FLA,MEI,7,1,,,,,,,,,,2,,,,,,,,,,
105563,Carlos Vinícius,GRE,ATA,7,-0.3,,,,,,,1,,,,,,,,,,,,,
105647,Maurício,PAL,MEI,7,2.4,,,,,,1,1,,1,1,,,,,1,,,,,
105664,Walter Clar,?,?,7,7.7,,,,,,1,,1,,,,,,,,,,,1,
105903,Aldo Filho,MIR,MEI,7,-0.6,,1,,,,,1,,1,,,,,,1,,,,,
105949,Rochet,INT,GOL,7,0.3,,,,1,,,,,,,,,,1,,,,,,
105990,Santiago Mingo,BAH,ZAG,7,5,,,,,,,,,,,,,,,,,,,1,
106104,Enamorado,GRE,ATA,7,4.3,,,,,,1,,,1,4,,,,,,,,,,
106202,Bruno Gomes,INT,MEI,7,-0.3,,,,,,,1,,,,,,,,,,,,,
106294,Marcos Antônio,SAO,MEI,7,-0.6,,,,,,,2,,,,,,,,,,,,,
106302,Preciado,CAM,LAT,7,10.6,,,,,,3,3,,,4,,,,,,,,,1,
106323,Caio Alexandre,BAH,MEI,7,4.4,,,,,,2,2,,,4,,,,,,,,,,
106434,Eduardo Santos,RBB,ZAG,7,4.2,,,,,,1,1,,,,1,,,,,,,,,
106593,Villalba,CRU,ZAG,7,0.4,,,,,,,2,,,2,,,,,,,,,,
106708,Igor Formiga,MIR,LAT,7,0,,,,,,,,,,,,,,,,,,,,
106822,Rodrigo Nestor,BAH,MEI,7,-1.3,,1,,,,,1,,,,,,,,,,,,,
107093,Luciano Juba,BAH,LAT,7,13.5,,,,,,,,,,1,,1,,,,,,,1,
107172,Patrick de Paula,?,?,7,2.8,,1,,,,1,1,,2,2,,,,,,,,,,
107173,Michel Araújo,BAH,MEI,7,0.4,,,,,,,,,,1,,,,,1,,,,,
107174,Bruno Tabata,?,?,7,-0.3,,,,,,,1,,,,,,,,,,,,,
107231,Danilo,BOT,MEI,7,11.2,,,,,,2,1,,,1,,1,,,,,,,,
107873,Bobadilla,SAO,MEI,7,3.7,,,,,,1,1,1,1,1,,,,,,,,,,
107989,Carbonero,INT,ATA,7,8.3,,1,,,,,,,1,1,,1,,,,,,,,
108133,Isidro Pitta,RBB,ATA,7,0.7,,,,,,,,,1,,,,,,1,,,,,
108162,Nardoni,GRE,MEI,7,-0.6,,,,,,,2,,,,,,,,,,,,,
108469,Adonis Frías,SAN,ZAG,7,2,,,,,,1,,,,1,,,,,,,,,,
108588,Tapia,SAO,ATA,7,0,,,,,,,,,,,,,,,,,,,,
108713,Galeano,MIR,ATA,7,1,,,,,,,,,,2,,,,,,,,,,
109127,Tiago Cóser,CFC,ZAG,7,4.3,,,,,,,4,,,1,,,,,,,,,1,
109336,Rafael Carvalheira,CHA,MEI,7,1.5,,,,,,,,,,3,,,,,,,,,,
109401,Erick Pulga,BAH,ATA,7,4.1,,,,,,2,2,,1,2,,,,,1,,,,,
109573,Martinelli,FLU,MEI,7,2.8,,,,,,,,1,2,,,,,,,,,,,
109966,Monsalve,GRE,MEI,7,0.2,,,,,,,1,,,1,,,,,,,,,,
109987,Medina,BOT,MEI,7,-3.3,,,1,,,,1,,,,,,,,,,,,,
110144,Spinelli,VAS,ATA,7,9.7,,,,,,,,1,,1,,1,,,,,,,,
110506,Abel Ferreira,PAL,TEC,7,7.91,,,,,,,,,,,,,,,,,,,,1
110510,Aguirre,INT,LAT,7,4.2,,,,,,2,,1,,,,,,,,,,,,
110668,Esquivel,CAP,LAT,7,-0.5,,,,,,,6,,1,1,,,,,,,,,,
110708,Pedro Rangel,CFC,GOL,7,12,,,,5,,,,,,1,,,,,,,,,1,
110759,John Kennedy,FLU,ATA,7,2.4,,,,,,,,2,,,,,,,,,,,,
111246,Alix Vinicius,RBB,ZAG,7,3.2,,,,,,2,2,,1,,,,,,,,,,,
111466,Victor Gabriel,INT,ZAG,7,0,,,,,,,,,,,,,,,,,,,,
111682,Adson,VAS,MEI,7,2.5,,,,,,1,1,,1,1,,,,,,,,,,
111690,Matheus Cunha,INT,GOL,7,0.6,,,,2,,,,,,,,,,2,,,,,,
111760,Fabinho,RBB,MEI,7,-0.6,,,,,,,2,,,,,,,,,,,,,
111831,Matheus Martins,BOT,ATA,7,1,,,,,,,1,,1,1,,,,,,,,,,
111951,Renzo López,?,?,7,0.7,,,,,,,2,,1,1,,,,,,,,,,
112576,Vini Paulista,CFC,MEI,7,0.2,,,,,,,2,,1,,,,,,,,,,,
112709,Kaiki Bruno,?,?,7,6.3,1,,,,,1,4,,,2,,,,,,,,,,
112863,Ramón Sosa,PAL,ATA,7,-0.6,,1,,,,,,,,1,,,,,1,,,,,
113103,Flaco López,PAL,ATA,7,5.6,,,,,,2,,1,,3,,,,,1,,,,,
113113,Benavídez,CAP,LAT,7,3.7,,,,,,2,1,,,2,,,,,,,,,,
113125,Picco,REM,MEI,7,2.7,,,,,,2,1,,,,,,,,,,,,,
113157,Nathan Mendes,VIT,LAT,7,1.7,,1,,,,2,1,,,,,,,,,,,,,
113397,Cristian Olivera,BAH,ATA,7,8.4,,,,,,2,,3,1,2,,,,,,,,,,
114802,Vitor Roque,PAL,ATA,7,2.1,,,,,,,,,2,1,,,,,,,,,,
115479,Paulo Pezzolano,INT,TEC,7,3.75,,,,,,,,,,,,,,,,,,,,1
116034,Victor Hugo,CAM,MEI,7,1.5,,,,,,1,,,,,,,,,,,,,,
116065,Cuiabano,VAS,LAT,7,12.4,1,,,,,4,1,1,,1,,,,,,,,,,
116066,Rubens,CHA,ATA,7,1.6,,1,,,,1,2,1,,1,,,,,,,,,,
116447,Hércules,FLU,MEI,7,9.6,,,,,,1,2,,1,,,1,,,1,,,,,
116706,Andrés Gómez,VAS,ATA,7,10,,,,,,5,1,1,2,,,,,,,,,,,
117330,Robert Renan,VAS,ZAG,7,1.5,,,,,,1,,,,,,,,,,,,,,
117632,Garro,COR,MEI,7,7.5,,,,,,,,1,1,5,1,,,,,,,,,
117910,Breno Bidon,COR,MEI,7,2,,,,,,1,,,,1,,,,,,,,,,
117930,Lavega,CFC,ATA,7,7.8,,1,,,,,1,1,,,,1,,,1,,,,,
117965,Martín Anselmi,?,?,7,3.81,,,,,,,,,,,,,,,,,,,,
118563,Rodriguinho,RBB,MEI,7,2.9,,1,,,,3,2,,,,,,,,,,,,,
118655,Saldivia,VAS,ZAG,7,2,,1,,,,2,,,,,,,,,,,,,,
121824,Kayke,COR,ATA,7,0,,,,,,,,,,,,,,,,,,,,
122138,João Vitor,?,?,7,0.6,,,,,,1,3,,,,,,,,,,,,,
122441,Kayky Almeida,?,?,7,3,,,,,,2,,,,,,,,,,,,,,
122660,Japa,MIR,MEI,7,4.3,,,,,,1,1,,2,3,,,,,,,,,,
123360,Cauly,SAO,MEI,7,2.7,,,,,,1,1,,,3,,,,,,,,,,
123625,Ítalo,?,?,7,4.3,,,,,,2,,,1,1,,,,,,,,,,
123648,Lucas Ronier,CFC,ATA,7,2,,,,,,1,,,,1,,,,,,,,,,
123689,Milans,COR,LAT,7,6.2,,,,,,1,1,,,,,,,,,,,,1,
123738,Herrera,RBB,ATA,7,2.1,,,,,,2,3,,,,,,,,,,,,,
123744,Alan Rodríguez,?,?,7,-0.6,,,,,,,2,,,,,,,,,,,,,
123869,Aguirre,CAP,ZAG,7,5.7,,,,,,1,,1,,,1,,,,,,,,,
124239,Henry Mosquera,RBB,ATA,7,-0.6,,,,,,,2,,,,,,,,,,,,,
124424,Rodrigo Castillo,FLU,ATA,7,0,,,,,,,,,,,,,,,,,,,,
124526,Giay,PAL,LAT,7,5.9,,,,,,4,2,,,1,,,,,,,,,,
124661,Iván Román,CAM,ZAG,7,15.8,,1,,,,3,5,,1,,,1,,,,,,,1,
125467,Viery,?,?,7,5.3,,,,,,,2,,,2,,,,,1,,,,1,
125488,João Pedro,COR,ZAG,7,6.5,,1,,,,1,1,,1,1,,,,,,,,,1,
125746,Dudu,CAP,MEI,7,0.5,,,,,,,,,,1,,,,,,,,,,
126189,Tomás Pérez,CAM,MEI,7,5.9,,,,,,3,1,1,,1,,,,,,,,,,
126471,Barreal,SAN,MEI,7,1.8,,,,,,,,,1,2,,,,,,,,,,
126977,Fernando Seabra,CFC,TEC,7,7.77,,,,,,,,,,,,,,,,,,,,1
127970,Felipe Chiqueti,CAP,MEI,7,1.5,,,,,,,1,,1,2,,,,,,,,,,
128431,João Cruz,CAP,MEI,7,0,,,,,,,,,,,,,,,,,,,,
128433,Johan Rojas,VAS,MEI,7,5.2,1,,,,,,1,,,1,,,,,,,,,,
130048,Noriega,GRE,ZAG,7,6.7,,,,,,1,1,,,1,,,,,,,,,1,
130843,Arthur Dias,CAP,ZAG,7,1.7,,1,,,,2,1,,,,,,,,,,,,,
131516,JP Chermont,CFC,LAT,7,6.5,,,,,,1,,,,,,,,,,,,,1,
131617,André Silva,SAO,ATA,7,0.4,,,,,,,2,,,2,,,,,,,,,,
131832,Portilla,CAP,MEI,7,3.1,,,,,,2,3,,,2,,,,,,,,,,
131967,Villarreal,CRU,ATA,7,10.1,,,,,,,,,2,1,,1,,,,,,,,
132071,Serna,FLU,ATA,7,0.5,,,,,,,,,,1,,,,,,,,,,
132264,Arroyo,CRU,ATA,7,2.6,,1,,,,1,2,1,,3,,,,,,,,,,
132274,Ignacio Sosa,RBB,MEI,7,2.5,,,,,,,1,,1,4,,,,,,,,,,
132553,Jemmes,FLU,ZAG,7,-0.3,,,,,,,1,,,,,,,,,,,,,
132580,Vinicinho,RBB,ATA,7,4.2,,,,,,,,1,,6,,,,,,,,,,
136156,Larson,PAL,MEI,7,1.7,,,,,,,1,1,1,,,,,,,,,,,
136955,Sanabria,BAH,ATA,7,-0.3,,,,,,,1,,,,,,,,,,,,,
140906,Davi Gomes,RBB,ATA,7,6.2,,,,,,,,2,1,,1,,,,,,,,,
141451,Allan,PAL,MEI,7,11.6,,,,,,1,3,1,1,2,,1,,,,,,,,
141595,Gabriel Mec,GRE,ATA,7,-1.3,,1,,,,,1,,,,,,,,,,,,,
141611,Maik,SAO,LAT,7,5.3,,,,,,3,,,1,,,,,,,,,,,
142004,Amuzu,GRE,ATA,7,11.5,,,,,,1,3,2,,1,,1,,,,,,,,
142279,Nuno Moreira,VAS,MEI,7,9.7,,,,,,1,1,,,1,,1,,,,,,,,
142484,Barrera,BOT,MEI,7,3.9,,,,,,2,1,1,,,,,,,,,,,,
142877,Villalba,BOT,ATA,7,-1.6,,1,,,,,2,,,,,,,,,,,,,
142890,Montoro,BOT,MEI,7,4.5,,,,,,2,1,,1,2,,,,,,,,,,
143153,Tarzia,VIT,ATA,7,0,,,,,,,,,,,,,,,,,,,,
143173,Leonel Pérez,GRE,MEI,7,4.9,,,,,,1,2,1,1,4,,,,,,,,,,
143193,Viveros,CAP,ATA,7,11.2,,,,,,,3,1,,4,,1,,,1,,,1,,
143350,Murilo Rhikman,?,?,7,0.5,,,,,,,,,,1,,,,,,,,,,
143600,Kauã Moraes,CRU,LAT,7,0,,,,,,,,,,,,,,,,,,,,
145400,Cauê,RBB,LAT,7,5.5,,,,,,3,2,,2,,,,,,,,,,,
145404,Arthur,PAL,LAT,7,2.9,,,,,,1,1,1,,1,,,,,,,,,,
145744,André,COR,MEI,7,2.7,,,,,,,,1,,3,,,,,,,,,,
146430,Justino,BOT,ZAG,7,2,,,,,,1,,,,1,,,,,,,,,,
146991,Rhuan Gabriel,CRU,MEI,7,1.2,,,,,,,1,,,3,,,,,,,,,,
147194,Bruninho,?,?,7,0.2,,,,,,,1,,,1,,,,,,,,,,
147268,Anderson Pato,VIT,ATA,7,1.5,,,,,,1,,,,,,,,,,,,,,
148125,Ryan Augusto,RBB,LAT,7,1.5,,,,,,,,,,3,,,,,,,,,,
37457,Léo Condé,REM,TEC,7,2.47,,,,,,,,,,,,,,,,,,,,
37656,Fábio,FLU,GOL,7,0.9,,,,3,,,,,,,,,,3,,,,,,
39148,Hulk,FLU,ATA,7,3.9,,,,,,,,2,,3,,,,,,,,,,
39656,Alan Franco,CAM,MEI,7,7.9,1,,,,,2,2,,,1,,,,,,,,,,
39850,Vagner Mancini,RBB,TEC,7,3.9,,,,,,,,,,,,,,,,,,,,
40990,Dorival Júnior,SAO,TEC,7,5.39,,,,,,,,,,,,,,,,,,,,
41929,Renato Gaúcho,?,?,7,7.04,,,,,,,,,,,,,,,,,,,,1
42135,Willian,GRE,MEI,7,1.3,,,,,,,,,1,1,,,,,,,,,,
42411,Cuca,SAN,TEC,7,3.74,,,,,,,,,,,,,,,,,,,,
51413,Walter,MIR,GOL,7,2.9,,,,3,,,,,,,,,,1,,,,,,
61987,Alex Sandro,FLA,LAT,7,8,,,,,,2,,,,,,,,,,,,,1,
62977,Ganso,FLU,MEI,7,4.5,,,,,,1,,,,,1,,,,,,,,,
63007,Neymar,SAN,MEI,7,9.4,,1,,,,1,,,,2,,1,,,1,,,,,
68920,Dudu,CAM,ATA,7,0,,,,,,,,,,,,,,,,,,,,
68928,Rafael,SAO,GOL,7,2.9,,,,3,,,,,,,,,,1,,,,,,
68938,Giovanni Augusto,CHA,MEI,7,-0.8,,1,,,,,1,,,1,,,,,,,,,,
68996,Willian José,BAH,ATA,7,5.2,,,,,,1,1,2,2,,,,,,,,,,,
69012,Santos,CAP,GOL,7,0.3,,,,1,,,,,,,,,,1,,,,,,
70164,Lucas Moura,SAO,MEI,7,0.5,,,,,,,,,,1,,,,,,,,,,
70360,Eduardo Sasha,RBB,ATA,7,1.7,,,,,,1,1,,,1,,,,,,,,,,
70592,Felipe Anderson,PAL,MEI,7,2.7,,,,,,2,1,,,,,,,,,,,,,
70666,Marllon,REM,ZAG,7,3,,,,,,2,,,,,,,,,,,,,,
70944,Bruno Henrique,INT,MEI,7,0.2,,,,,,,1,,,1,,,,,,,,,,
70958,Jean Carlos,?,?,7,2.2,,,,,,,1,1,1,1,,,,,,,,,,
71043,Léo Vieira,BAH,GOL,7,6.5,,,,5,,,,,,,,,,,,,,,,
71123,Thiago Mendes,VAS,MEI,7,7.7,,1,,,,,2,,1,1,,1,,,,,,,,
71227,Maicon,CFC,ZAG,7,5,,,,,,,,,,,,,,,,,,,1,
71536,Luiz Gustavo,CAP,MEI,7,1.4,,,,,,1,2,,,1,,,,,,,,,,
71631,Weverton,GRE,GOL,7,10,1,,,,,,,,,,,,,,,,,,1,
71684,Gustavo Gómez,PAL,ZAG,7,3.4,,,,,,2,1,,1,,,,,,1,,,,,
71898,Gabriel Pires,?,?,7,4.8,,,,,,,,1,2,4,,,,,,,,,,
72018,Tiago Volpi,RBB,GOL,7,5.8,,,,6,,,,,,,,,,2,,,,,,
72294,Everson,CAM,GOL,7,8.9,,,,3,,,,,,,,,,,,,,,1,
72460,Bernard,CAM,MEI,7,0,,,,,,,,,,,,,,,,,,,,
72493,Alex Telles,BOT,LAT,7,9.4,,,,,,6,2,,,2,,,,,,,,,,
73318,Daniel Borges,MIR,LAT,7,1.3,,,,,,,,,1,1,,,,,,,,,,
73384,Samuel Xavier,FLU,LAT,7,3.2,,,,,,2,1,,,1,,,,,,,,,,
73481,Gilmar Dal Pozzo,?,?,7,3.51,,,,,,,,,,,,,,,,,,,,
77656,Cédric Soares,SAO,LAT,7,0,,,,,,,,,,,,,,,,,,,,
78117,Everaldo,BAH,ATA,7,1.7,,,,,,1,1,,,1,,,,,,,,,,
78435,Vitinho,COR,ATA,7,3.3,,,,,,1,,,1,2,,,,,,,,,,
78445,Renê,FLU,LAT,7,3.5,,,,,,2,1,,1,,,,,,,,,,,
78478,Willian Arão,SAN,MEI,7,1.5,,,,,,1,,,,,,,,,,,,,,
79437,Roger Machado,?,?,7,2.46,,,,,,,,,,,,,,,,,,,,
79701,Lucas Silva,CRU,MEI,7,0,,1,,,,,1,,1,1,,,,,,,,,,
80129,Jadson,CAP,MEI,7,-0.4,,,,,,,3,,,1,,,,,,,,,,
80196,Yago Pikachu,REM,MEI,7,0,,,,,,,,,,,,,,,,,,,,
80287,Luciano,SAO,ATA,7,2,,,,,,,,1,1,,,,,,,,,,,
81005,André Luis,MIR,ATA,7,0,,,,,,,,,,,,,,,,,,,,
81952,Willian Oliveira,?,?,7,1.2,,,,,,1,1,,,,,,,,,,,,,
82463,Otávio,FLU,MEI,7,-0.3,,,,,,,1,,,,,,,,,,,,,
82627,Luiz Araújo,FLA,ATA,7,17.6,1,,,,,2,1,,,4,,1,,,1,,,,,
82730,Marcelo Rangel,REM,GOL,7,-3,,,,,,,,,,,,,,3,,,,,,
83257,Gabriel,SAN,ATA,7,1.4,,,,,,,,,2,,,,,,2,,,,,
83433,Patrick,REM,MEI,7,0.5,,,,,,,,,,1,,,,,,,,,,
83528,Léo Pereira,FLA,ZAG,7,3.6,,1,,,,,3,,,1,,,,,,,,,1,
84042,Tiquinho Soares,?,?,7,3.1,,,,,,,1,2,,2,,,,,,,,,,
84339,Bruno Melo,CFC,LAT,7,6.5,,,,,,1,,,,,,,,,,,,,1,
84626,Josué,CFC,MEI,7,0.5,,1,,,,1,,,,,,,,,,,,,,
84674,Lucas Evangelista,PAL,MEI,7,1.5,,,,,,1,,,,,,,,,,,,,,
84735,Jorginho,FLA,MEI,7,0,,,,,,,,,,,,,,,,,,,,
84816,Varela,FLA,LAT,7,5.8,,,,,,,,,1,,,,,,,,,,1,
85403,Danielzinho,SAO,MEI,7,1.7,,,,,,,1,,,4,,,,,,,,,,
86292,Bolasie,CHA,ATA,7,-0.3,,,,,,,1,,,,,,,,,,,,,
86410,Victor Luis,MIR,LAT,7,0.2,,1,,,,1,1,,,,,,,,,,,,,
86686,Tchê Tchê,VAS,MEI,7,0.4,,,,,,,,,,1,,,,,1,,,,,
86757,Everton,FLA,ATA,7,-0.6,,,,,,,2,,,,,,,,,,,,,
86859,José Welison,REM,MEI,7,-1.6,,1,,,,,2,,,,,,,,,,,,,
87008,Léo Jardim,VAS,GOL,7,1.9,,,,3,,,,,,,,,,2,,,,,,
87225,Pedro Henrique,RBB,ZAG,7,2.8,,,,,,1,,,1,1,,,,,,,,,,
87470,Thaciano,SAN,MEI,7,0,,,,,,,,,,,,,,,,,,,,
87552,Vitor Bueno,REM,MEI,7,2,,,,,,,2,,2,2,,,,,,,,,,
87742,Neto Moura,MIR,MEI,7,5.8,,,,,,2,,1,2,,,,,,,,,,,
87863,Arrascaeta,FLA,MEI,7,8,1,,,,,1,2,,2,1,,,,,,,,,,
87887,Balbuena,GRE,ZAG,7,8.5,,,,,,2,,,,1,,,,,,,,,1,
88037,Luís Castro,GRE,TEC,7,7.61,,,,,,,,,,,,,,,,,,,,1
88312,Junior Alonso,?,?,7,6.5,,,,,,1,,,,,,,,,,,,,1,
88393,Ayrton Lucas,FLA,LAT,7,6.2,,,,,,1,1,,,,,,,,,,,,1,
88963,Leonardo Jardim,FLA,TEC,7,9.36,,,,,,,,,,,,,,,,,,,,1
89274,Andreas Pereira,PAL,MEI,7,12.8,2,,,,,1,,,1,1,,,,,,,,,,
89275,William,CRU,LAT,7,0.4,,,,,,,3,,1,1,,,,,,,,,,
89637,Thiago Maia,INT,MEI,7,0,,,,,,,,,,,,,,,,,,,,
89837,Lucho Acosta,FLU,MEI,7,11.5,2,,,,,,,,,3,,,,,,,,,,
89840,Calleri,SAO,ATA,7,3.6,,,,,,,4,1,2,4,,,,,,,,,,
90031,Mendoza,CAP,ATA,7,10,,,,,,1,,,,1,,1,,,,,,,,
90302,Pedro Rocha,CFC,ATA,7,6.3,,,,,,2,1,1,2,2,,,,,2,,,,,
90309,David,VAS,ATA,7,0.7,,,,,,,,,1,,,,,,1,,,,,
90370,Matheus Pereira,COR,MEI,7,1,,,,,,,1,,1,1,,,,,,,,,,
90588,Caíque,VIT,MEI,7,2.4,,,,,,1,2,,,3,,,,,,,,,,
90608,Chico da Costa,CRU,ATA,7,0,,,,,,,,,,,,,,,,,,,,
90703,Matheuzinho,VIT,MEI,7,1.8,,,,,,,,,1,2,,,,,,,,,,
90768,Fabrício Bruno,CRU,ZAG,7,0.5,,,,,,,,,,1,,,,,,,,,,
91101,Ronaldo,BAH,GOL,7,8.9,,,,3,,,,,,,,,,,,,,,1,
91473,Erick Pulgar,FLA,MEI,7,4.4,,1,,,,4,2,,,,,,,,,,,,,
91607,Rony,SAN,ATA,7,1,,,,,,,1,,1,1,,,,,,,,,,
91706,Marlon,GRE,LAT,7,9.5,,,,,,1,,1,1,2,,,,,,,,,1,
91866,Zé Ivaldo,REM,ZAG,7,-1.3,,1,,,,1,,1,,,,,1,,,,,,,
91908,Pavón,GRE,ATA,7,4.2,,,,,,3,1,,,,,,,,,,,,,
91971,Wesley Carvalho,?,?,7,2.75,,,,,,,,,,,,,,,,,,,,
92087,Lyanco,CAM,ZAG,7,5,,,,,,,,,,,,,,,,,,,1,
92180,Jair Ventura,VIT,TEC,7,1.48,,,,,,,,,,,,,,,,,,,,
92273,Odair Hellmann,CAP,TEC,7,4.470000000000001,,,,,,,,,,,,,,,,,,,,1
92440,André Ramalho,COR,ZAG,7,5.2,,1,,,,1,1,,,,,,,,,,,,1,
92696,Renato Kayzer,VIT,ATA,7,-0.7,,1,,,,,3,,1,1,,,,,1,,,,,
92747,Eduardo Domínguez,CAM,TEC,7,7.85,,,,,,,,,,,,,,,,,,,,1
92854,Borré,?,?,7,3.8,,,,,,1,,1,1,1,,,,,2,,,,,
92981,Ronaldo,INT,MEI,7,1.2,,,,,,1,1,,,,,,,,,,,,,
93411,Cantalapiedra,?,?,7,-0.3,,1,,,,,1,,,2,,,,,,,,,,
93478,Wanderson,CRU,ATA,7,1,,,,,,,1,,1,1,,,,,,,,,,
93716,Paulo Henrique,VAS,LAT,7,1.7,,,,,,1,1,,,1,,,,,,,,,,
93790,Marlon Freitas,PAL,MEI,7,-0.3,,,,,,,1,,,,,,,,,,,,,
93988,Breno Lopes,CFC,ATA,7,2.5,,,,,,,,1,1,1,,,,,,,,,,
94583,Pedro,FLA,ATA,7,0,,,,,,,,,,,,,,,,,,,,
94930,Lucas Paquetá,FLA,MEI,7,2.2,,,,,,1,1,,,2,,,,,,,,,,
95131,Gabriel Taliari,REM,ATA,7,0.9,,,,,,,2,,,3,,,,,,,,,,
95332,Marcinho,CHA,ATA,7,0.7,,,,,,,,,1,,,,,,1,,,,,
95362,Cassierra,CAM,ATA,7,0.7,,,,,,,1,,,2,,,,,,,,,,
95466,Igor Vinícius,SAN,LAT,7,3.9,,1,,,,3,2,,,2,,,,,,,,,,
95556,Raniele,COR,MEI,7,-0.3,,,,,,,1,,,,,,,,,,,,,
95620,Bruno Leonardo,CHA,ZAG,7,5,,,,,,,,,,,,,,,,,,,1,
95799,Artur,SAO,ATA,7,2.7,,,,,,1,,1,,,,,,,,,,,,
96353,Joaquín Correa,BOT,ATA,7,-0.5,,1,,,,,,,,1,,,,,,,,,,
96591,Renan Lodi,CAM,LAT,7,8.4,,,,,,1,3,,1,4,,,,,,,,,1,
96652,Allan,COR,MEI,7,5.4,,,,,,3,3,,1,2,,,,,,,,,,
96793,Camutanga,VIT,ZAG,7,-1.5,,,,,,1,,,,,,,1,,,,,,,
96870,Emerson Royal,FLA,LAT,7,6.1,,,,,,1,1,,,,,,,,1,,,,1,
97321,Alesson,MIR,ATA,7,2.8,,,,,,,,,,,1,,,,2,,,,,
97341,Rogério Ceni,BAH,TEC,7,8.66,,,,,,,,,,,,,,,,,,,,1
97460,João Victor,MIR,ZAG,7,0,,,,,,,,,,,,,,,,,,,,
97468,Marçal,BOT,LAT,7,-1,,1,,,,,,,,,,,,,,,,,,
97520,Shaylon,MIR,MEI,7,0,,,,,,,,,,,,,,,,,,,,
97642,Félix Torres,INT,ZAG,7,1,,1,,,,1,,,,1,,,,,,,,,,
97653,Murilo,PAL,ZAG,7,5.4,,,,,,4,2,,,,,,,,,,,,,
97795,Marcelinho,REM,LAT,7,2.3,,,,,,,,,1,3,,,,,,,,,,
97810,Erick,VIT,ATA,7,0.2,,,,,,,1,,,1,,,,,,,,,,
97867,Léo Ortiz,FLA,ZAG,7,13,,,,,,,,,,,,1,,,,,,,1,
97878,Jacy,CFC,ZAG,7,12.2,,,,,,5,1,,,,,,,,,,,,1,
97899,Matheus Bahia,INT,LAT,7,-0.6,,,,,,,2,,,,,,,,,,,,,
98022,Erick,BAH,MEI,7,11.1,,1,,,,2,2,1,,1,,1,,,,,,,,
98224,Jáderson,REM,MEI,7,0,,,,,,,,,,,,,,,,,,,,
98280,Bastos,?,?,7,0,,,,,,,,,,,,,,,,,,,,
98384,Negueba,MIR,ATA,7,1.7,,,,,,,1,1,1,,,,,,,,,,,
98517,Jean Lucas,BAH,MEI,7,8.2,1,,,,,2,1,,,1,,,,,,,,,,
98672,Savarino,FLU,MEI,7,0.4,,,,,,,,,,1,,,,,1,,,,,
98720,Angileri,COR,LAT,7,3.7,,1,,,,,1,,,,,,,,,,,,1,
98873,Samuel Lino,FLA,ATA,7,10.4,,,,,,1,1,,1,1,,1,,,1,,,,,
98909,Cuello,CAM,ATA,7,4.1,,,,,,2,1,,2,,,,,,2,,,,,
99213,Puma Rodríguez,VAS,LAT,7,0.5,,,,,,,1,,1,,,,,,,,,,,
99366,Luis Zubeldía,FLU,TEC,7,5.43,,,,,,,,,,,,,,,,,,,,
99440,Baralhas,VIT,MEI,7,0.1,,,,,,,4,,1,1,,,,,,,,,,
99552,Rossi,FLA,GOL,7,6.3,,,,1,,,,,,,,,,,,,,,1,
99789,Brenner,VAS,ATA,7,0.5,,,,,,,,,,1,,,,,,,,,,
99815,Arias,PAL,MEI,7,17.3,,,,,,4,,,3,2,,1,,,1,,,,,
99889,Alan Franco,?,?,7,-0.3,,,,,,,1,,,,,,,,,,,,,
100084,Igor Gomes,CAM,MEI,8,-0.6,,,,,,,2,,,,,,,,,,,,,
100652,Yuri Alberto,COR,ATA,8,10.9,,,,,,1,1,1,,1,,1,,,,,,,,
100742,Matheus Henrique,CRU,MEI,8,4.5,,,,,,2,,,,3,,,,,,,,,,
100804,Tchamba,REM,ZAG,8,4.2,,,,,,3,1,,,,,,,,,,,,,
100842,Ruan,CAM,ZAG,8,2.7,,1,,,,2,1,,,2,,,,,,,,,,
100898,Vitinho,BOT,LAT,8,1.8,,,,,,2,4,,,,,,,,,,,,,
100969,Ronald Lopes,?,?,8,-0.6,,,,,,,2,,,,,,,,,,,,,
101002,Júnior Santos,BOT,ATA,8,0,,,,,,,,,,,,,,,,,,,,
101254,Alef Manga,REM,ATA,8,4.7,1,,,,,,,,,,,,,,3,,,,,
101290,Ferreira,SAO,ATA,8,0.5,,,,,,,,,,1,,,,,,,,,,
101314,Ademir,BAH,ATA,8,1.5,,,,,,1,,,,,,,,,,,,,,
101319,Guga,FLU,LAT,8,6.6,,,,,,,,,2,,,,,,,,,,1,
101393,Eduardo Doma,CHA,ZAG,8,1.5,,,,,,1,,,,,,,,,,,,,,
101405,Wallisson,MIR,MEI,8,0.1,,1,,,,1,3,,,1,,,,,,,,,,
101574,Hugo Souza,COR,GOL,8,0.8,,,,1,,,,,,1,,,,1,,,,,,
101594,Hugo Moura,?,?,8,2.4,,,,,,2,2,,,,,,,,,,,,,
101597,Ramon,VIT,LAT,8,5.3,,,,,,1,4,,,,,,,,,,,,1,
101708,Felipe Jonatan,CFC,LAT,8,0,,,,,,,,,,,,,,,,,,,,
101715,Alerrandro,INT,ATA,8,0.2,,,,,,,2,,1,,,,,,,,,,,
101727,Matheuzinho,COR,LAT,8,2.7,,,,,,2,2,,,1,,,,,2,,,,,
101729,Fabinho,CFC,ATA,8,-0.3,,,,,,,1,,,,,,,,,,,,,
101807,Oliva,SAN,MEI,8,7.5,,,,,,4,1,,1,2,,,,,,,,,,
101908,Willian Machado,MIR,ZAG,8,0,,,,,,,,,,,,,,,,,,,,
101960,Vitinho,INT,ATA,8,7.3,1,1,,,,3,4,,,,,,,,,,,,,
102130,Piquerez,PAL,LAT,8,6.4,,,,,,1,2,,,1,,,,,,,,,1,
102256,Rollheiser,SAN,MEI,8,1.2,,,,,,,,1,,,,,,,,,,,,
102318,Caio Paulista,GRE,LAT,8,1.5,,,,,,1,,,,,,,,,,,,,,
102340,Cacá,VIT,ZAG,8,6.5,,,,,,1,,,,,,,,,,,,,1,
102796,Julimar,?,?,8,4.9,1,,,,,,2,,,1,,,,,,,,,,
102877,Gabriel Poveda,REM,ATA,8,0,,,,,,,,,,,,,,,,,,,,
102911,Zé Ricardo,REM,MEI,8,7,,1,,,,5,4,1,,1,,,,,,,,,,
102928,Canobbio,FLU,ATA,8,5.9,1,1,,,,1,2,,,2,,,,,,,,,,
102975,Escobar,SAN,LAT,8,7.7,,,,,,2,1,,,,,,,,,,,,1,
103056,Gabriel Brazão,SAN,GOL,8,8.9,,,,3,,,,,,,,,,,,,,,1,
103388,Emmanuel Martínez,VIT,MEI,8,3.9,,1,,,,3,2,,,2,,,,,,,,,,
103767,Gabriel Menino,SAN,MEI,8,2.5,,1,,,,2,,,,1,,,,,,,,,,
103987,Higor Meritão,?,?,8,5.9,,,,,,4,2,,,1,,,,,,,,,,
104027,Rafael Guanaes,MIR,TEC,8,3.61,,,,,,,,,,,,,,,,,,,,
104075,Sabino,SAO,ZAG,8,4.4,,,,,,3,2,,,1,,,,,,,,,,
104084,Carlos Miguel,PAL,GOL,8,5.8,,1,,1,,,,,,1,,,,,,,,,1,
104118,Lucas Arcanjo,VIT,GOL,8,8.9,,,,3,,,,,,,,,,,,,,,1,
104191,Raul,?,?,8,5.5,,,,5,,,,,,,,,,1,,,,,,
104204,Edson Carioca,MIR,ATA,8,1.5,,1,,,,1,1,,1,1,,,,,,,,,,
104470,Everton,CHA,LAT,8,-0.6,,,1,,,1,2,,,3,,,,,,,,,,
104502,Christian,?,?,8,1.4,,,,,,,,,,3,,,,,1,,,,,
104519,Camilo,CHA,MEI,8,2.5,,,,,,1,1,,1,1,,,,,,,,,,
104666,Moisés,SAN,ATA,8,1.5,,,,,,1,,,,,,,,,,,,,,
104758,Enzo Díaz,SAO,LAT,8,1.3,,1,,,,2,2,,,,,,,,1,,,,,
104811,Sebastián Gómez,CFC,MEI,8,3.4,,,,,,2,2,,,2,,,,,,,,,,
105048,Jajá,REM,ATA,8,9.7,,,,,,1,1,,,1,,1,,,,,,,,
105068,Reinier,CAM,MEI,8,0.9,,,,,,,1,1,,,,,,,,,,,,
105089,Tetê,GRE,ATA,8,0.5,,,,,,,,,,1,,,,,,,,,,
105157,Villagra,INT,MEI,8,4.1,,,,,,1,1,2,,1,,,,,,,,,,
105214,Santi Rodríguez,BOT,MEI,8,3,,1,,,,2,,,,2,,,,,,,,,,
105300,Ferraresi,BOT,ZAG,8,3,,,,,,2,,,,,,,,,,,,,,
105373,Gabriel Xavier,?,?,8,3,,,,,,2,,,,,,,,,,,,,,
105436,Carrascal,FLA,MEI,8,0.5,,,,,,,,,,1,,,,,,,,,,
105531,Matheus Bidu,COR,LAT,8,12.1,1,,,,,4,2,,1,2,,,,,1,,,,,
105563,Carlos Vinícius,GRE,ATA,8,9.7,,,,,,,,1,,1,,1,,,,,,,,
105584,Lucas Piton,VAS,LAT,8,-0.6,,,,,,,2,,,,,,,,,,,,,
105647,Maurício,PAL,MEI,8,-0.1,,,,,,,2,,,1,,,,,,,,,,
105664,Walter Clar,?,?,8,1.5,,,,,,1,,,,,,,,,,,,,,
105949,Rochet,INT,GOL,8,5,,,,,,,,,,,,,,,,,,,1,
105990,Santiago Mingo,BAH,ZAG,8,1.4,,,,,,1,,,,,,,,,1,,,,,
106104,Enamorado,GRE,ATA,8,2.5,,,,,,1,1,,1,1,,,,,,,,,,
106202,Bruno Gomes,INT,MEI,8,3.5,,,,,,2,,,,1,,,,,,,,,,
106294,Marcos Antônio,SAO,MEI,8,2.5,,,,,,1,,,,2,,,,,,,,,,
106302,Preciado,CAM,LAT,8,4.3,,,,,,2,,,1,1,,,,,,,,,,
106323,Caio Alexandre,BAH,MEI,8,1.5,,,,,,,,,,3,,,,,,,,,,
106593,Villalba,CRU,ZAG,8,5.5,,,,,,1,3,,,,,,,,1,,,,1,
106708,Igor Formiga,MIR,LAT,8,5.4,,,,,,3,1,1,,,,,,,,,,,,
106822,Rodrigo Nestor,BAH,MEI,8,-0.2,,1,,,,,,,1,,,,,,,,,,,
107093,Luciano Juba,BAH,LAT,8,-2.1,,,,,,,2,1,1,1,,,,,,,1,,,
107173,Michel Araújo,BAH,MEI,8,0.2,,,,,,,1,,,1,,,,,,,,,,
107231,Danilo,BOT,MEI,8,8.2,1,,,,,2,1,,,1,,,,,,,,,,
107873,Bobadilla,SAO,MEI,8,5.7,,,,,,4,1,,,,,,,,,,,,,
107989,Carbonero,INT,ATA,8,1.4,,,,,,,1,1,,1,,,,,,,,,,
108133,Isidro Pitta,RBB,ATA,8,2,,,,,,,,1,1,,,,,,,,,,,
108162,Nardoni,GRE,MEI,8,0.5,,,,,,,1,,1,,,,,,,,,,,
108588,Tapia,SAO,ATA,8,3.7,,,,,,1,,1,,2,,,,,,,,,,
108683,Emiliano Martínez,PAL,MEI,8,1.9,,1,,,,1,1,1,,1,,,,,,,,,,
108713,Galeano,MIR,ATA,8,0.5,,,,,,,1,,1,,,,,,,,,,,
109336,Rafael Carvalheira,CHA,MEI,8,2,,,,,,1,1,,1,,,,,,,,,,,
109401,Erick Pulga,BAH,ATA,8,2.4,,,,,,,,,,3,,,,,1,,,1,,
109573,Martinelli,FLU,MEI,8,2.9,,1,,,,2,3,,1,2,,,,,,,,,,
110426,Bernabei,INT,LAT,8,9.4,,,,,,2,1,1,,1,,,,,,,,,1,
110506,Abel Ferreira,PAL,TEC,8,7.38,,,,,,,,,,,,,,,,,,,,1
110598,Marino Hinestroza,VAS,ATA,8,0,,,,,,,,,,,,,,,,,,,,
110668,Esquivel,CAP,LAT,8,6.2,,,,,,1,1,,,,,,,,,,,,1,
110708,Pedro Rangel,CFC,GOL,8,0.6,,,,2,,,,,,,,,,2,,,,,,
110715,Andrés Hurtado,RBB,LAT,8,0.2,,,,,,,1,,,1,,,,,,,,,,
110750,Gustavo Marques,RBB,ZAG,8,4.2,,,,,,2,,1,,,,,,,,,,,,
111246,Alix Vinicius,RBB,ZAG,8,-0.1,,1,,,,1,2,,,,,,,,,,,,,
111309,Gustavo Martins,GRE,ZAG,8,1.2,,,,,,,1,,2,,,,,,1,,,,,
111466,Victor Gabriel,INT,ZAG,8,5,,,,,,,,,,,,,,,,,,,1,
111690,Matheus Cunha,INT,GOL,8,6.3,,,,1,,,,,,,,,,,,,,,1,
111831,Matheus Martins,BOT,ATA,8,5.3,,1,,,,3,,,1,2,,,,,,,,,,
111951,Renzo López,?,?,8,1.1,,,,,,1,3,,,1,,,,,,,,,,
112576,Vini Paulista,CFC,MEI,8,3.5,,,,,,2,,,,1,,,,,,,,,,
112709,Kaiki Bruno,?,?,8,7.5,,,,,,1,1,,1,1,,,,,,,,,1,
112863,Ramón Sosa,PAL,ATA,8,0.4,,,,,,,1,,1,,,,,,1,,,,,
112886,Lucas Barbosa,RBB,ATA,8,15.2,,,,,,1,,3,2,1,,1,,,,,,,,
113034,Freytes,FLU,ZAG,8,8.6,,,,,,3,3,,,,,,,,,,,,1,
113103,Flaco López,PAL,ATA,8,6.5,1,,,,,,1,,1,2,,,,,,,,,,
113113,Benavídez,CAP,LAT,8,11.4,1,,,,,1,2,,,1,,,,,,,,,1,
113125,Picco,REM,MEI,8,0,,,,,,,,,,,,,,,,,,,,
113157,Nathan Mendes,VIT,LAT,8,9.7,,,,,,3,1,,,1,,,,,,,,,1,
113397,Cristian Olivera,BAH,ATA,8,4.9,1,,,,,,2,,,1,,,,,,,,,,
114040,Minda,CAM,ATA,8,4.5,,,,,,,,,,3,1,,,,,,,,,
114802,Vitor Roque,PAL,ATA,8,3,,,,,,1,,,,3,,,,,,,,,,
115100,Matheus França,?,?,8,0.9,,,,,,1,2,,,,,,,,,,,,,
115479,Paulo Pezzolano,INT,TEC,8,9,,,,,,,,,,,,,,,,,,,,1
115914,Evertton Araújo,FLA,MEI,8,-1,,,1,,,1,1,,1,,,,,,,,,,,
115986,Denilson,MIR,MEI,8,1,,,,,,,,,,2,,,,,,,,,,
116034,Victor Hugo,CAM,MEI,8,2.1,,,,,,,1,2,,,,,,,,,,,,
116065,Cuiabano,VAS,LAT,8,12,2,1,,,,2,,,,,,,,,,,,,,
116066,Rubens,CHA,ATA,8,1.3,,,,,,,,,1,1,,,,,,,,,,
116447,Hércules,FLU,MEI,8,3.5,,,,,,1,1,,1,3,,,,,,,,,,
116461,Jamerson,VIT,LAT,8,5.8,,,,,,,,,1,,,,,,,,,,1,
116706,Andrés Gómez,VAS,ATA,8,8.3,,1,,,,2,,1,2,1,1,,,,,,,,,
117330,Robert Renan,VAS,ZAG,8,0,,,,,,,,,,,,,,,,,,,,
117632,Garro,COR,MEI,8,0,,1,,,,,1,,1,1,,,,,,,,,,
117910,Breno Bidon,COR,MEI,8,2.6,,,,,,1,3,,,4,,,,,,,,,,
117930,Lavega,CFC,ATA,8,0,,,,,,,,,,,,,,,,,,,,
118563,Rodriguinho,RBB,MEI,8,2.7,,,,,,2,1,,,,,,,,,,,,,
118655,Saldivia,VAS,ZAG,8,4.2,,,,,,3,1,,,,,,,,,,,,,
121824,Kayke,COR,ATA,8,0,,,,,,,,,,,,,,,,,,,,
122394,Gustavinho,RBB,MEI,8,1.2,,,,,,1,1,,,,,,,,,,,,,
122441,Kayky Almeida,?,?,8,2.3,,,,,,1,,,1,,,,,,,,,,,
122573,Wallace Yan,FLA,ATA,8,0.9,,,,,,,,,,2,,,,,1,,,,,
123360,Cauly,SAO,MEI,8,4,,,,,,2,,,,2,,,,,,,,,,
123625,Ítalo,?,?,8,2.8,,,,,,1,1,,1,2,,,,,2,,,,,
123648,Lucas Ronier,CFC,ATA,8,4.5,,,,,,2,,,,3,,,,,,,,,,
123738,Herrera,RBB,ATA,8,0.8,,,,,,,,,1,,,,,,,,,,,
123869,Aguirre,CAP,ZAG,8,6.5,,,,,,1,,,,,,,,,,,,,1,
124239,Henry Mosquera,RBB,ATA,8,8.7,1,,,,,2,,,1,,,,,,1,,,,,
124424,Rodrigo Castillo,FLU,ATA,8,9.9,,,,,,1,2,,,2,,1,,,,,,,,
124481,Mateo Ponte,BOT,LAT,8,3.5,,,,,,2,,,,1,,,,,,,,,,
124526,Giay,PAL,LAT,8,7.7,,,,,,2,1,,,,,,,,,,,,1,
124661,Iván Román,CAM,ZAG,8,1,,1,,,,1,,,,1,,,,,,,,,,
125467,Viery,?,?,8,2,,1,,,,2,,,,,,,,,,,,,,
125746,Dudu,CAP,MEI,8,14.2,,,,,,3,,1,,1,,1,,,,,,,,
125926,Zapelli,CAP,MEI,8,0,,,,,,,,,,,,,,,,,,,,
126182,Paulinho,INT,MEI,8,7.7,,,,,,4,1,1,1,,,,,,,,,,,
126471,Barreal,SAN,MEI,8,0.3,,1,,,,1,2,,,1,,,,,1,,,,,
126977,Fernando Seabra,CFC,TEC,8,1.53,,,,,,,,,,,,,,,,,,,,
127273,Artur Jorge,CRU,TEC,8,4.24,,,,,,,,,,,,,,,,,,,,
127970,Felipe Chiqueti,CAP,MEI,8,0,,,,,,,,,,,,,,,,,,,,
128433,Johan Rojas,VAS,MEI,8,-0.3,,,,,,,1,,,,,,,,,,,,,
130843,Arthur Dias,CAP,ZAG,8,8,,,,,,2,,,,,,,,,,,,,1,
131516,JP Chermont,CFC,LAT,8,2.7,,,,,,1,,1,,,,,,,,,,,,
131617,André Silva,SAO,ATA,8,-1.3,,1,,,,,1,,,,,,,,,,,,,
131832,Portilla,CAP,MEI,8,4,,,,,,2,,,,2,,,,,,,,,,
131967,Villarreal,CRU,ATA,8,4.1,,,,,,2,3,1,1,,,,,,,,,,,
132071,Serna,FLU,ATA,8,0.2,,,,,,,1,,,1,,,,,,,,,,
132264,Arroyo,CRU,ATA,8,2.3,,,,,,2,2,,,,,,,,1,,,,,
132274,Ignacio Sosa,RBB,MEI,8,5.5,,,,,,3,,,,2,,,,,,,,,,
132412,Román Gómez,BAH,LAT,8,1.7,,,,,,1,1,,,1,,,,,,,,,,
132553,Jemmes,FLU,ZAG,8,3.7,,1,,,,,1,,,,,,,,,,,,1,
133543,Gui Negão,COR,ATA,8,2.7,,,,,,2,1,,,,,,,,,,,,,
137542,Kaique Kenji,CRU,ATA,8,0,,,,,,,,,,,,,,,,,,,,
140726,David Martins,BAH,MEI,8,-0.3,,,,,,,1,,,,,,,,,,,,,
140906,Davi Gomes,RBB,ATA,8,2.3,,,,,,1,,,1,,,,,,,,,,,
141451,Allan,PAL,MEI,8,5,,,,,,3,,,,1,,,,,,,,,,
141595,Gabriel Mec,GRE,ATA,8,2,,,,,,1,,,,1,,,,,,,,,,
141776,Gustavo Henrique,SAN,MEI,8,-1.7,,1,,,,,4,,,1,,,,,,,,,,
142004,Amuzu,GRE,ATA,8,0.8,,,,,,,,,1,,,,,,,,,,,
142279,Nuno Moreira,VAS,MEI,8,2.3,,,,,,1,,,1,,,,,,,,,,,
142877,Villalba,BOT,ATA,8,4.5,,,,,,3,,,,,,,,,,,,,,
142890,Montoro,BOT,MEI,8,5.5,,,,,,1,,,,2,1,,,,,,,,,
143153,Tarzia,VIT,ATA,8,0.9,,,,,,,1,1,,,,,,,,,,,,
143173,Leonel Pérez,GRE,MEI,8,1.2,,,,,,1,1,,,,,,,,,,,,,
143193,Viveros,CAP,ATA,8,11,,,,,,,,1,1,2,,1,,,,,,,,
145744,André,COR,MEI,8,4.7,,,,,,3,1,,,1,,,,,,,,,,
146374,Gilberto Junior,CAP,LAT,8,6.2,,,,,,1,1,,,,,,,,,,,,1,
146430,Justino,BOT,ZAG,8,0,,,,,,,,,,,,,,,,,,,,
147268,Anderson Pato,VIT,ATA,8,1.5,,,,,,1,,,,,,,,,,,,,,
147850,Rodrigo Bellão,?,?,8,6.03,,,,,,,,,,,,,,,,,,,,1
37457,Léo Condé,REM,TEC,8,8.52,,,,,,,,,,,,,,,,,,,,1
37656,Fábio,FLU,GOL,8,10.2,,,,4,,,,,,,,,,,,,,,1,
39148,Hulk,FLU,ATA,8,1.6,,1,,,,,2,1,,4,,,,,,,,,,
39656,Alan Franco,CAM,MEI,8,1.2,,1,,,,1,3,,2,,,,,,,,,,,
39850,Vagner Mancini,RBB,TEC,8,4.32,,,,,,,,,,,,,,,,,,,,
40990,Dorival Júnior,SAO,TEC,8,3.78,,,,,,,,,,,,,,,,,,,,
41929,Renato Gaúcho,?,?,8,5.87,,,,,,,,,,,,,,,,,,,,1
42135,Willian,GRE,MEI,8,0,,,,,,,,,,,,,,,,,,,,
42411,Cuca,SAN,TEC,8,4.64,,,,,,,,,,,,,,,,,,,,
51413,Walter,MIR,GOL,8,5.5,,,,5,,,,,,,,,,1,,,,,,
61987,Alex Sandro,FLA,LAT,8,-1.3,,1,,,,,1,,,,,,,,,,,,,
62977,Ganso,FLU,MEI,8,0,,,,,,,,,,,,,,,,,,,,
63289,Edenílson,BOT,MEI,8,-1.3,,1,,,,,1,,,,,,,,,,,,,
68685,Alan Patrick,INT,MEI,8,12.5,,,,,,2,1,,1,2,,1,,,,,,,,
68928,Rafael,SAO,GOL,8,0.3,,,,1,,,,,,,,,,1,,,,,,
68938,Giovanni Augusto,CHA,MEI,8,1,,,,,,,,,,2,,,,,,,,,,
69012,Santos,CAP,GOL,8,6.3,,,,1,,,,,,,,,,,,,,,1,
69140,Allan,BOT,MEI,8,2.7,,,,,,2,1,,,,,,,,,,,,,
69208,Gabriel Paulista,COR,ZAG,8,0.6,,,,,,1,3,,,,,,,,,,,,,
69783,Danilo,FLA,ZAG,8,1.5,,,,,,1,,,,,,,,,,,,,,
70360,Eduardo Sasha,RBB,ATA,8,2.1,,,,,,1,,,1,,,,,,2,,,,,
70592,Felipe Anderson,PAL,MEI,8,0,,,,,,,,,,,,,,,,,,,,
70666,Marllon,REM,ZAG,8,0.2,,1,,,,1,1,,,,,,,,,,,,,
70944,Bruno Henrique,INT,MEI,8,2,,,,,,1,1,,1,,,,,,,,,,,
70958,Jean Carlos,?,?,8,0,,,,,,,,,,,,,,,,,,,,
71043,Léo Vieira,BAH,GOL,8,4.5,,,,5,,,,,,,,,,2,,,,,,
71123,Thiago Mendes,VAS,MEI,8,10.9,,,,,,1,1,1,,1,,1,,,,,,,,
71227,Maicon,CFC,ZAG,8,-0.3,,,1,,,2,1,,,,,,,,,,,,,
71536,Luiz Gustavo,CAP,MEI,8,0.7,,,,,,,1,,,2,,,,,,,,,,
71631,Weverton,GRE,GOL,8,0.6,,,,2,,,,,,,,,,2,,,,,,
71684,Gustavo Gómez,PAL,ZAG,8,6.2,,,,,,1,1,,,,,,,,,,,,1,
71898,Gabriel Pires,?,?,8,2.4,,1,,,,2,2,,,2,,,,,,,,,,
72294,Everson,CAM,GOL,8,2.9,,,,3,,,,,,,,,,1,,,,,,
72460,Bernard,CAM,MEI,8,1.5,,,,,,,,,,3,,,,,,,,,,
72493,Alex Telles,BOT,LAT,8,10,,,,,,1,,,,1,,1,,,,,,,,
72951,Mercado,INT,ZAG,8,13,,,,,,,,,,,,1,,,,,,,1,
73481,Gilmar Dal Pozzo,?,?,8,1.99,,,,,,,,,,,,,,,,,,,,
74187,Rincón,?,?,8,-1.6,,1,,,,,2,,,,,,,,,,,,,
77485,Carrillo,COR,MEI,8,0.9,,,,,,1,2,,,,,,,,,,,,,
77777,João Schmidt,SAN,MEI,8,-0.3,,,,,,,1,,,,,,,,,,,,,
78117,Everaldo,BAH,ATA,8,14,,,,,,2,1,1,2,1,,1,,,,,,,,
78248,Gustavo Henrique,COR,ZAG,8,-0.3,,,,,,,1,,,,,,,,,,,,,
78605,Gabriel,RBB,MEI,8,-0.3,,,,,,,2,,1,1,,,,,,1,,,,
78850,Reinaldo,MIR,LAT,8,2,,1,,,,1,2,,2,1,,,,,,,,,,
79437,Roger Machado,?,?,8,4.45,,,,,,,,,,,,,,,,,,,,
79701,Lucas Silva,CRU,MEI,8,0,,,,,,,,,,,,,,,,,,,,
80129,Jadson,CAP,MEI,8,4.4,,,,,,3,2,,,1,,,,,,,,,,
80196,Yago Pikachu,REM,MEI,8,2.4,,,,,,,1,1,,3,,,,,,,,,,
80287,Luciano,SAO,ATA,8,3.9,,,,,,1,1,,1,4,,,,,1,,,,,
80570,Wendell,SAO,LAT,8,1.7,,1,,,,2,1,,,,,,,,,,,,,
81845,Alisson,FLU,MEI,8,1.2,,,,,,1,1,,,,,,,,,,,,,
82730,Marcelo Rangel,REM,GOL,8,6.8,,1,,1,1,,,,,1,,,,1,,,,,,
82775,Lucas Ramon,SAO,LAT,8,14.7,,,,,,8,,,1,4,,,,,1,,,,,
83263,Yuri Lara,?,?,8,2,,,,,,1,,,,1,,,,,,,,,,
83433,Patrick,REM,MEI,8,0.1,,,,,,1,1,,,,,,,,1,1,,,,
84042,Tiquinho Soares,?,?,8,2.7,,,,,,1,,,1,1,,,,,1,,,,,
84339,Bruno Melo,CFC,LAT,8,0,,,,,,,,,,,,,,,,,,,,
84626,Josué,CFC,MEI,8,-0.1,,,,,,,3,,1,,,,,,,,,,,
84674,Lucas Evangelista,PAL,MEI,8,0.5,,,,,,,,,,1,,,,,,,,,,
84735,Jorginho,FLA,MEI,8,4.4,,1,,,,3,2,,,3,,,,,,,,,,
84816,Varela,FLA,LAT,8,6.5,,,,,,4,,,,1,,,,,,,,,,
84847,Luan Peres,SAN,ZAG,8,7,,,,,,,,,,4,,,,,,,,,1,
85048,Memphis Depay,COR,ATA,8,-0.3,,,,,,,1,,,,,,,,,,,,,
85403,Danielzinho,SAO,MEI,8,1.9,,,,,,1,2,,,2,,,,,,,,,,
85425,João Paulo,SAN,GOL,8,1.7,,,,4,,,,,,1,,,,4,,,,,,
86292,Bolasie,CHA,ATA,8,2,,,,,,,,,2,1,,,,,1,,,,,
86485,Keno,CFC,ATA,8,0.5,,,,,,,,,,1,,,,,,,,,,
86686,Tchê Tchê,VAS,MEI,8,0.9,,,,,,1,2,,,,,,,,,,,,,
86859,José Welison,REM,MEI,8,2.3,,,,,,1,,,1,,,,,,,,,,,
87008,Léo Jardim,VAS,GOL,8,3.6,,,,2,,1,,,,1,,,,1,,,,,,
87228,Guilherme Arana,FLU,LAT,8,6.4,,1,,,,2,2,,,,,,,,,,,,1,
87258,Soteldo,FLU,ATA,8,0,,,,,,,,,,,,,,,,,,,,
87470,Thaciano,SAN,MEI,8,0.4,,,,,,,,,,1,,,,,1,,,,,
87552,Vitor Bueno,REM,MEI,8,17.8,1,,,,,,2,2,,,1,1,,,,,,,,
87742,Neto Moura,MIR,MEI,8,2.5,,,,,,1,,,,2,,,,,,,,,,
87863,Arrascaeta,FLA,MEI,8,4.5,,,,,,1,,,,,1,,,,,,,,,
87887,Balbuena,GRE,ZAG,8,1.5,,,,,,1,,,,,,,,,,,,,,
87999,Gustavo Scarpa,CAM,MEI,8,2.8,,,,,,1,,,1,1,,,,,,,,,,
88037,Luís Castro,GRE,TEC,8,3.45,,,,,,,,,,,,,,,,,,,,
88293,Neto Pessoa,CHA,ATA,8,0.5,,,,,,,,,,1,,,,,,,,,,
88312,Junior Alonso,?,?,8,1.7,,1,,,,2,1,,,,,,,,,,,,,
88393,Ayrton Lucas,FLA,LAT,8,1,,,,,,,1,,1,1,,,,,,,,,,
88963,Leonardo Jardim,FLA,TEC,8,3.97,,,,,,,,,,,,,,,,,,,,
89256,Gerson,CRU,MEI,8,3.6,,,,,,1,2,1,,3,,,,,,,,,,
89274,Andreas Pereira,PAL,MEI,8,2.4,,1,,,,2,2,,,2,,,,,,,,,,
89275,William,CRU,LAT,8,5.1,,1,,,,1,1,,,,,,,,1,,,,1,
89368,Braithwaite,GRE,ATA,8,1.2,,,,,,,,1,,,,,,,,,,,,
89637,Thiago Maia,INT,MEI,8,0.5,,,,,,,,,,1,,,,,,,,,,
89837,Lucho Acosta,FLU,MEI,8,3.5,,1,,,,1,1,1,2,1,,,,,,,,,,
89840,Calleri,SAO,ATA,8,1.9,,,,,,,1,,1,3,,,,,1,,,,,
89918,Everton Galdino,?,?,8,0.8,,,,,,,,,1,,,,,,,,,,,
90031,Mendoza,CAP,ATA,8,-0.3,,,,,,,1,,,,,,,,,,,,,
90061,Bruno Pacheco,CHA,LAT,8,0.5,,,,,,,,,,1,,,,,,,,,,
90302,Pedro Rocha,CFC,ATA,8,0.5,,,,,,,,,,1,,,,,,,,,,
90309,David,VAS,ATA,8,9.5,,,,,,1,,,,,,1,,,,,,,,
90370,Matheus Pereira,COR,MEI,8,0.5,,,,,,,1,,1,,,,,,,,,,,
90532,Arthur Melo,?,?,8,4.5,,,,,,1,,,,6,,,,,,,,,,
90703,Matheuzinho,VIT,MEI,8,3.3,,1,,,,1,2,2,,2,,,,,,,,,,
90768,Fabrício Bruno,CRU,ZAG,8,5.5,,,,,,,,,,1,,,,,,,,,1,
91101,Ronaldo,BAH,GOL,8,2.6,,,,2,,,,,,,,,,,,,,,,
91573,Arboleda,SAO,ZAG,8,0.8,,,,,,1,2,,,,,,,,1,,,,,
91607,Rony,SAN,ATA,8,3.8,,,,,,1,3,,1,5,,,,,1,,,,,
91908,Pavón,GRE,ATA,8,8.3,,,,,,5,,,1,,,,,,,,,,,
92180,Jair Ventura,VIT,TEC,8,7.39,,,,,,,,,,,,,,,,,,,,1
92273,Odair Hellmann,CAP,TEC,8,8.59,,,,,,,,,,,,,,,,,,,,1
92696,Renato Kayzer,VIT,ATA,8,2.1,,,,,,1,,,1,,,,,,2,,,,,
92747,Eduardo Domínguez,CAM,TEC,8,2.62,,,,,,,,,,,,,,,,,,,,
92811,Bruno Rodrigues,CRU,ATA,8,0.7,,,,,,,1,,,2,,,,,,,,,,
92854,Borré,?,?,8,4.5,,,,,,2,1,,1,,,,,,,,,1,,
93368,Lucas Veríssimo,SAN,ZAG,8,5.1,,,,,,,1,,,1,,,,,1,,,,1,
93411,Cantalapiedra,?,?,8,0.4,,,,,,,,,,1,,,,,1,,,,,
93478,Wanderson,CRU,ATA,8,1.2,,,,,,,,1,,,,,,,,,,,,
93716,Paulo Henrique,VAS,LAT,8,0.5,,,,,,,,,,1,,,,,,,,,,
93790,Marlon Freitas,PAL,MEI,8,-0.1,,1,,,,1,2,,,,,,,,,,,,,
93882,Cleiton,RBB,GOL,8,-2,,,,,,,,,,,,,,2,,,,,,
93988,Breno Lopes,CFC,ATA,8,0.9,,1,,,,1,,,,1,,,,,1,,,,,
94067,Matheus Fernandes,RBB,MEI,8,1.5,,,,,,1,3,,,2,,,,,1,,,,,
94583,Pedro,FLA,ATA,8,6.1,1,,,,,,2,,1,2,,,,,1,,,,,
94930,Lucas Paquetá,FLA,MEI,8,15.7,,,,,,3,,,1,5,,1,,,1,,,,,
94968,Juninho Capixaba,RBB,LAT,8,3.5,,1,,,,2,1,,1,2,,,,,,,,,,
95131,Gabriel Taliari,REM,ATA,8,19.3,,,,,,1,2,1,1,1,,2,,,1,,,,,
95332,Marcinho,CHA,ATA,8,2.3,,,,,,1,,,1,,,,,,,,,,,
95362,Cassierra,CAM,ATA,8,1.2,,,,,,,,1,,,,,,,,,,,,
95466,Igor Vinícius,SAN,LAT,8,8.7,,,,,,2,1,,,2,,,,,,,,,1,
95556,Raniele,COR,MEI,8,3.7,,1,,,,3,1,,,1,,,,,,,,,,
95620,Bruno Leonardo,CHA,ZAG,8,-1.3,,1,,,,,1,,,2,,,,,,1,,,,
96353,Joaquín Correa,BOT,ATA,8,3.6,,,,,,,,,2,2,,,,,,,,1,,
96591,Renan Lodi,CAM,LAT,8,0.6,,,,,,,4,,1,2,,,,,,,,,,
96610,Matheus Pereira,CRU,MEI,8,-1.1,,1,,,,,5,,,3,,,,,1,,,,,
96793,Camutanga,VIT,ZAG,8,10.4,,,,,,4,2,,,,,,,,,,,,1,
97321,Alesson,MIR,ATA,8,1.8,,,,,,,,,1,2,,,,,,,,,,
97341,Rogério Ceni,BAH,TEC,8,4.14,,,,,,,,,,,,,,,,,,,,
97460,João Victor,MIR,ZAG,8,5.1,,,,,,2,1,2,,,,,,,,,,,,
97520,Shaylon,MIR,MEI,8,1.5,,,,,,1,,,,,,,,,,,,,,
97642,Félix Torres,INT,ZAG,8,6.7,,,,,,1,2,,1,,,,,,,,,,1,
97653,Murilo,PAL,ZAG,8,5.2,,,,,,,2,,1,,,,,,,,,,1,
97795,Marcelinho,REM,LAT,8,4.4,,,,,,2,1,1,,1,,,,,,,,,,
97810,Erick,VIT,ATA,8,2.9,,,,,,,,2,,1,,,,,,,,,,
97867,Léo Ortiz,FLA,ZAG,8,0,,,,,,,,,,,,,,,,,,,,
97878,Jacy,CFC,ZAG,8,0.8,,,,,,,,,1,,,,,,,,,,,
97899,Matheus Bahia,INT,LAT,8,5.2,,1,,,,1,1,,,,,,,,,,,,1,
97900,Vitão,FLA,ZAG,8,-1.6,,1,,,,,2,,,,,,,,,,,,,
98022,Erick,BAH,MEI,8,3,,,,,,2,,,,,,,,,,,,,,
98224,Jáderson,REM,MEI,8,1.5,,,,,,1,,,,,,,,,,,,,,
98384,Negueba,MIR,ATA,8,5,,,,,,2,,,,4,,,,,,,,,,
98517,Jean Lucas,BAH,MEI,8,5.7,,,,,,3,2,,1,2,,,,,,,,,,
98672,Savarino,FLU,MEI,8,7.2,,,,,,2,1,2,2,1,,,,,,,,,,
98873,Samuel Lino,FLA,ATA,8,3.9,,,,,,2,3,,1,2,,,,,,,,,,
98909,Cuello,CAM,ATA,8,2,,,,,,1,,,,1,,,,,,,,,,
99213,Puma Rodríguez,VAS,LAT,8,-1,,1,,,,,,,,,,,,,,,,,,
99228,De la Cruz,FLA,MEI,8,2.3,,,,,,,,,1,3,,,,,,,,,,
99274,Alexander Barboza,PAL,ZAG,8,10.4,,,,,,2,2,,,,,1,,,,,,,,
99366,Luis Zubeldía,FLU,TEC,8,7.49,,,,,,,,,,,,,,,,,,,,1
99440,Baralhas,VIT,MEI,8,8.2,,1,,,,1,1,,,,,1,,,,,,,,
99552,Rossi,FLA,GOL,8,0.3,,,,1,,,,,,,,,,1,,,,,,
99815,Arias,PAL,MEI,8,9,,1,,,,2,6,,1,,,1,,,,,,,,
99889,Alan Franco,?,?,8,3,,,,,,2,,,,,,,,,,,,,,
100084,Igor Gomes,CAM,MEI,9,-0.3,,,,,,,1,,,,,,,,,,,,,
100652,Yuri Alberto,COR,ATA,9,-0.3,,,,,,,2,,,1,,,,,2,,,,,
100742,Matheus Henrique,CRU,MEI,9,0.2,,,,,,,1,,,1,,,,,,,,,,
100804,Tchamba,REM,ZAG,9,0,,,,,,,,,,,,,,,,,,,,
100842,Ruan,CAM,ZAG,9,9.2,,,,,,2,1,,,3,,,,,,,,,1,
100898,Vitinho,BOT,LAT,9,8.2,,1,,,,4,1,,,1,1,,,,,,,,,
101002,Júnior Santos,BOT,ATA,9,9.4,,,,,,,1,1,,1,,1,,,,,,,,
101254,Alef Manga,REM,ATA,9,2.4,,,,,,,2,1,1,2,,,,,,,,,,
101290,Ferreira,SAO,ATA,9,0.5,,,,,,,,,,1,,,,,,,,,,
101314,Ademir,BAH,ATA,9,1,,,,,,,,,,2,,,,,,,,,,
101393,Eduardo Doma,CHA,ZAG,9,8.5,,,,,,5,2,,2,,,,,,,,,,,
101594,Hugo Moura,?,?,9,0,,,,,,,,,,,,,,,,,,,,
101597,Ramon,VIT,LAT,9,2.5,,,,,,1,1,,1,1,,,,,,,,,,
101708,Felipe Jonatan,CFC,LAT,9,-0.4,,,,,,,1,,,,,,,,1,,,,,
101715,Alerrandro,INT,ATA,9,9.7,,,,,,,,1,,1,,1,,,,,,,,
101727,Matheuzinho,COR,LAT,9,5,,,,,,3,,,,1,,,,,,,,,,
101729,Fabinho,CFC,ATA,9,0.5,,,,,,,1,,1,,,,,,,,,,,
101807,Oliva,SAN,MEI,9,0.1,,,,,,,3,,,2,,,,,,,,,,
101820,Mayk,REM,LAT,9,3.8,,,,,,2,,,1,,,,,,,,,,,
101908,Willian Machado,MIR,ZAG,9,2,,,,,,1,,,,1,,,,,,,,,,
102340,Cacá,VIT,ZAG,9,-1.6,,1,,,,,2,,,,,,,,,,,,,
102796,Julimar,?,?,9,1.6,,,,,,1,1,,,1,,,,,1,,,,,
102877,Gabriel Poveda,REM,ATA,9,2,,,,,,1,,,,1,,,,,,,,,,
102909,Luan,SAO,MEI,9,0,,,,,,,,,,,,,,,,,,,,
102911,Zé Ricardo,REM,MEI,9,0.7,,1,,,,1,1,,,1,,,,,,,,,,
102975,Escobar,SAN,LAT,9,18.4,1,,,,,6,2,,,,,,,,,,,,1,
103056,Gabriel Brazão,SAN,GOL,9,10.2,,,,4,,,,,,,,,,,,,,,1,
103388,Emmanuel Martínez,VIT,MEI,9,-0.6,,1,,,,,2,,,2,,,,,,,,,,
103445,Kaio Jorge,CRU,ATA,9,8.8,,,,,,,,,1,,,1,,,,,,,,
103987,Higor Meritão,?,?,9,3.9,,,,,,2,1,1,,,,,,,,,,,,
104027,Rafael Guanaes,MIR,TEC,9,5.53,,,,,,,,,,,,,,,,,,,,
104036,Labyad,COR,MEI,9,3,,,,,,2,,,,,,,,,,,,,,
104075,Sabino,SAO,ZAG,9,5.9,,,,,,3,1,1,,1,,,,,,,,,,
104084,Carlos Miguel,PAL,GOL,9,5.2,,,,4,,,,,,2,,,,1,,,,,,
104085,Bruno Fuchs,PAL,ZAG,9,4.1,,,,,,3,3,,,1,,,,,,,,,,
104118,Lucas Arcanjo,VIT,GOL,9,-0.4,,,,2,,,,,,,,,,3,,,,,,
104191,Raul,?,?,9,1.1,,,,2,,,,,,1,,,,2,,,,,,
104204,Edson Carioca,MIR,ATA,9,0.8,,,,,,,,,1,,,,,,,,,,,
104502,Christian,?,?,9,14.9,1,,,,,1,2,,,2,,1,,,,,,,,
104519,Camilo,CHA,MEI,9,0.2,,,,,,,2,,1,,,,,,,,,,,
104666,Moisés,SAN,ATA,9,8.9,,,,,,,1,1,,,,1,,,,,,,,
104783,Acevedo,BAH,MEI,9,7.1,,,,,,5,3,,,1,,,,,,,,,,
104811,Sebastián Gómez,CFC,MEI,9,-0.3,,,,,,,1,,,,,,,,,,,,,
105048,Jajá,REM,ATA,9,4.7,,,,,,3,1,,,1,,,,,,,,,,
105068,Reinier,CAM,MEI,9,16,1,,,,,2,,,,,,1,,,,,,,,
105089,Tetê,GRE,ATA,9,0.5,,,,,,,,,,1,,,,,,,,,,
105157,Villagra,INT,MEI,9,2.6,,,,,,2,3,,,1,,,,,,,,,,
105175,Khellven,PAL,LAT,9,0,,,,,,,,,,,,,,,,,,,,
105213,Sant'Anna,RBB,LAT,9,15.8,1,,,,,4,2,,,1,,,,,1,,,,1,
105214,Santi Rodríguez,BOT,MEI,9,1.7,,,,,,1,1,,,1,,,,,,,,,,
105300,Ferraresi,BOT,ZAG,9,0.8,,,,,,,,,1,,,,,,,,,,,
105436,Carrascal,FLA,MEI,9,3.3,,,,,,1,,,1,2,,,,,,,,,,
105531,Matheus Bidu,COR,LAT,9,-0.8,,1,,,,,1,,,1,,,,,,,,,,
105563,Carlos Vinícius,GRE,ATA,9,11,,,,,,,3,2,,3,,1,,,,,,,,
105584,Lucas Piton,VAS,LAT,9,2.4,,,,,,1,1,1,,,,,,,,,,,,
105647,Maurício,PAL,MEI,9,1.8,,,,,,,1,,2,1,,,,,,,,,,
105664,Walter Clar,?,?,9,2.4,,,,,,1,1,1,,,,,,,,,,,,
105903,Aldo Filho,MIR,MEI,9,5.6,,,,,,3,2,1,,1,,,,,,,,,,
105990,Santiago Mingo,BAH,ZAG,9,7,,,,,,1,,,,1,,,,,,,,,1,
106104,Enamorado,GRE,ATA,9,5.2,,,,,,3,,,1,,,,,,1,,,,,
106202,Bruno Gomes,INT,MEI,9,4.2,,,,,,2,1,,,3,,,,,,,,,,
106294,Marcos Antônio,SAO,MEI,9,0,,,,,,,,,,,,,,,,,,,,
106323,Caio Alexandre,BAH,MEI,9,2.1,,,,,,2,3,,,,,,,,,,,,,
106593,Villalba,CRU,ZAG,9,8.2,,,,,,2,1,,,1,,,,,,,,,1,
106708,Igor Formiga,MIR,LAT,9,14,,,,,,3,2,,2,1,,1,,,,,,,,
107093,Luciano Juba,BAH,LAT,9,18,1,,,,,,,,,,,1,,,,,,,1,
107173,Michel Araújo,BAH,MEI,9,0,,,,,,,,,,,,,,,,,,,,
107174,Bruno Tabata,?,?,9,1.2,,,,,,,,1,,,,,,,,,,,,
107256,Zé Vitor,VIT,MEI,9,5,,,,,,3,1,,1,,,,,,,,,,,
107516,Ênio,CHA,ATA,9,1,,,,,,,,,,2,,,,,,,,,,
107554,Natanael,CAM,LAT,9,17.7,1,,,,,4,2,,1,3,,,,,,,,,1,
107985,Terán,CAP,ZAG,9,1.2,,,,,,1,1,,,,,,,,,,,,,
107989,Carbonero,INT,ATA,9,1.5,,,,,,,,,,3,,,,,,,,,,
108133,Isidro Pitta,RBB,ATA,9,10.5,,,,,,,2,1,2,1,,1,,,2,,,,,
108162,Nardoni,GRE,MEI,9,3.4,,,,,,2,2,,,2,,,,,,,,,,
108713,Galeano,MIR,ATA,9,2.5,,,,,,1,,,,2,,,,,,,,,,
109127,Tiago Cóser,CFC,ZAG,9,0.2,,,,,,,1,,,1,,,,,,,,,,
109336,Rafael Carvalheira,CHA,MEI,9,0.9,,,,,,1,2,,,,,,,,,,,,,
109401,Erick Pulga,BAH,ATA,9,2.6,,,,,,1,1,,,3,,,,,1,,,,,
109573,Martinelli,FLU,MEI,9,7.5,1,,,,,1,1,,1,1,,,,,,,,,,
109966,Monsalve,GRE,MEI,9,0.5,,,,,,,,,,1,,,,,,,,,,
109987,Medina,BOT,MEI,9,1.2,,1,,,,,1,,,3,,,,,,,,1,,
110426,Bernabei,INT,LAT,9,1.7,,,,,,1,2,,1,,,,,,,,,,,
110506,Abel Ferreira,PAL,TEC,9,6.55,,,,,,,,,,,,,,,,,,,,1
110510,Aguirre,INT,LAT,9,7.4,1,,,,,1,1,1,,,,,,,,,,,,
110598,Marino Hinestroza,VAS,ATA,9,7.3,,,,,,1,,,1,4,1,,,,,,,,,
110708,Pedro Rangel,CFC,GOL,9,1.6,,,,2,,,,,,,,,,1,,,,,,
110715,Andrés Hurtado,RBB,LAT,9,6,,,,,,,1,,1,1,,,,,,,,,1,
110750,Gustavo Marques,RBB,ZAG,9,7,,,,,,1,,,,1,,,,,,,,,1,
110759,John Kennedy,FLU,ATA,9,11.6,,,,,,,4,2,3,,,1,,,,,,,,
111246,Alix Vinicius,RBB,ZAG,9,7.7,,,,,,2,1,,,,,,,,,,,,1,
111309,Gustavo Martins,GRE,ZAG,9,3.4,1,1,,,,,2,,,,,,,,,,,,,
111466,Victor Gabriel,INT,ZAG,9,3.1,,,,,,2,3,,,2,,,,,,,,,,
111683,Anthoni,INT,GOL,9,1.6,,,,2,,,,,,,,,,1,,,,,,
111690,Matheus Cunha,INT,GOL,9,10,1,,,,,,,,,,,,,,,,,,1,
111831,Matheus Martins,BOT,ATA,9,2,,,,,,1,,,,1,,,,,,,,,,
111832,Jefté,PAL,LAT,9,1.6,,,,,,1,1,,,1,,,,,1,,,,,
111945,Diego Hernández,?,?,9,0.9,,,,,,1,2,,,,,,,,,,,,,
111951,Renzo López,?,?,9,0,,,,,,,,,,,,,,,,,,,,
112576,Vini Paulista,CFC,MEI,9,1.7,,1,,,,2,1,,,,,,,,,,,,,
112863,Ramón Sosa,PAL,ATA,9,-0.1,,,,,,,2,,,1,,,,,,,,,,
112886,Lucas Barbosa,RBB,ATA,9,11,,,,,,1,1,,1,2,,1,,,,,,,,
113034,Freytes,FLU,ZAG,9,2.5,,,,,,1,1,,1,1,,,,,,,,,,
113103,Flaco López,PAL,ATA,9,3.5,,,,,,1,1,,1,3,,,,,,,,,,
113113,Benavídez,CAP,LAT,9,0.8,,1,,,,1,3,1,,,,,,,,,,,,
113125,Picco,REM,MEI,9,10.6,,,,,,7,4,,1,1,,,,,,,,,,
113157,Nathan Mendes,VIT,LAT,9,1.2,,,,,,1,1,,,,,,,,,,,,,
113359,Pablo Maia,SAO,MEI,9,3.9,,,,,,2,3,,1,2,,,,,,,,,,
113397,Cristian Olivera,BAH,ATA,9,11,,,,,,4,,2,1,4,,,,,2,,,,,
115100,Matheus França,?,?,9,0,,,,,,,,,,,,,,,,,,,,
115479,Paulo Pezzolano,INT,TEC,9,3.95,,,,,,,,,,,,,,,,,,,,
115986,Denilson,MIR,MEI,9,0,,,,,,,,,,,,,,,,,,,,
116034,Victor Hugo,CAM,MEI,9,0.5,,,,,,,,,,1,,,,,,,,,,
116447,Hércules,FLU,MEI,9,9.7,,,,,,1,2,,1,,,1,,,,,,,,
117330,Robert Renan,VAS,ZAG,9,0,,,,,,,,,,,,,,,,,,,,
117632,Garro,COR,MEI,9,2.8,,,,,,1,,,1,1,,,,,,,,,,
117910,Breno Bidon,COR,MEI,9,2,,,,,,1,,,,1,,,,,,,,,,
117930,Lavega,CFC,ATA,9,0.2,,1,,,,1,1,,,,,,,,,,,,,
118655,Saldivia,VAS,ZAG,9,2,,,,,,3,,,,1,,,1,,,,,,,
120433,Léo Derik,CAP,LAT,9,2.7,,,,,,1,,1,,,,,,,,,,,,
121823,Kauê,COR,GOL,9,4.8,,,,6,,,,,,,,,,3,,,,,,
122394,Gustavinho,RBB,MEI,9,-0.8,,1,,,,,1,,,1,,,,,,,,,,
122485,Barros,VAS,MEI,9,0.5,,,,,,,,,,1,,,,,,,,,,
122573,Wallace Yan,FLA,ATA,9,0.2,,,,,,,1,,,1,,,,,,,,,,
123016,David Braga,REM,MEI,9,2.2,,,,,,1,1,,,2,,,,,,,,,,
123360,Cauly,SAO,MEI,9,4.2,,,,,,2,1,,,3,,,,,,,,,,
123625,Ítalo,?,?,9,0.2,,,,,,,2,,1,,,,,,,,,,,
123648,Lucas Ronier,CFC,ATA,9,12.3,,,,,,3,,1,2,4,1,,,,,,,,,
123738,Herrera,RBB,ATA,9,3,,1,,,,1,,1,1,1,,,,,,,,,,
123744,Alan Rodríguez,?,?,9,1.5,,,,,,1,,,,,,,,,,,,,,
123869,Aguirre,CAP,ZAG,9,0.2,,,,,,,5,1,,1,,,,,,,,,,
124239,Henry Mosquera,RBB,ATA,9,8.4,1,,,,,2,1,,1,,,,,,1,,,,,
124424,Rodrigo Castillo,FLU,ATA,9,8.5,,,,,,,,,,1,,1,,,,,,,,
124526,Giay,PAL,LAT,9,4,,,,,,2,,,,2,,,,,,,,,,
125467,Viery,?,?,9,1.7,,,,,,1,1,,,1,,,,,,,,,,
125746,Dudu,CAP,MEI,9,1,,,,,,,,,,2,,,,,,,,,,
125926,Zapelli,CAP,MEI,9,2.1,,,,,,,,,2,1,,,,,,,,,,
126182,Paulinho,INT,MEI,9,1.1,,1,,,,1,4,,1,2,,,,,,,,,,
126189,Tomás Pérez,CAM,MEI,9,2,,,,,,1,,,,1,,,,,,,,,,
126471,Barreal,SAN,MEI,9,0.6,,,,,,1,3,,,,,,,,,,,,,
126977,Fernando Seabra,CFC,TEC,9,2.76,,,,,,,,,,,,,,,,,,,,
127273,Artur Jorge,CRU,TEC,9,9.78,,,,,,,,,,,,,,,,,,,,1
128431,João Cruz,CAP,MEI,9,1.2,,,,,,1,1,,,,,,,,,,,,,
130048,Noriega,GRE,ZAG,9,1.2,,,,,,1,1,,,,,,,,,,,,,
130209,Renê,VIT,ATA,9,2.2,,,,,,1,1,,,2,,,,,,,,,,
130232,Caio Roque,BOT,LAT,9,1.5,,,,,,1,,,,,,,,,,,,,,
130620,Edenílson,VIT,MEI,9,2.7,,,,,,2,1,,,,,,,,,,,,,
131516,JP Chermont,CFC,LAT,9,0,,,,,,,,,,,,,,,,,,,,
131617,André Silva,SAO,ATA,9,0.7,,,,,,,1,,,2,,,,,,,,,,
131832,Portilla,CAP,MEI,9,1.3,,,,,,,1,,2,,,,,,,,,,,
132071,Serna,FLU,ATA,9,10.8,1,,,,,1,1,1,,1,1,,,,1,,,,,
132264,Arroyo,CRU,ATA,9,3.4,,,,,,1,1,1,,2,,,,,,,,,,
132274,Ignacio Sosa,RBB,MEI,9,0.4,,1,,,,,1,1,,1,,,,,,,,,,
132553,Jemmes,FLU,ZAG,9,2,,,,,,1,,,,1,,,,,,,,,,
132580,Vinicinho,RBB,ATA,9,1.5,,,,,,1,,,,,,,,,,,,,,
141405,Avellar,VAS,LAT,9,1.5,,,,,,1,,,,,,,,,,,,,,
141451,Allan,PAL,MEI,9,2.9,,,,,,1,1,1,,1,,,,,,,,,,
141594,Pedro Gabriel,GRE,LAT,9,2.2,,1,,,,2,2,,1,,,,,,,,,,,
141595,Gabriel Mec,GRE,ATA,9,-0.3,,,,,,,1,,,,,,,,,,,,,
141754,Gabriel Bontempo,SAN,MEI,9,0,,,,,,,,,,,,,,,,,,,,
141776,Gustavo Henrique,SAN,MEI,9,4.2,,1,,,,3,2,,1,1,,,,,,,,,,
141995,Dieguinho,COR,MEI,9,0,,,,,,,,,,,,,,,,,,,,
142004,Amuzu,GRE,ATA,9,2.4,,,,,,,,2,,,,,,,,,,,,
142260,Bernardo Zortea,GRE,MEI,9,0,,,,,,,,,,,,,,,,,,,,
142279,Nuno Moreira,VAS,MEI,9,5.1,,,,,,3,3,,2,,,,,,1,,,,,
142484,Barrera,BOT,MEI,9,2.1,,,,,,,1,2,,,,,,,,,,,,
142867,Robinho Jr.,SAN,ATA,9,0,,,,,,,,,,,,,,,,,,,,
142890,Montoro,BOT,MEI,9,1.3,,,,,,,,,1,1,,,,,,,,,,
143153,Tarzia,VIT,ATA,9,0,,,,,,,,,,,,,,,,,,,,
143193,Viveros,CAP,ATA,9,2.2,,,,,,,1,1,,3,,,,,2,,,,,
143600,Kauã Moraes,CRU,LAT,9,14,,,,,,1,5,,,2,,1,,,,,,,1,
145400,Cauê,RBB,LAT,9,5,,,,,,,,,,,,,,,,,,,1,
145404,Arthur,PAL,LAT,9,0.5,,,,,,,,,,1,,,,,,,,,,
145744,André,COR,MEI,9,11.4,,1,,,,2,4,,2,2,,1,,,,,,,,
146430,Justino,BOT,ZAG,9,3,,,,,,2,,,,,,,,,,,,,,
147090,Kauã Pascini,CAM,LAT,9,5,,,,,,,,,,,,,,,,,,,1,
147194,Bruninho,?,?,9,0,,,,,,,,,,,,,,,,,,,,
147850,Rodrigo Bellão,?,?,9,6.24,,,,,,,,,,,,,,,,,,,,1
147883,João Vitor,VAS,ATA,9,2,,,,,,1,,,,1,,,,,,,,,,
148717,Tetê,SAO,ATA,9,0,,,,,,,,,,,,,,,,,,,,
37457,Léo Condé,REM,TEC,9,4.28,,,,,,,,,,,,,,,,,,,,
37656,Fábio,FLU,GOL,9,4.7,,,,4,,,,,,1,,,,1,,,,,,
39148,Hulk,FLU,ATA,9,7,1,,,,,,,1,1,,,,,,,,,,,
39850,Vagner Mancini,RBB,TEC,9,11.12,,,,,,,,,,,,,,,,,,,,1
40990,Dorival Júnior,SAO,TEC,9,3.07,,,,,,,,,,,,,,,,,,,,
41929,Renato Gaúcho,?,?,9,3.99,,,,,,,,,,,,,,,,,,,,
42411,Cuca,SAN,TEC,9,8.54,,,,,,,,,,,,,,,,,,,,1
42500,Fagner,CRU,LAT,9,6.5,,,,,,1,,,,,,,,,,,,,1,
51413,Walter,MIR,GOL,9,-0.1,,,,3,,,,,,,,,,3,,1,,,,
51772,Everton Ribeiro,BAH,MEI,9,1.2,,,,,,,1,,,3,,,,,,,,,,
62977,Ganso,FLU,MEI,9,1.2,,,,,,,,1,,,,,,,,,,,,
63007,Neymar,SAN,MEI,9,7.8,1,1,,,,,1,,1,7,,,,,2,,,,,
63008,Rafael Tolói,SAO,ZAG,9,-1.4,,1,,,,,3,,,1,,,,,,,,,,
63289,Edenílson,BOT,MEI,9,6,1,,,,,,,,,2,,,,,,,,,,
68685,Alan Patrick,INT,MEI,9,2.5,,,,,,1,,,,2,,,,,,,,,,
68822,Rafael Santos,CHA,GOL,9,1.2,,,,4,,,,,,,,,,4,,,,,,
68920,Dudu,CAM,ATA,9,9.2,,,,,,,,1,,,,1,,,,,,,,
68928,Rafael,SAO,GOL,9,3.4,,,,3,,,,,,1,,,,1,,,,,,
68938,Giovanni Augusto,CHA,MEI,9,0,,,,,,,,,,,,,,,,,,,,
68996,Willian José,BAH,ATA,9,0,,,,,,,,,,,,,,,,,,,,
69012,Santos,CAP,GOL,9,-0.4,,,,2,,,,,,,,,,3,,,,,,
69140,Allan,BOT,MEI,9,0.3,,,,,,1,4,,,,,,,,,,,,,
69208,Gabriel Paulista,COR,ZAG,9,3.6,,,,,,1,,,2,1,,,,,,,,,,
69783,Danilo,FLA,ZAG,9,0,,,,,,,,,,,,,,,,,,,,
70592,Felipe Anderson,PAL,MEI,9,3.5,,,,,,2,,,,1,,,,,,,,,,
70666,Marllon,REM,ZAG,9,-0.3,,,,,,,1,,,,,,,,,,,,,
70944,Bruno Henrique,INT,MEI,9,1.5,,,,,,1,,,,,,,,,,,,,,
70958,Jean Carlos,?,?,9,2.1,,,,,,,1,1,1,1,,,,,1,,,,,
71043,Léo Vieira,BAH,GOL,9,10.2,,,,4,,,,,,,,,,,,,,,1,
71123,Thiago Mendes,VAS,MEI,9,1.6,,,,,,,2,,1,3,,,,,1,,,,,
71536,Luiz Gustavo,CAP,MEI,9,2.5,,,,,,1,,,,2,,,,,,,,,,
71631,Weverton,GRE,GOL,9,1.6,,,,2,,,,,,2,,,,2,,,,,,
71898,Gabriel Pires,?,?,9,5.8,1,,,,,,,,1,,,,,,,,,,,
72018,Tiago Volpi,RBB,GOL,9,6.3,,,,1,,,,,,,,,,,,,,,1,
72294,Everson,CAM,GOL,9,10.2,,,,4,,,,,,,,,,,,,,,1,
72460,Bernard,CAM,MEI,9,9.2,,,,,,,,1,,,,1,,,,,,,,
72493,Alex Telles,BOT,LAT,9,7.9,,,,,,,2,,,1,,1,,,,,,,,
72951,Mercado,INT,ZAG,9,5,,,,,,3,,,,1,,,,,,,,,,
73384,Samuel Xavier,FLU,LAT,9,2.4,,,,,,,1,1,,3,,,,,,,,,,
77656,Cédric Soares,SAO,LAT,9,1.5,,,,,,1,,,,,,,,,,,,,,
77777,João Schmidt,SAN,MEI,9,-0.3,,,,,,,1,,,,,,,,,,,,,
78117,Everaldo,BAH,ATA,9,18.8,,1,,,,2,4,,,4,,2,,,,,,,,
78248,Gustavo Henrique,COR,ZAG,9,-0.3,,,,,,,1,,,,,,,,,,,,,
78445,Renê,FLU,LAT,9,2,,,,,,1,,,,1,,,,,,,,,,
78478,Willian Arão,SAN,MEI,9,1.5,,,,,,1,,,,,,,,,,,,,,
78605,Gabriel,RBB,MEI,9,11,,,,,,2,,,,,,1,,,,,,,,
79437,Roger Machado,?,?,9,4.33,,,,,,,,,,,,,,,,,,,,
79631,Cano,FLU,ATA,9,0,,,,,,,,,,,,,,,,,,,,
80129,Jadson,CAP,MEI,9,-0.8,,1,,,,,1,,,1,,,,,,,,,,
80196,Yago Pikachu,REM,MEI,9,1.7,,,,,,,,1,,1,,,,,,,,,,
80287,Luciano,SAO,ATA,9,-0.1,,,,,,,,,,,,,,,1,,,,,
80570,Wendell,SAO,LAT,9,9.9,1,,,,,3,2,,,2,,,,,,,,,,
81005,André Luis,MIR,ATA,9,-1,,1,,,,,,,,,,,,,,,,,,
81720,Lingard,COR,ATA,9,2,,,,,,,,1,1,,,,,,,,,,,
81845,Alisson,FLU,MEI,9,0,,,,,,,,,,,,,,,,,,,,
81952,Willian Oliveira,?,?,9,1.5,,,,,,1,,,,,,,,,,,,,,
82627,Luiz Araújo,FLA,ATA,9,1.7,,,,,,1,1,,,1,,,,,,,,,,
82628,Tinga,CFC,LAT,9,1.3,,,,,,,,,1,1,,,,,,,,,,
82730,Marcelo Rangel,REM,GOL,9,-0.7,,,,1,,,,,,,,,,2,,,,,,
82775,Lucas Ramon,SAO,LAT,9,4.7,,,,,,3,1,,,1,,,,,,,,,,
84042,Tiquinho Soares,?,?,9,0.7,,1,,,,,3,,2,2,,,,,,,,,,
84339,Bruno Melo,CFC,LAT,9,2.8,,,,,,2,4,,,2,,,,,,,,,,
84558,Lucas Romero,CRU,MEI,9,-0.3,,,,,,,1,,,,,,,,,,,,,
84626,Josué,CFC,MEI,9,1.3,,,,,,,,,1,1,,,,,,,,,,
84674,Lucas Evangelista,PAL,MEI,9,1.5,,,,,,1,,,,,,,,,,,,,,
84735,Jorginho,FLA,MEI,9,3.2,,,,,,2,1,,,1,,,,,,,,,,
84847,Luan Peres,SAN,ZAG,9,6.5,,,,,,1,,,,,,,,,,,,,1,
85403,Danielzinho,SAO,MEI,9,0.5,,,,,,,,,,1,,,,,,,,,,
85626,Léo,CAP,ZAG,9,5.1,,,,,,4,3,,,,,,,,,,,,,
86292,Bolasie,CHA,ATA,9,1.5,,,,,,,2,,2,1,,,,,,,,,,
86410,Victor Luis,MIR,LAT,9,4.4,,,,,,3,2,,,1,,,,,,,,,,
86485,Keno,CFC,ATA,9,3,,,,,,,,1,1,2,,,,,,,,,,
86686,Tchê Tchê,VAS,MEI,9,9.7,,,,,,1,2,,1,,,1,,,,,,,,
86757,Everton,FLA,ATA,9,1,,1,,,,1,1,,1,,,,,,,,,,,
86859,José Welison,REM,MEI,9,7.2,,1,,,,4,2,,1,4,,,,,,,,,,
87008,Léo Jardim,VAS,GOL,9,4.2,,,,4,,,,,,,,,,1,,,,,,
87258,Soteldo,FLU,ATA,9,0,,,,,,,,,,,,,,,,,,,,
87470,Thaciano,SAN,MEI,9,8.2,,1,,,,1,1,,,,,1,,,,,,,,
87742,Neto Moura,MIR,MEI,9,3.3,,,,,,1,1,,2,1,,,,,,,,,,
87999,Gustavo Scarpa,CAM,MEI,9,4.3,,,,,,,,,1,1,1,,,,,,,,,
88037,Luís Castro,GRE,TEC,9,3.34,,,,,,,,,,,,,,,,,,,,
88293,Neto Pessoa,CHA,ATA,9,0.8,,,,,,,,,1,,,,,,,,,,,
88393,Ayrton Lucas,FLA,LAT,9,0.9,,,,,,,1,1,,,,,,,,,,,,
88717,Celso Rodrigues,?,?,9,3.15,,,,,,,,,,,,,,,,,,,,
88963,Leonardo Jardim,FLA,TEC,9,1.57,,,,,,,,,,,,,,,,,,,,
89256,Gerson,CRU,MEI,9,3.8,,,,,,2,,,1,,,,,,,,,,,
89274,Andreas Pereira,PAL,MEI,9,9.3,1,,,,,2,1,,2,,,,,,,,,,,
89275,William,CRU,LAT,9,9.5,,,,,,3,,,,,,,,,,,,,1,
89368,Braithwaite,GRE,ATA,9,0.2,,,,,,,1,,,1,,,,,,,,,,
89637,Thiago Maia,INT,MEI,9,0,,,,,,,,,,,,,,,,,,,,
89837,Lucho Acosta,FLU,MEI,9,0.3,,1,,,,,,,1,1,,,,,,,,,,
89840,Calleri,SAO,ATA,9,11.5,,,,,,1,3,,3,1,,1,,,,,,,,
89883,Dodi,GRE,MEI,9,-1.6,,1,,,,,2,,,,,,,,,,,,,
90031,Mendoza,CAP,ATA,9,4.9,,,,,,1,2,,,2,1,,,,,,,,,
90302,Pedro Rocha,CFC,ATA,9,1.2,,,,,,,,1,,,,,,,,,,,,
90309,David,VAS,ATA,9,-0.3,,,,,,,2,,,1,,,,,2,,,,,
90370,Matheus Pereira,COR,MEI,9,2,,1,,,,1,3,2,,,,,,,,,,,,
90608,Chico da Costa,CRU,ATA,9,0,,,,,,,,,,,,,,,,,,,,
90703,Matheuzinho,VIT,MEI,9,0,,,,,,,,,,,,,,,,,,,,
90768,Fabrício Bruno,CRU,ZAG,9,9.2,,,,,,2,,1,,,,,,,,,,,1,
91473,Erick Pulgar,FLA,MEI,9,-0.3,,,1,,,2,1,,,,,,,,,,,,,
91607,Rony,SAN,ATA,9,0.6,,1,,,,1,1,,,1,,,,,1,,,,,
91772,David Duarte,BAH,ZAG,9,4.9,,1,,,,1,2,,,,,,,,,,,,1,
91908,Pavón,GRE,ATA,9,5.3,,,,,,3,,,1,,,,,,,,,,,
92087,Lyanco,CAM,ZAG,9,10.5,,,,,,3,1,,1,1,,,,,,,,,1,
92171,Arthur Cabral,BOT,ATA,9,9.4,,,,,,1,2,,,1,,1,,,,,,,,
92180,Jair Ventura,VIT,TEC,9,2.05,,,,,,,,,,,,,,,,,,,,
92273,Odair Hellmann,CAP,TEC,9,2.33,,,,,,,,,,,,,,,,,,,,
92747,Eduardo Domínguez,CAM,TEC,9,12.13,,,,,,,,,,,,,,,,,,,,1
92811,Bruno Rodrigues,CRU,ATA,9,0.5,,,,,,,,,,1,,,,,,,,,,
92854,Borré,?,?,9,-0.9,,,,,,,3,,,,,,,,,,,,,
92981,Ronaldo,INT,MEI,9,-0.3,,,,,,,1,,,,,,,,,,,,,
93368,Lucas Veríssimo,SAN,ZAG,9,11.5,,,,,,4,1,,1,,,,,,,,,,1,
93411,Cantalapiedra,?,?,9,2,,,,,,1,,,,1,,,,,,,,,,
93478,Wanderson,CRU,ATA,9,-0.1,,,,,,,,,,,,,,,1,,,,,
93716,Paulo Henrique,VAS,LAT,9,6.7,1,1,,,,2,1,,,,,,,,,,,,,
93790,Marlon Freitas,PAL,MEI,9,19.1,,,,,,1,,,2,,,2,,,,,,,,
94034,Kevin Ramírez,CHA,ATA,9,4.2,,,,,,,,1,,,1,,,,,,,,,
94067,Matheus Fernandes,RBB,MEI,9,4.5,,1,,,,3,2,,2,,,,,,,,,,,
94583,Pedro,FLA,ATA,9,0.5,,,,,,,,,,1,,,,,,,,,,
94930,Lucas Paquetá,FLA,MEI,9,-0.2,,,,,,,2,,,1,,,,,1,,,,,
94968,Juninho Capixaba,RBB,LAT,9,14,1,,,,,2,,,,2,,,,,,,,,1,
95131,Gabriel Taliari,REM,ATA,9,4.2,,,,,,,,1,2,3,,,,,1,,,,,
95362,Cassierra,CAM,ATA,9,0,,,,,,,,,,,,,,,,,,,,
95466,Igor Vinícius,SAN,LAT,9,4.7,,,,,,,1,,,,,,,,,,,,1,
95620,Bruno Leonardo,CHA,ZAG,9,2.7,,,,,,2,1,,,,,,,,,,,,,
95799,Artur,SAO,ATA,9,2.4,,,,,,,,1,1,1,,,,,1,,,,,
96342,Charles,COR,MEI,9,-0.3,,,,,,,1,,,,,,,,,,,,,
96591,Renan Lodi,CAM,LAT,9,9.5,,,,,,,,,,3,1,,,,,,,,1,
96610,Matheus Pereira,CRU,MEI,9,8,1,1,,,,2,4,,1,3,,,,,1,,,,,
96652,Allan,COR,MEI,9,-2.6,,1,1,,,,1,1,,1,,,,,,,,,,
96793,Camutanga,VIT,ZAG,9,3,,,,,,2,,,,,,,,,,,,,,
96870,Emerson Royal,FLA,LAT,9,2.4,,,,,,2,2,,,,,,,,,,,,,
97321,Alesson,MIR,ATA,9,9.6,,,,,,5,2,1,,3,,,,,,,,,,
97341,Rogério Ceni,BAH,TEC,9,9.96,,,,,,,,,,,,,,,,,,,,1
97432,Victor Caetano,CHA,ZAG,9,-0.1,,1,,,,1,2,,,,,,,,,,,,,
97460,João Victor,MIR,ZAG,9,1.5,,,,,,1,,,,,,,,,,,,,,
97520,Shaylon,MIR,MEI,9,9.5,,,,,,1,,,,,,1,,,,,,,,
97653,Murilo,PAL,ZAG,9,-0.6,,,,,,,2,,,,,,,,,,,,,
97795,Marcelinho,REM,LAT,9,7.7,,,,,,4,,1,,1,,,,,,,,,,
97810,Erick,VIT,ATA,9,2.7,,,,,,,1,,,6,,,,,,,,,,
97867,Léo Ortiz,FLA,ZAG,9,2,,,,,,1,,,,1,,,,,,,,,,
97868,Iago,BAH,LAT,9,5,,,,,,,,,,,,,,,,,,,1,
97878,Jacy,CFC,ZAG,9,3.5,,,,,,2,1,,1,,,,,,,,,,,
97900,Vitão,FLA,ZAG,9,0.8,,,,,,,,,1,,,,,,,,,,,
97911,Lucas Silva,VIT,ATA,9,0,,,,,,,,,,,,,,,,,,,,
97969,Marcos Vinícius,?,?,9,5.2,,,,,,1,3,,2,,1,,,,,,,,,
98022,Erick,BAH,MEI,9,3.5,,,,,,2,,,,1,,,,,,,,,,
98224,Jáderson,REM,MEI,9,0,,,,,,,,,,,,,,,,,,,,
98280,Bastos,?,?,9,1.7,,1,,,,2,1,,,,,,,,,,,,,
98384,Negueba,MIR,ATA,9,2.2,,1,,,,2,1,,,1,,,,,,,,,,
98517,Jean Lucas,BAH,MEI,9,6.2,1,,,,,1,1,,,,,,,,,,,,,
98672,Savarino,FLU,MEI,9,4,,,,,,1,,1,1,1,,,,,,,,,,
98720,Angileri,COR,LAT,9,1.5,,,,,,1,,,,,,,,,,,,,,
98873,Samuel Lino,FLA,ATA,9,1,,,,,,,,,,2,,,,,,,,,,
98909,Cuello,CAM,ATA,9,19.4,1,,,,,3,,,,4,,1,,,1,,,,,
99228,De la Cruz,FLA,MEI,9,-0.1,,,,,,,2,,,1,,,,,,,,,,
99366,Luis Zubeldía,FLU,TEC,9,7.75,,,,,,,,,,,,,,,,,,,,1
99440,Baralhas,VIT,MEI,9,3.9,,1,,,,3,2,,,2,,,,,,,,,,
99552,Rossi,FLA,GOL,9,0.9,,,,3,,,,,,,,,,3,,,,,,
99789,Brenner,VAS,ATA,9,1.2,,,,,,,,1,,,,,,,,,,,,
99815,Arias,PAL,MEI,9,4.7,,,,,,2,,1,,1,,,,,,,,,,
100652,Yuri Alberto,COR,ATA,10,1,,,,,,1,1,,,,,,,,2,,,,,
100742,Matheus Henrique,CRU,MEI,10,0.5,,,,,,,,,,1,,,,,,,,,,
100804,Tchamba,REM,ZAG,10,7,,,,,,1,,,,1,,,,,,,,,1,
100842,Ruan,CAM,ZAG,10,1.1,,,,,,1,1,,,,,,,,1,,,,,
100848,Luan Cândido,VIT,LAT,10,0,,,,,,,,,,,,,,,,,,,,
100898,Vitinho,BOT,LAT,10,4.9,,,,,,3,2,,,2,,,,,,,,,,
100969,Ronald Lopes,?,?,10,-1.9,,1,,,,,3,,,,,,,,,,,,,
101002,Júnior Santos,BOT,ATA,10,3.6,,1,,,,2,2,1,,2,,,,,,,,,,
101254,Alef Manga,REM,ATA,10,1.5,,,,,,2,,1,1,1,,,,,,,1,,,
101290,Ferreira,SAO,ATA,10,26,,1,,,,1,1,,1,2,,3,,,,,,,,
101314,Ademir,BAH,ATA,10,2.2,,,,,,1,1,,,2,,,,,,,,,,
101319,Guga,FLU,LAT,10,-0.3,,,,,,,1,,,,,,,,,,,,,
101393,Eduardo Doma,CHA,ZAG,10,4.7,,,,,,2,1,1,1,,,,,,,,,,,
101405,Wallisson,MIR,MEI,10,0,,,,,,,,,,,,,,,,,,,,
101574,Hugo Souza,COR,GOL,10,1.6,,,,2,,,,,,,,,,1,,,,,,
101597,Ramon,VIT,LAT,10,2.6,,,,,,,1,2,,1,,,,,,,,,,
101708,Felipe Jonatan,CFC,LAT,10,2.3,,,,,,1,,,1,,,,,,,,,,,
101715,Alerrandro,INT,ATA,10,0.2,,,,,,,1,,,1,,,,,,,,,,
101727,Matheuzinho,COR,LAT,10,3,,,,,,2,,,,,,,,,,,,,,
101729,Fabinho,CFC,ATA,10,0,,,,,,,,,,,,,,,,,,,,
101807,Oliva,SAN,MEI,10,6.7,1,,,,,1,2,,1,,,,,,,,,,,
101820,Mayk,REM,LAT,10,8,,,,,,2,,,,,,,,,,,,,1,
101960,Vitinho,INT,ATA,10,7.1,1,1,,,,1,3,,,5,,,,,,,,,,
102256,Rollheiser,SAN,MEI,10,0,,,,,,,,,,,,,,,,,,,,
102340,Cacá,VIT,ZAG,10,0.2,,1,,,,,,1,,,,,,,,,,,,
102796,Julimar,?,?,10,9.6,,,,,,,,,2,,,1,,,,,,,,
102975,Escobar,SAN,LAT,10,6.3,,,,,,3,1,,2,1,,,,,,,,,,
103056,Gabriel Brazão,SAN,GOL,10,-1.7,,,,1,,,,,,,,,,3,,,,,,
103295,Eric Ramires,RBB,MEI,10,1.5,,,,,,1,,,,,,,,,,,,,,
103347,Matheus Alexandre,REM,LAT,10,6.5,,,,,,1,,,,,,,,,,,,,1,
103445,Kaio Jorge,CRU,ATA,10,1.2,,,,,,1,1,,,,,,,,,,,,,
103523,Ignácio,FLU,ZAG,10,0.5,,,,,,,1,,1,,,,,,,,,,,
104027,Rafael Guanaes,MIR,TEC,10,3.95,,,,,,,,,,,,,,,,,,,,
104036,Labyad,COR,MEI,10,0.8,,,,,,,,,1,,,,,,,,,,,
104075,Sabino,SAO,ZAG,10,-0.3,,,,,,,1,,,,,,,,,,,,,
104084,Carlos Miguel,PAL,GOL,10,4.7,,,,4,,,,,,1,,,,1,,,,,,
104118,Lucas Arcanjo,VIT,GOL,10,5.5,,,,5,,,,,,,,,,1,,,,,,
104191,Raul,?,?,10,5,,1,,5,,,,,,1,,,,1,,,,,,
104204,Edson Carioca,MIR,ATA,10,1.3,,,,,,,1,,2,,,,,,,,,,,
104470,Everton,CHA,LAT,10,-1,,1,,,,,,,,,,,,,,,,,,
104502,Christian,?,?,10,12.4,,,,,,2,2,1,1,,,1,,,,,,,,
104519,Camilo,CHA,MEI,10,6.3,,,,,,5,4,,,,,,,,,,,,,
104666,Moisés,SAN,ATA,10,0.9,,,,,,,1,1,,,,,,,,,,,,
104693,Newton,SAO,MEI,10,0,,,,,,,,,,,,,,,,,,,,
104758,Enzo Díaz,SAO,LAT,10,5.9,,,,,,4,2,,,1,,,,,,,,,,
104783,Acevedo,BAH,MEI,10,3.1,,,,,,1,2,1,,2,,,,,,,,,,
104811,Sebastián Gómez,CFC,MEI,10,2.4,,1,,,,1,2,1,1,1,,,,,,,,,,
105048,Jajá,REM,ATA,10,0.5,,,,,,,1,,1,,,,,,,,,,,
105068,Reinier,CAM,MEI,10,0.2,,,,,,,2,,1,,,,,,,,,,,
105089,Tetê,GRE,ATA,10,4.5,,,,,,,,2,2,1,,,,,,,,,,
105157,Villagra,INT,MEI,10,1,,,,,,,,,,2,,,,,,,,,,
105175,Khellven,PAL,LAT,10,-0.1,,1,,,,1,2,,,,,,,,,,,,,
105213,Sant'Anna,RBB,LAT,10,5,,,,,,,,,,,,,,,,,,,1,
105300,Ferraresi,BOT,ZAG,10,1,,1,,,,1,1,,1,,,,,,,,,,,
105373,Gabriel Xavier,?,?,10,-1,,1,,,,,,,,,,,,,,,,,,
105436,Carrascal,FLA,MEI,10,10.6,1,,,,,2,,,2,2,,,,,,,,,,
105563,Carlos Vinícius,GRE,ATA,10,2.8,,,,,,1,1,1,,1,,,,,1,,,,,
105647,Maurício,PAL,MEI,10,3.1,,,,,,1,2,1,,2,,,,,,,,,,
105664,Walter Clar,?,?,10,2.8,,,,,,,,1,2,,,,,,,,,,,
105903,Aldo Filho,MIR,MEI,10,6.5,,,,,,4,,,,1,,,,,,,,,,
105949,Rochet,INT,GOL,10,8.1,,,,2,,,,,,1,,,,,,,,,1,
105990,Santiago Mingo,BAH,ZAG,10,-1.8,,,,,,,1,,,3,,,1,,,,,,,
106104,Enamorado,GRE,ATA,10,3.5,,,,,,2,,,,1,,,,,,,,,,
106202,Bruno Gomes,INT,MEI,10,2,,,,,,1,,,,1,,,,,,,,,,
106294,Marcos Antônio,SAO,MEI,10,4.9,1,,,,,,3,,1,,,,,,,,,,,
106323,Caio Alexandre,BAH,MEI,10,-0.1,,,,,,,2,,,1,,,,,,,,,,
106593,Villalba,CRU,ZAG,10,2.2,,,,,,2,2,,1,,,,,,,1,,,,
106708,Igor Formiga,MIR,LAT,10,5,,,,,,3,1,,1,,,,,,,,,,,
107093,Luciano Juba,BAH,LAT,10,-0.4,,1,,,,1,3,,,,,,,,,,,,,
107173,Michel Araújo,BAH,MEI,10,0.8,,,,,,,,,1,,,,,,,,,,,
107231,Danilo,BOT,MEI,10,0.6,,,,,,,2,1,,,,,,,,,,,,
107256,Zé Vitor,VIT,MEI,10,0.6,,,,,,1,3,,,,,,,,,,,,,
107516,Ênio,CHA,ATA,10,5.6,,,,,,,1,2,,7,,,,,,,,,,
107554,Natanael,CAM,LAT,10,12.4,1,,,,,5,,,,,,,,,1,,,,,
107771,Fábio Matias,?,?,10,4.28,,,,,,,,,,,,,,,,,,,,
107873,Bobadilla,SAO,MEI,10,-0.9,,,,,,,3,,,,,,,,,,,,,
107989,Carbonero,INT,ATA,10,0.7,,1,,,,1,2,,,2,,,,,2,,,,,
108133,Isidro Pitta,RBB,ATA,10,8,,1,,,,,1,,1,1,,1,,,,,,,,
108162,Nardoni,GRE,MEI,10,2.2,,,,,,1,,,1,,,,,,1,,,,,
108713,Galeano,MIR,ATA,10,4.7,,,,,,2,,1,,1,,,,,,,,,,
109096,Plata,FLA,ATA,10,8,1,,,,,,,,,,1,,,,,,,,,
109127,Tiago Cóser,CFC,ZAG,10,8.8,,,,,,,,,1,,,1,,,,,,,,
109401,Erick Pulga,BAH,ATA,10,7.2,,,,,,4,,,,3,,,,,3,,,,,
109573,Martinelli,FLU,MEI,10,0.6,,,,,,1,3,,,,,,,,,,,,,
109966,Monsalve,GRE,MEI,10,0.7,,,,,,,1,,,2,,,,,,,,,,
110144,Spinelli,VAS,ATA,10,1,,,,,,,1,,1,1,,,,,,,,,,
110426,Bernabei,INT,LAT,10,15.7,,,,,,1,,1,,,,1,,,,,,,1,
110506,Abel Ferreira,PAL,TEC,10,5.7,,,,,,,,,,,,,,,,,,,,1
110510,Aguirre,INT,LAT,10,5,,,,,,,,,,,,,,,,,,,1,
110598,Marino Hinestroza,VAS,ATA,10,2.5,,,,,,1,1,,1,1,,,,,,,,,,
110668,Esquivel,CAP,LAT,10,4.2,,,,,,3,5,1,,,,,,,,,,,,
110708,Pedro Rangel,CFC,GOL,10,2.9,,,,3,,,,,,,,,,1,,,,,,
110750,Gustavo Marques,RBB,ZAG,10,6.7,,,,,,1,1,,,1,,,,,,,,,1,
110759,John Kennedy,FLU,ATA,10,11,,,,,,,,,,,1,1,,,,,,,,
111246,Alix Vinicius,RBB,ZAG,10,6.2,,,,,,1,1,,,,,,,,,,,,1,
111309,Gustavo Martins,GRE,ZAG,10,7,,,,,,1,1,,1,,,,,,,,,,1,
111466,Victor Gabriel,INT,ZAG,10,3.7,,1,,,,,1,,,,,,,,,,,,1,
111690,Matheus Cunha,INT,GOL,10,-2.7,,,,1,,,,,,,,,,4,,,,,,
111760,Fabinho,RBB,MEI,10,-0.3,,,,,,,1,,,,,,,,,,,,,
111831,Matheus Martins,BOT,ATA,10,9.1,,,,,,,2,1,,1,,1,,,,,,,,
112576,Vini Paulista,CFC,MEI,10,3.2,,,,,,2,1,,,1,,,,,,,,,,
112709,Kaiki Bruno,?,?,10,5.3,,,,,,3,3,1,,1,,,,,,,,,,
112863,Ramón Sosa,PAL,ATA,10,0.5,,,,,,,,,,1,,,,,,,,,,
112886,Lucas Barbosa,RBB,ATA,10,13.1,1,,,,,3,,1,3,,,,,,,,,,,
113034,Freytes,FLU,ZAG,10,0,,,,,,,,,,,,,,,,,,,,
113103,Flaco López,PAL,ATA,10,6.4,1,,,,,1,3,,,2,,,,,2,,,,,
113113,Benavídez,CAP,LAT,10,2,,,,,,1,,,,1,,,,,,,,,,
113125,Picco,REM,MEI,10,3.3,,,,,,3,4,,,,,,,,,,,,,
113157,Nathan Mendes,VIT,LAT,10,0.5,,,,,,,,,,1,,,,,,,,,,
113359,Pablo Maia,SAO,MEI,10,-0.3,,,,,,,1,,,,,,,,,,,,,
113397,Cristian Olivera,BAH,ATA,10,3.1,,,,,,,2,2,1,1,,,,,,,,,,
115479,Paulo Pezzolano,INT,TEC,10,7.15,,,,,,,,,,,,,,,,,,,,1
115914,Evertton Araújo,FLA,MEI,10,0.8,,,,,,,,,1,,,,,,,,,,,
116034,Victor Hugo,CAM,MEI,10,13.3,,,,,,2,,,1,3,,1,,,,,,,,
116065,Cuiabano,VAS,LAT,10,3.2,,,,,,2,1,,,1,,,,,,,,,,
116447,Hércules,FLU,MEI,10,3.6,,,,,,3,3,,,,,,,,,,,,,
116706,Andrés Gómez,VAS,ATA,10,1.6,,,,,,,2,1,,2,,,,,,,,,,
117330,Robert Renan,VAS,ZAG,10,3,,,,,,2,,,,,,,,,,,,,,
117632,Garro,COR,MEI,10,4.4,,,,,,,,2,,4,,,,,,,,,,
117910,Breno Bidon,COR,MEI,10,3.5,,,,,,1,,,,4,,,,,,,,,,
118655,Saldivia,VAS,ZAG,10,3.6,,1,,,,2,2,1,,2,,,,,,,,,,
118775,Lautaro Díaz,SAN,ATA,10,9.6,,,,,,,,,2,,,1,,,,,,,,
120433,Léo Derik,CAP,LAT,10,1.5,,,,,,1,,,,,,,,,,,,,,
122138,João Vitor,?,?,10,1.9,,,,,,,2,1,1,1,,,,,,,,,,
122485,Barros,VAS,MEI,10,3.7,,,,,,1,1,,,5,,,,,,,,,,
123016,David Braga,REM,MEI,10,2.2,,1,,,,2,1,,,1,,,,,,,,,,
123101,Leozinho,CAP,ATA,10,0,,,,,,,,,,,,,,,,,,,,
123360,Cauly,SAO,MEI,10,1.3,,,,,,,,,1,1,,,,,,,,,,
123625,Ítalo,?,?,10,1.8,,,,,,,,,1,2,,,,,,,,,,
123648,Lucas Ronier,CFC,ATA,10,5,,,,,,1,,1,1,3,,,,,,,,,,
123738,Herrera,RBB,ATA,10,0.7,,1,,,,1,2,,1,,,,,,,,,,,
123869,Aguirre,CAP,ZAG,10,-1.7,,1,,,,,4,,,1,,,,,,,,,,
124239,Henry Mosquera,RBB,ATA,10,6.5,,,,,,3,,1,,2,,,,,2,,,,,
124424,Rodrigo Castillo,FLU,ATA,10,-1.1,,,,,,,5,,,1,,,,,1,,,,,
124526,Giay,PAL,LAT,10,-0.5,,1,,,,1,3,,,,,,,,1,,,,,
124912,Jonathan Jesus,CRU,ZAG,10,0.5,,,,,,,,,,1,,,,,,,,,,
125467,Viery,?,?,10,7.3,,,,,,1,,,1,,,,,,,,,,1,
125746,Dudu,CAP,MEI,10,1.2,,,,,,1,1,,,,,,,,,,,,,
126120,Marcelinho,RBB,MEI,10,3.2,,,,,,1,,1,,1,,,,,,,,,,
126182,Paulinho,INT,MEI,10,4.2,,,,,,2,1,,,3,,,,,,,,,,
126189,Tomás Pérez,CAM,MEI,10,1.5,,,,,,1,,,,,,,,,,,,,,
126471,Barreal,SAN,MEI,10,0.3,,1,,,,1,,,1,,,,,,,1,,,,
126977,Fernando Seabra,CFC,TEC,10,4.37,,,,,,,,,,,,,,,,,,,,
127273,Artur Jorge,CRU,TEC,10,3.68,,,,,,,,,,,,,,,,,,,,
128431,João Cruz,CAP,MEI,10,5,1,,,,,,,,,,,,,,,,,,,
128433,Johan Rojas,VAS,MEI,10,1.7,,,,,,,,1,,1,,,,,,,,,,
130209,Renê,VIT,ATA,10,3.7,,,,,,1,,1,,2,,,,,,,,,,
130232,Caio Roque,BOT,LAT,10,7.5,1,,,,,1,,,,2,,,,,,,,,,
130612,Luighi,?,?,10,0.9,,1,,,,1,2,,,2,,,,,,,,,,
130620,Edenílson,VIT,MEI,10,-1.8,,,1,,,1,1,,,,,,,,,,,,,
130843,Arthur Dias,CAP,ZAG,10,0,,,,,,,,,,,,,,,,,,,,
131516,JP Chermont,CFC,LAT,10,0.9,,,,,,,1,1,,,,,,,,,,,,
131617,André Silva,SAO,ATA,10,-0.3,,,,,,,1,,,,,,,,,,,,,
131832,Portilla,CAP,MEI,10,4.7,,,,,,2,,1,,1,,,,,,,,,,
131967,Villarreal,CRU,ATA,10,0,,,,,,,,,,,,,,,,,,,,
132071,Serna,FLU,ATA,10,3.7,,,,,,2,1,,,2,,,,,,,,,,
132264,Arroyo,CRU,ATA,10,9.2,1,,,,,,,1,,6,,,,,,,,,,
140438,David,CHA,MEI,10,2.6,,,,,,1,,,2,1,,,,,,1,,,,
141451,Allan,PAL,MEI,10,4,,,,,,2,,,,2,,,,,,,,,,
141594,Pedro Gabriel,GRE,LAT,10,4.7,,,,,,,1,,,,,,,,,,,,1,
141595,Gabriel Mec,GRE,ATA,10,1,,,,,,,,,,2,,,,,,,,,,
141754,Gabriel Bontempo,SAN,MEI,10,4.7,,1,,,,4,1,,,,,,,,,,,,,
141776,Gustavo Henrique,SAN,MEI,10,1.5,,,,,,1,,,,,,,,,,,,,,
141995,Dieguinho,COR,MEI,10,0,,,,,,,,,,,,,,,,,,,,
142004,Amuzu,GRE,ATA,10,10.6,,,,,,3,1,,3,2,1,,,,,,,,,
142260,Bernardo Zortea,GRE,MEI,10,1,,,,,,1,1,,1,,,,,,,1,,,,
142265,Dell,BAH,ATA,10,-0.3,,,,,,,1,,,,,,,,,,,,,
142279,Nuno Moreira,VAS,MEI,10,1.3,,,,,,,,,1,1,,,,,,,,,,
142877,Villalba,BOT,ATA,10,11,,,,,,2,,,,,,1,,,,,,,,
142890,Montoro,BOT,MEI,10,6.5,1,,,,,1,,,,,,,,,,,,,,
143153,Tarzia,VIT,ATA,10,3.4,,,,,,1,2,1,1,1,,,,,,,,,,
143193,Viveros,CAP,ATA,10,0.4,,,,,,,2,,,2,,,,,,,,,,
143600,Kauã Moraes,CRU,LAT,10,1.9,,,,,,1,2,,,2,,,,,,,,,,
145404,Arthur,PAL,LAT,10,5.6,,,,,,3,2,1,,1,,,,,,,,,,
145744,André,COR,MEI,10,5.4,,,,,,3,2,,,3,,,,,,,,,,
146375,Kadir,BOT,ATA,10,2.2,,,,,,1,1,,,2,,,,,,,,,,
146430,Justino,BOT,ZAG,10,-1,,1,,,,,,,,,,,,,,,,,,
147088,Cissé,CAM,MEI,10,0,,,,,,,,,,,,,,,,,,,,
147194,Bruninho,?,?,10,-0.3,,,,,,,1,,,,,,,,,,,,,
147268,Anderson Pato,VIT,ATA,10,1,,1,,,,1,1,,1,,,,,,,,,,,
148125,Ryan Augusto,RBB,LAT,10,11.2,,,,,,4,1,,,1,,,,,,,,,1,
149990,Franclim Carvalho,BOT,TEC,10,6.71,,,,,,,,,,,,,,,,,,,,1
37457,Léo Condé,REM,TEC,10,6.27,,,,,,,,,,,,,,,,,,,,
37656,Fábio,FLU,GOL,10,2.9,,,,3,,,,,,,,,,1,,,,,,
39148,Hulk,FLU,ATA,10,1.2,,,,,,,1,,,3,,,,,,,,,,
39656,Alan Franco,CAM,MEI,10,0,,,,,,,,,,,,,,,,,,,,
39850,Vagner Mancini,RBB,TEC,10,9.22,,,,,,,,,,,,,,,,,,,,1
41929,Renato Gaúcho,?,?,10,4.3,,,,,,,,,,,,,,,,,,,,
42411,Cuca,SAN,TEC,10,3.56,,,,,,,,,,,,,,,,,,,,
51413,Walter,MIR,GOL,10,2.9,,,,3,,,,,,,,,,1,,,,,,
51772,Everton Ribeiro,BAH,MEI,10,8.9,1,,,,,1,1,1,,3,,,,,,,,,,
62977,Ganso,FLU,MEI,10,2.5,,,,,,1,,,,2,,,,,,,,,,
63008,Rafael Tolói,SAO,ZAG,10,4.5,,,,,,3,,,,,,,,,,,,,,
63289,Edenílson,BOT,MEI,10,0.6,,,,,,,2,1,,,,,,,,,,,,
68708,Eduardo,MIR,MEI,10,1,,,,,,,1,,1,1,,,,,,,,,,
68822,Rafael Santos,CHA,GOL,10,8.1,,,,7,,,,,,,,,,1,,,,,,
68920,Dudu,CAM,ATA,10,0.9,,,,,,,1,1,,,,,,,,,,,,
68928,Rafael,SAO,GOL,10,6.8,,,,6,,,,,,,,,,1,,,,,,
68996,Willian José,BAH,ATA,10,0,,,,,,,,,,,,,,,,,,,,
69012,Santos,CAP,GOL,10,1.9,,,,3,,,,,,,,,,2,,,,,,
69140,Allan,BOT,MEI,10,5.7,,,,,,4,1,,,,,,,,,,,,,
70592,Felipe Anderson,PAL,MEI,10,1.3,,,,,,,,,1,1,,,,,,,,,,
70666,Marllon,REM,ZAG,10,6.2,,,,,,1,1,,,,,,,,,,,,1,
70944,Bruno Henrique,INT,MEI,10,-0.6,,,,,,,2,,,,,,,,,,,,,
70958,Jean Carlos,?,?,10,1.6,,,,,,,,,2,,,,,,,,,,,
71043,Léo Vieira,BAH,GOL,10,3.2,,,,4,,,,,,,,,,2,,,,,,
71123,Thiago Mendes,VAS,MEI,10,1,,,,,,,,,,2,,,,,,,,,,
71227,Maicon,CFC,ZAG,10,-0.3,,,,,,,1,,,,,,,,,,,,,
71536,Luiz Gustavo,CAP,MEI,10,2.8,,,,,,,,,1,4,,,,,,,,,,
71631,Weverton,GRE,GOL,10,15.9,,,,3,1,,,,,,,,,,,,,,1,
71684,Gustavo Gómez,PAL,ZAG,10,0,,,,,,,,,,,,,,,,,,,,
71898,Gabriel Pires,?,?,10,6.8,,,,,,2,,,1,,1,,,,,,,,,
72018,Tiago Volpi,RBB,GOL,10,8.9,,,,3,,,,,,,,,,,,,,,1,
72294,Everson,CAM,GOL,10,2.1,,,,2,,,,,,1,,,,1,,,,,,
72391,Fernando Diniz,COR,TEC,10,2.82,,,,,,,,,,,,,,,,,,,,
72460,Bernard,CAM,MEI,10,1,,,,,,,,,,2,,,,,,,,,,
72493,Alex Telles,BOT,LAT,10,1.5,,,,,,1,,,,,,,,,,,,,,
72605,Vitor Hugo,CAM,ZAG,10,3,,,,,,1,1,,1,2,,,,,,,,,,
72951,Mercado,INT,ZAG,10,9.4,,,,,,3,2,,,1,,,,,,,,,1,
78117,Everaldo,BAH,ATA,10,3,,,,,,1,2,,2,1,,,,,,,,,,
78248,Gustavo Henrique,COR,ZAG,10,4.2,,,,,,2,2,,1,2,,,,,,,,,,
78435,Vitinho,COR,ATA,10,0.8,,,,,,,,,1,,,,,,,,,,,
78478,Willian Arão,SAN,MEI,10,2.7,,,,,,2,1,,,,,,,,,,,,,
78605,Gabriel,RBB,MEI,10,3,,,,,,2,,,,,,,,,,,,,,
78850,Reinaldo,MIR,LAT,10,1.7,,,,,,1,2,,1,,,,,,,,,,,
79437,Roger Machado,?,?,10,6.73,,,,,,,,,,,,,,,,,,,,1
79631,Cano,FLU,ATA,10,1.6,,,,,,,,,2,,,,,,,,,,,
79701,Lucas Silva,CRU,MEI,10,0,,,,,,,,,,,,,,,,,,,,
80129,Jadson,CAP,MEI,10,3,,,,,,2,,,,,,,,,,,,,,
80196,Yago Pikachu,REM,MEI,10,0.1,,,1,,,,1,2,,,,,,,,,,1,,
80287,Luciano,SAO,ATA,10,-0.9,,,,,,,3,,,,,,,,,,,,,
80570,Wendell,SAO,LAT,10,-1.7,,1,,,,,4,,,1,,,,,,,,,,
81005,André Luis,MIR,ATA,10,0.8,,,,,,,,,1,,,,,,,,,,,
81720,Lingard,COR,ATA,10,-2.2,,1,,,,,4,,,,,,,,,,,,,
81845,Alisson,FLU,MEI,10,0,,,,,,,,,,,,,,,,,,,,
82455,Zé Rafael,?,?,10,0.5,,,,,,,,,,1,,,,,,,,,,
82463,Otávio,FLU,MEI,10,0,,,,,,,,,,,,,,,,,,,,
82627,Luiz Araújo,FLA,ATA,10,3,,,,,,2,,,,,,,,,,,,,,
82628,Tinga,CFC,LAT,10,0,,,,,,,,,,,,,,,,,,,,
82730,Marcelo Rangel,REM,GOL,10,8.9,,,,3,,,,,,,,,,,,,,,1,
82775,Lucas Ramon,SAO,LAT,10,0.5,,,,,,,,,,1,,,,,,,,,,
83257,Gabriel,SAN,ATA,10,0.5,,,,,,,1,,1,,,,,,,,,,,
83263,Yuri Lara,?,?,10,1.5,,,,,,1,,,,,,,,,,,,,,
83433,Patrick,REM,MEI,10,7.3,,,,,,4,,,1,1,,,,,,,,,,
83528,Léo Pereira,FLA,ZAG,10,2.3,,,,,,1,,,1,,,,,,,,,,,
84042,Tiquinho Soares,?,?,10,2.8,,,,,,1,,,1,1,,,,,,,,,,
84339,Bruno Melo,CFC,LAT,10,7.2,,,,,,4,1,,,3,,,,,,,,,,
84626,Josué,CFC,MEI,10,6.5,1,,,,,,,,,3,,,,,,,,,,
84674,Lucas Evangelista,PAL,MEI,10,2.5,,,,,,1,,,,2,,,,,,,,,,
84735,Jorginho,FLA,MEI,10,11,,,,,,1,,,,3,,1,,,,,,,,
84816,Varela,FLA,LAT,10,2.5,,,,,,1,1,,1,1,,,,,,,,,,
84847,Luan Peres,SAN,ZAG,10,0.9,,,,,,1,2,,,,,,,,,,,,,
86292,Bolasie,CHA,ATA,10,1.2,,,,,,,1,,2,,,,,,1,,,,,
86686,Tchê Tchê,VAS,MEI,10,0.5,,,,,,,1,,1,,,,,,,,,,,
87008,Léo Jardim,VAS,GOL,10,5.8,,,,6,,,,,,,,,,2,,,,,,
87225,Pedro Henrique,RBB,ZAG,10,5,,,,,,,,,,,,,,,,,,,1,
87228,Guilherme Arana,FLU,LAT,10,4.2,,,,,,2,,1,,,,,,,,,,,,
87258,Soteldo,FLU,ATA,10,2.9,,,,,,,,1,1,2,,,,,1,,,,,
87470,Thaciano,SAN,MEI,10,4.6,,,,,,2,,,2,,,,,,,,,,,
87863,Arrascaeta,FLA,MEI,10,1.8,,,,,,,,,1,,,,,,,,,1,,
87999,Gustavo Scarpa,CAM,MEI,10,8,,,,,,,,,,,,1,,,,,,,,
88037,Luís Castro,GRE,TEC,10,6.07,,,,,,,,,,,,,,,,,,,,
88293,Neto Pessoa,CHA,ATA,10,8,,,,,,,,,,,,1,,,,,,,,
88393,Ayrton Lucas,FLA,LAT,10,1.2,,,,,,,,1,,,,,,,,,,,,
88963,Leonardo Jardim,FLA,TEC,10,6.89,,,,,,,,,,,,,,,,,,,,1
89256,Gerson,CRU,MEI,10,2.2,,,,,,1,1,,,2,,,,,,,,,,
89274,Andreas Pereira,PAL,MEI,10,2.6,,,,,,,1,2,,1,,,,,,,,,,
89275,William,CRU,LAT,10,2.4,,,,,,,,2,,,,,,,,,,,,
89368,Braithwaite,GRE,ATA,10,1.5,,,,,,1,,,,,,,,,,,,,,
89637,Thiago Maia,INT,MEI,10,1.1,,,,,,1,1,,,,,,,,1,,,,,
89840,Calleri,SAO,ATA,10,9.8,,,,,,,1,1,,2,,1,,,1,,,,,
89883,Dodi,GRE,MEI,10,2.3,,,,,,1,,,1,,,,,,,,,,,
90031,Mendoza,CAP,ATA,10,2.3,,,,,,1,,,1,,,,,,,,,,,
90061,Bruno Pacheco,CHA,LAT,10,0.2,,,,,,,1,,,1,,,,,,,,,,
90285,Bruno Henrique,FLA,ATA,10,2.2,,,,,,1,,,1,,,,,,1,,,,,
90302,Pedro Rocha,CFC,ATA,10,1.7,,,,,,1,1,,,1,,,,,,,,,,
90309,David,VAS,ATA,10,8.2,,,,,,,2,,1,,,1,,,,,,,,
90370,Matheus Pereira,COR,MEI,10,-0.3,,,,,,,1,,,,,,,,,,,,,
90532,Arthur Melo,?,?,10,-1,,1,,,,,,,,,,,,,,,,,,
90588,Caíque,VIT,MEI,10,3.4,,,,,,2,2,,,2,,,,,,,,,,
90608,Chico da Costa,CRU,ATA,10,0.8,,,,,,,,,1,,,,,,,,,,,
90703,Matheuzinho,VIT,MEI,10,8.7,,,,,,,1,,,,,1,,,,,,1,,
90768,Fabrício Bruno,CRU,ZAG,10,0,,,,,,,,,,,,,,,,,,,,
90917,Carlos Eduardo,MIR,ATA,10,1.5,,1,,,,,1,,3,1,,,,,1,,,,,
91772,David Duarte,BAH,ZAG,10,10.2,,,,,,,1,1,1,1,,1,,,,,,,,
91866,Zé Ivaldo,REM,ZAG,10,-0.3,,,,,,,1,,,,,,,,,,,,,
91908,Pavón,GRE,ATA,10,2.8,,1,,,,2,,,1,,,,,,,,,,,
92171,Arthur Cabral,BOT,ATA,10,4.6,,,,,,2,3,1,1,1,,,,,,,,,,
92180,Jair Ventura,VIT,TEC,10,3.16,,,,,,,,,,,,,,,,,,,,
92182,Juninho,INT,ZAG,10,5,,,,,,,,,,,,,,,,,,,1,
92273,Odair Hellmann,CAP,TEC,10,3.33,,,,,,,,,,,,,,,,,,,,
92440,André Ramalho,COR,ZAG,10,1.7,,1,,,,1,1,,,3,,,,,,,,,,
92696,Renato Kayzer,VIT,ATA,10,4.7,,,,,,1,,1,,4,,,,,,,,,,
92747,Eduardo Domínguez,CAM,TEC,10,5.66,,,,,,,,,,,,,,,,,,,,1
92854,Borré,?,?,10,-0.2,,,,,,,3,,1,,,,,,1,,,,,
93368,Lucas Veríssimo,SAN,ZAG,10,2,,,,,,1,1,,1,,,,,,,,,,,
93478,Wanderson,CRU,ATA,10,-0.3,,,,,,,1,,,,,,,,,,,,,
93790,Marlon Freitas,PAL,MEI,10,4.5,,,,,,3,,,,,,,,,,,,,,
93988,Breno Lopes,CFC,ATA,10,2.3,,,,,,1,,,1,,,,,,,,,,,
94067,Matheus Fernandes,RBB,MEI,10,4.2,,,,,,3,1,,,,,,,,,,,,,
94514,Lucas Oliveira,MIR,ZAG,10,1.4,,,,,,1,,,,,,,,,1,,,,,
94583,Pedro,FLA,ATA,10,9,,,,,,,,,,2,,1,,,,,,,,
94930,Lucas Paquetá,FLA,MEI,10,8.2,,,,,,,1,,,1,,1,,,,,,,,
94968,Juninho Capixaba,RBB,LAT,10,7.5,,1,,,,1,2,,2,2,,,,,,,,,1,
95131,Gabriel Taliari,REM,ATA,10,6.7,,,,,,3,1,1,1,1,,,,,,,,,,
95332,Marcinho,CHA,ATA,10,-0.3,,,,,,,1,,,,,,,,,,,,,
95362,Cassierra,CAM,ATA,10,-0.3,,,,,,,1,,,,,,,,,,,,,
95556,Raniele,COR,MEI,10,5.9,,,,,,4,3,,1,,,,,,,,,,,
95620,Bruno Leonardo,CHA,ZAG,10,-0.9,,,,,,,3,,,,,,,,,,,,,
95799,Artur,SAO,ATA,10,7.7,1,,,,,,1,,,4,,,,,,,,1,,
96591,Renan Lodi,CAM,LAT,10,3.4,,,,,,1,2,1,1,1,,,,,,,,,,
96610,Matheus Pereira,CRU,MEI,10,4.9,,,,,,,1,1,,8,,,,,,,,,,
96793,Camutanga,VIT,ZAG,10,0.5,,,,,,,,,,1,,,,,,,,,,
97321,Alesson,MIR,ATA,10,2.9,,,,,,1,,,,3,,,,,1,,,,,
97341,Rogério Ceni,BAH,TEC,10,3.82,,,,,,,,,,,,,,,,,,,,
97460,João Victor,MIR,ZAG,10,0.5,,1,,,,1,,,,,,,,,,,,,,
97520,Shaylon,MIR,MEI,10,2.1,,,,,,1,2,1,,,,,,,,,,,,
97653,Murilo,PAL,ZAG,10,1.7,,,,,,1,1,,,1,,,,,,,,,,
97795,Marcelinho,REM,LAT,10,10.8,,,,,,3,,,1,1,,,,,,,,,1,
97810,Erick,VIT,ATA,10,3.7,,,,,,1,,1,,2,,,,,,,,,,
97867,Léo Ortiz,FLA,ZAG,10,1.4,,,,,,1,,,,,,,,,1,,,,,
97878,Jacy,CFC,ZAG,10,5.2,,,,,,3,1,,,2,,,,,,,,,,
97899,Matheus Bahia,INT,LAT,10,5.3,,,,,,,3,1,,,,,,,,,,,1,
97969,Marcos Vinícius,?,?,10,4.5,1,1,,,,,,,,1,,,,,,,,,,
98022,Erick,BAH,MEI,10,1.2,,,,,,1,1,,,,,,,,,,,,,
98224,Jáderson,REM,MEI,10,0,,,,,,,,,,,,,,,,,,,,
98225,Pedro Raul,COR,ATA,10,-0.3,,,,,,,1,,,,,,,,,,,,,
98517,Jean Lucas,BAH,MEI,10,2.7,,,,,,2,1,,,,,,,,,,,,,
98672,Savarino,FLU,MEI,10,1.5,,,,,,1,,,,,,,,,,,,,,
98720,Angileri,COR,LAT,10,1.5,,,,,,,1,,1,2,,,,,,,,,,
98873,Samuel Lino,FLA,ATA,10,2.5,,,,,,1,,,,2,,,,,,,,,,
98909,Cuello,CAM,ATA,10,4.7,,,,,,1,,1,2,1,,,,,1,,,,,
99213,Puma Rodríguez,VAS,LAT,10,10.2,1,1,,,,2,,2,1,,,,,,,,,,,
99228,De la Cruz,FLA,MEI,10,0,,,,,,,,,,,,,,,,,,,,
99274,Alexander Barboza,PAL,ZAG,10,7.3,,,,,,3,,1,2,,,,,,,,,,,
99366,Luis Zubeldía,FLU,TEC,10,3.16,,,,,,,,,,,,,,,,,,,,
99552,Rossi,FLA,GOL,10,0.3,,,,1,,,,,,,,,,1,,,,,,
99815,Arias,PAL,MEI,10,7.2,,1,,,,,1,,,1,,1,,,,,,,,
100652,Yuri Alberto,COR,ATA,11,3.7,,,,,,,,2,1,1,,,,,,,,,,
100742,Matheus Henrique,CRU,MEI,11,1.2,,,,,,1,1,,,,,,,,,,,,,
100804,Tchamba,REM,ZAG,11,2.3,,,,,,1,,,1,,,,,,,,,,,
100842,Ruan,CAM,ZAG,11,4.7,,,,,,3,1,,,1,,,,,,,,,,
100848,Luan Cândido,VIT,LAT,11,7,,,,,,1,,,,1,,,,,,,,,1,
100898,Vitinho,BOT,LAT,11,5.2,1,1,,,,1,1,,,,,,,,,,,,,
100969,Ronald Lopes,?,?,11,0,,,,,,,,,,,,,,,,,,,,
101254,Alef Manga,REM,ATA,11,4.6,,,,,,3,1,,,1,,,,,1,,,,,
101290,Ferreira,SAO,ATA,11,2.1,,,,,,,,,2,1,,,,,,,,,,
101314,Ademir,BAH,ATA,11,1,,,,,,,,,,,,,,,,,,1,,
101319,Guga,FLU,LAT,11,0.5,,,,,,,,,,1,,,,,,,,,,
101393,Eduardo Doma,CHA,ZAG,11,0.7,,1,,,,1,1,,,1,,,,,,,,,,
101405,Wallisson,MIR,MEI,11,4.6,,1,,,,4,3,,,1,,,,,,,,,,
101574,Hugo Souza,COR,GOL,11,10.2,,,,4,,,,,,,,,,,,,,,1,
101597,Ramon,VIT,LAT,11,14.2,,,,,,1,1,,,,,1,,,,,,,1,
101708,Felipe Jonatan,CFC,LAT,11,2.7,,,,,,1,,1,,,,,,,,,,,,
101715,Alerrandro,INT,ATA,11,2,,,,,,,,1,1,,,,,,,,,,,
101727,Matheuzinho,COR,LAT,11,1.6,,1,1,,,1,3,,,,,,,,,,,,1,
101807,Oliva,SAN,MEI,11,0.2,,,,,,,1,,,1,,,,,,,,,,
101820,Mayk,REM,LAT,11,0.9,,,,,,1,2,,,,,,,,,,,,,
101960,Vitinho,INT,ATA,11,8.1,,,,,,3,2,1,,6,,,,,,,,,,
102318,Caio Paulista,GRE,LAT,11,5,,,,,,,,,,,,,,,,,,,1,
102340,Cacá,VIT,ZAG,11,13,,,,,,,,,,,,1,,,,,,,1,
102667,Nathan Fogaça,?,?,11,3.1,,,,,,,1,2,,2,,,,,,,,,,
102796,Julimar,?,?,11,0.2,,1,,,,1,1,,,,,,,,,,,,,
102877,Gabriel Poveda,REM,ATA,11,0,,,,,,,,,,,,,,,,,,,,
102911,Zé Ricardo,REM,MEI,11,1.5,,,,,,1,,,,,,,,,,,,,,
102928,Canobbio,FLU,ATA,11,3.9,,1,,,,2,2,,,5,,,,,,,,,,
102975,Escobar,SAN,LAT,11,6,,1,,,,1,1,,1,,,,,,,,,,1,
103056,Gabriel Brazão,SAN,GOL,11,8.9,,,,3,,,,,,,,,,,,,,,1,
103179,Chris Ramos,?,?,11,1.6,,,,,,,,,2,,,,,,,,,,,
103295,Eric Ramires,RBB,MEI,11,0.5,,,,,,,,,,1,,,,,,,,,,
103388,Emmanuel Martínez,VIT,MEI,11,5.7,,,,,,3,2,,1,2,,,,,,,,,,
103987,Higor Meritão,?,?,11,4.9,,,,,,3,2,,,2,,,,,,,,,,
104027,Rafael Guanaes,MIR,TEC,11,2.18,,,,,,,,,,,,,,,,,,,,
104084,Carlos Miguel,PAL,GOL,11,10.2,,,,4,,,,,,,,,,,,,,,1,
104118,Lucas Arcanjo,VIT,GOL,11,12.8,,,,6,,,,,,,,,,,,,,,1,
104191,Raul,?,?,11,1.9,,,,3,,,,,,,,,,2,,,,,,
104204,Edson Carioca,MIR,ATA,11,2.7,,1,,,,2,3,,2,,,,,,,,,,,
104502,Christian,?,?,11,9.7,,,,,,1,1,,,1,,1,,,,,,,,
104519,Camilo,CHA,MEI,11,1.7,,,,,,1,1,,,1,,,,,,,,,,
104666,Moisés,SAN,ATA,11,9.5,,,,,,,,,,3,,1,,,,,,,,
104758,Enzo Díaz,SAO,LAT,11,1.5,,,,,,1,,,,,,,,,,,,,,
104783,Acevedo,BAH,MEI,11,5.6,,,,,,4,3,,,1,,,,,,,,,,
104811,Sebastián Gómez,CFC,MEI,11,6.5,,,,,,4,,,,1,,,,,,,,,,
105048,Jajá,REM,ATA,11,2.6,,,,,,1,2,1,,1,,,,,,,,,,
105068,Reinier,CAM,MEI,11,4.3,,,,,,2,,,1,1,,,,,,,,,,
105089,Tetê,GRE,ATA,11,3.8,,,,,,1,,,1,3,,,,,,,,,,
105157,Villagra,INT,MEI,11,0.9,,1,,,,1,2,,,2,,,,,,,,,,
105175,Khellven,PAL,LAT,11,8.5,,,,,,2,,,,1,,,,,,,,,1,
105214,Santi Rodríguez,BOT,MEI,11,-0.1,,,,,,,2,,,1,,,,,,,,,,
105436,Carrascal,FLA,MEI,11,-0.9,,,1,,,1,2,1,,,,,,,,,,,,
105518,Renan Peixoto,CAP,ATA,11,1,,,,,,,1,,1,1,,,,,,,,,,
105531,Matheus Bidu,COR,LAT,11,12.1,,,,,,4,3,,,4,,,,,,,,,1,
105563,Carlos Vinícius,GRE,ATA,11,-1.1,,1,,,,,3,,,2,,,,,2,,,,,
105647,Maurício,PAL,MEI,11,2.4,,,,,,1,1,1,,,,,,,,,,,,
105903,Aldo Filho,MIR,MEI,11,0.7,,1,,,,1,1,,,1,,,,,,,,,,
105949,Rochet,INT,GOL,11,6.3,,,,1,,,,,,,,,,,,,,,1,
105990,Santiago Mingo,BAH,ZAG,11,0.7,,,,,,,1,,,2,,,,,,,,,,
106104,Enamorado,GRE,ATA,11,5.9,,,,,,3,,,,3,,,,,1,,,,,
106202,Bruno Gomes,INT,MEI,11,3.6,,,,,,2,3,,,3,,,,,,,,,,
106294,Marcos Antônio,SAO,MEI,11,1.7,,1,,,,,1,1,1,2,,,,,,,,,,
106323,Caio Alexandre,BAH,MEI,11,-0.3,,,,,,,1,,,,,,,,,,,,,
106593,Villalba,CRU,ZAG,11,0,,,,,,,,,,,,,,,,,,,,
106708,Igor Formiga,MIR,LAT,11,2.7,,,,,,1,3,,2,1,,,,,,,,,,
106822,Rodrigo Nestor,BAH,MEI,11,-0.3,,,,,,,1,,,,,,,,,,,,,
107093,Luciano Juba,BAH,LAT,11,11.5,,,,,,1,,1,1,,,1,,,,,,,,
107231,Danilo,BOT,MEI,11,11.1,,,,,,1,,,2,,,1,,,,,,,,
107256,Zé Vitor,VIT,MEI,11,2,,,,,,1,1,,1,,,,,,,,,,,
107516,Ênio,CHA,ATA,11,1.3,,,,,,,,,,3,,,,,2,,,,,
107554,Natanael,CAM,LAT,11,-0.6,,,,,,,2,,,,,,,,,,,,,
107771,Fábio Matias,?,?,11,2.11,,,,,,,,,,,,,,,,,,,,
107989,Carbonero,INT,ATA,11,1.9,,,,,,1,3,,1,1,,,,,,,,,,
108131,Garcez,CHA,ATA,11,0.7,,,,,,,1,,,2,,,,,,,,,,
108133,Isidro Pitta,RBB,ATA,11,5.9,1,,,,,,1,,1,1,,,,,1,,,,,
108162,Nardoni,GRE,MEI,11,0.9,,,,,,,3,,1,2,,,,,,,,,,
108588,Tapia,SAO,ATA,11,0.1,,,,,,,1,,,1,,,,,1,,,,,
109096,Plata,FLA,ATA,11,12.8,,,,,,6,1,3,,1,,,,,,,,,,
109127,Tiago Cóser,CFC,ZAG,11,1.5,,,,,,1,,,,,,,,,,,,,,
109336,Rafael Carvalheira,CHA,MEI,11,1.2,,,,,,1,1,,,,,,,,,,,,,
109401,Erick Pulga,BAH,ATA,11,5.5,,,,,,1,1,2,,4,,,,,1,,,,,
109573,Martinelli,FLU,MEI,11,-1.9,,1,,,,,3,,,,,,,,,,,,,
109987,Medina,BOT,MEI,11,4,,,,,,2,1,,1,1,,,,,,,,,,
110144,Spinelli,VAS,ATA,11,0,,,,,,,,,,,,,,,,,,,,
110426,Bernabei,INT,LAT,11,9.6,,1,,,,4,3,,,1,,,,,,,,,1,
110506,Abel Ferreira,PAL,TEC,11,5.94,,,,,,,,,,,,,,,,,,,,
110598,Marino Hinestroza,VAS,ATA,11,1.5,,,,,,1,,,,,,,,,,,,,,
110668,Esquivel,CAP,LAT,11,10.8,,,,,,2,2,,3,2,,,,,,,,,1,
110708,Pedro Rangel,CFC,GOL,11,3.5,,1,,5,,,,,,,,,,2,,,,,,
110715,Andrés Hurtado,RBB,LAT,11,9.5,,,,,,1,,,,,,1,,,,,,,,
110750,Gustavo Marques,RBB,ZAG,11,2.2,,1,,,,2,1,,,1,,,,,,,,,,
110759,John Kennedy,FLU,ATA,11,2,,,,,,1,,,,1,,,,,,,,,,
111246,Alix Vinicius,RBB,ZAG,11,1.1,,,,,,,3,,,4,,,,,,,,,,
111309,Gustavo Martins,GRE,ZAG,11,3.4,,1,,,,,2,,,,,,,,,,,,1,
111690,Matheus Cunha,INT,GOL,11,2.9,,,,3,,,,,,,,,,1,,,,,,
111829,Kayky,INT,ATA,11,0,,,,,,,,,,,,,,,,,,,,
111831,Matheus Martins,BOT,ATA,11,0.9,,,,,,,1,1,,,,,,,,,,,,
111945,Diego Hernández,?,?,11,5,1,,,,,,,,,,,,,,,,,,,
112017,Felipinho,CAP,MEI,11,0,,,,,,,,,,,,,,,,,,,,
112576,Vini Paulista,CFC,MEI,11,7.7,,,,,,4,1,1,1,,,,,,,,,,,
112709,Kaiki Bruno,?,?,11,5.1,,,,,,4,3,,,,,,,,,,,,,
112863,Ramón Sosa,PAL,ATA,11,1.1,,,,,,,3,,,4,,,,,,,,,,
112886,Lucas Barbosa,RBB,ATA,11,2.8,,,,,,,2,1,1,3,,,,,1,,,,,
113034,Freytes,FLU,ZAG,11,1.3,,,,,,,,,1,1,,,,,,,,,,
113103,Flaco López,PAL,ATA,11,7.4,,,,,,2,3,1,2,5,,,,,,,,,,
113157,Nathan Mendes,VIT,LAT,11,12.7,1,,,,,2,1,,,,,,,,,,,,1,
113397,Cristian Olivera,BAH,ATA,11,4.9,,,,,,,,,,4,1,,,,1,,,,,
115479,Paulo Pezzolano,INT,TEC,11,4.45,,,,,,,,,,,,,,,,,,,,
115914,Evertton Araújo,FLA,MEI,11,2.5,,1,,,,2,1,,1,,,,,,,,,,,
116034,Victor Hugo,CAM,MEI,11,0.9,,,,,,,1,1,,,,,,,,,,,,
116065,Cuiabano,VAS,LAT,11,5.8,,1,,,,2,1,1,3,1,,,,,,,,,,
116447,Hércules,FLU,MEI,11,5,,,,,,2,3,2,,1,,,,,,,,,,
116706,Andrés Gómez,VAS,ATA,11,10.8,,,,,,1,1,,1,2,,1,,,2,,,,,
117330,Robert Renan,VAS,ZAG,11,0.2,,,,,,,1,,,1,,,,,,,,,,
117403,Renato Marques,CFC,ATA,11,0.8,,,,,,,,,1,,,,,,,,,,,
117632,Garro,COR,MEI,11,1,,,,,,,,,,2,,,,,,,,,,
117910,Breno Bidon,COR,MEI,11,3,,,,,,1,,,,3,,,,,,,,,,
117930,Lavega,CFC,ATA,11,8.5,,,,,,,,,,1,,1,,,,,,,,
118563,Rodriguinho,RBB,MEI,11,1.2,,,,,,1,1,,,,,,,,,,,,,
118655,Saldivia,VAS,ZAG,11,-0.3,,1,,,,,2,,1,1,,,,,,,,,,
118774,Alexsander,CAM,MEI,11,0,,,,,,,,,,,,,,,,,,,,
118775,Lautaro Díaz,SAN,ATA,11,1.5,,,,,,1,,,,,,,,,,,,,,
121824,Kayke,COR,ATA,11,4.4,,,,,,2,1,1,,1,,,,,,,,,,
122138,João Vitor,?,?,11,3.3,,,,,,1,1,,2,1,,,,,,,,,,
122394,Gustavinho,RBB,MEI,11,-0.3,,,,,,,1,,,,,,,,,,,,,
122485,Barros,VAS,MEI,11,-0.1,,,,,,,2,,,1,,,,,,,,,,
123016,David Braga,REM,MEI,11,5,,,,,,3,,,,1,,,,,,,,,,
123360,Cauly,SAO,MEI,11,-0.3,,,,,,,1,,,,,,,,,,,,,
123625,Ítalo,?,?,11,1.3,,,,,,,,,1,1,,,,,,,,,,
123648,Lucas Ronier,CFC,ATA,11,2.8,,,,,,,2,,3,2,,,,,,,,,,
123744,Alan Rodríguez,?,?,11,0,,,,,,,,,,,,,,,,,,,,
123869,Aguirre,CAP,ZAG,11,4.7,,,,,,,1,,,,,,,,,,,,1,
124424,Rodrigo Castillo,FLU,ATA,11,0.8,,1,,,,,2,,3,,,,,,,,,,,
124526,Giay,PAL,LAT,11,7.6,,,,,,2,3,,,1,,,,,,,,,1,
124912,Jonathan Jesus,CRU,ZAG,11,2,,,,,,1,,,,1,,,,,,,,,,
125467,Viery,?,?,11,1.4,,,1,,,,2,,,,,,,,,,,,1,
125746,Dudu,CAP,MEI,11,2.2,,,,,,1,3,,2,,,,,,,,,,,
125926,Zapelli,CAP,MEI,11,1.7,,1,,,,2,1,,,,,,,,,,,,,
126182,Paulinho,INT,MEI,11,0,,,,,,,,,,,,,,,,,,,,
126189,Tomás Pérez,CAM,MEI,11,-1.2,,,,,,,4,,,,,,,,,,,,,
126977,Fernando Seabra,CFC,TEC,11,5.91,,,,,,,,,,,,,,,,,,,,
127273,Artur Jorge,CRU,TEC,11,6.78,,,,,,,,,,,,,,,,,,,,1
128431,João Cruz,CAP,MEI,11,6.2,1,,,,,1,1,,,,,,,,,,,,,
128433,Johan Rojas,VAS,MEI,11,4.7,,,,,,,1,1,1,,1,,,,,,,,,
129666,JP,VAS,MEI,11,1,,,,,,,1,,1,1,,,,,,,,,,
130048,Noriega,GRE,ZAG,11,6.7,,,,,,,,1,,1,,,,,,,,,1,
130209,Renê,VIT,ATA,11,1.7,,,,,,,,1,,1,,,,,,,,,,
130232,Caio Roque,BOT,LAT,11,3,,,,,,2,,,,,,,,,,,,,,
130612,Luighi,?,?,11,2.5,,,,,,1,,,,2,,,,,,,,,,
130843,Arthur Dias,CAP,ZAG,11,9.2,,,,,,2,1,,,3,,,,,,,,,1,
131617,André Silva,SAO,ATA,11,1.8,,,,,,,2,2,,,,,,,,,,,,
131832,Portilla,CAP,MEI,11,-0.3,,,,,,,1,,,,,,,,,,,,,
131964,Jhoan Hernández,BOT,LAT,11,0,,,,,,,,,,,,,,,,,,,,
131967,Villarreal,CRU,ATA,11,15.6,,,,,,1,2,3,2,3,,1,,,,,,,,
132071,Serna,FLU,ATA,11,1.3,,,,,,1,2,,,1,,,,,1,,,,,
132264,Arroyo,CRU,ATA,11,0.9,,,,,,,1,1,,,,,,,,,,,,
132274,Ignacio Sosa,RBB,MEI,11,0.1,,1,,,,1,3,,,1,,,,,,,,,,
132553,Jemmes,FLU,ZAG,11,3.8,,,,,,2,,,1,,,,,,,,,,,
132580,Vinicinho,RBB,ATA,11,4,,,,,,2,,,,2,,,,,,,,,,
136955,Sanabria,BAH,ATA,11,8.5,,,,,,,,,,1,,1,,,,,,,,
141451,Allan,PAL,MEI,11,4.7,,,,,,2,1,,,4,,,,,,,,,,
141594,Pedro Gabriel,GRE,LAT,11,3.3,,1,,,,,4,,,1,,,,,,,,,1,
141595,Gabriel Mec,GRE,ATA,11,0.2,,,,,,,1,,,1,,,,,,,,,,
141609,Lucca,SAO,ATA,11,0,,,,,,,,,,,,,,,,,,,,
141754,Gabriel Bontempo,SAN,MEI,11,7.4,,,,,,3,,,3,1,,,,,,,,,,
141776,Gustavo Henrique,SAN,MEI,11,2.2,,,,,,1,1,,,2,,,,,,,,,,
142004,Amuzu,GRE,ATA,11,0.4,,,,,,,2,,,2,,,,,,,,,,
142484,Barrera,BOT,MEI,11,1.6,,,,,,,3,1,1,1,,,,,,,,,,
142877,Villalba,BOT,ATA,11,0,,,,,,,,,,,,,,,,,,,,
142890,Montoro,BOT,MEI,11,2.8,,,,,,1,,,1,1,,,,,,,,,,
143153,Tarzia,VIT,ATA,11,-1.3,,1,,,,,1,,,,,,,,,,,,,
143193,Viveros,CAP,ATA,11,11.4,,,,,,,2,1,,6,,1,,,2,,,,,
143600,Kauã Moraes,CRU,LAT,11,2.5,,,,,,1,,,,2,,,,,,,,,,
145404,Arthur,PAL,LAT,11,5,,,,,,,,,,,,,,,,,,,1,
145744,André,COR,MEI,11,-2.8,,,1,,,,1,,,1,,,,,,,,,,
146374,Gilberto Junior,CAP,LAT,11,11.4,,,,,,3,1,1,,2,,,,,,,,,1,
147089,Cauã Soares,CAM,ATA,11,1.7,,,,,,,,1,,1,,,,,,,,,,
147194,Bruninho,?,?,11,4.4,,,,,,1,,2,,1,,,,,,,,,,
148125,Ryan Augusto,RBB,LAT,11,3.5,,,,,,2,1,,1,,,,,,,,,,,
148717,Tetê,SAO,ATA,11,-1.3,,1,,,,,1,,,,,,,,,,,,,
149990,Franclim Carvalho,BOT,TEC,11,4.89,,,,,,,,,,,,,,,,,,,,
149994,Jhuan Nunes,RBB,ATA,11,2.3,,,,,,1,,,1,,,,,,,,,,,
37457,Léo Condé,REM,TEC,11,4.69,,,,,,,,,,,,,,,,,,,,
37656,Fábio,FLU,GOL,11,5.8,,,,6,,,,,,,,,,2,,,,,,
39148,Hulk,FLU,ATA,11,1,,,,,,,1,,1,1,,,,,,,,,,
39656,Alan Franco,CAM,MEI,11,3.3,,,,,,3,4,,,,,,,,,,,,,
39850,Vagner Mancini,RBB,TEC,11,4.29,,,,,,,,,,,,,,,,,,,,
41929,Renato Gaúcho,?,?,11,3.29,,,,,,,,,,,,,,,,,,,,
42411,Cuca,SAN,TEC,11,8.65,,,,,,,,,,,,,,,,,,,,1
42500,Fagner,CRU,LAT,11,7.9,1,,,,,2,2,,,1,,,,,,,,,,
51413,Walter,MIR,GOL,11,5.8,,,,6,,,,,,,,,,2,,,,,,
51772,Everton Ribeiro,BAH,MEI,11,5.2,,,,,,2,,1,,2,,,,,,,,,,
61987,Alex Sandro,FLA,LAT,11,-0.4,,,,,,,3,,,1,,,,,,,,,,
62977,Ganso,FLU,MEI,11,-0.3,,,,,,,1,,,,,,,,,,,,,
63007,Neymar,SAN,MEI,11,5.3,,,,,,,1,,4,5,,,,,1,,,,,
63008,Rafael Tolói,SAO,ZAG,11,2.5,,1,,,,2,1,,1,,,,,,,,,,,
63289,Edenílson,BOT,MEI,11,7.7,1,,,,,1,,1,,,,,,,,,,,,
68685,Alan Patrick,INT,MEI,11,2.3,,,,,,1,,,1,,,,,,,,,,,
68708,Eduardo,MIR,MEI,11,1.3,,,1,,,2,,,1,1,,,,,,,,,,
68822,Rafael Santos,CHA,GOL,11,4.5,,,,5,,,,,,,,,,2,,,,,,
68920,Dudu,CAM,ATA,11,0,,,,,,,,,,,,,,,,,,,,
68928,Rafael,SAO,GOL,11,3.2,,,,4,,,,,,,,,,2,,,,,,
68996,Willian José,BAH,ATA,11,-0.6,,,,,,,2,,,,,,,,,,,,,
69012,Santos,CAP,GOL,11,6.3,,,,1,,,,,,,,,,,,,,,1,
69208,Gabriel Paulista,COR,ZAG,11,8.7,,,,,,1,1,1,1,1,,,,,,,,,1,
69783,Danilo,FLA,ZAG,11,0,,,,,,,,,,,,,,,,,,,,
70592,Felipe Anderson,PAL,MEI,11,1.5,,,,,,1,,,,,,,,,,,,,,
70666,Marllon,REM,ZAG,11,7.7,,,,,,,1,,,,,1,,,,,,,,
70944,Bruno Henrique,INT,MEI,11,1.7,,,,,,1,1,,,1,,,,,,,,,,
70958,Jean Carlos,?,?,11,-1.3,,1,,,,,1,,,,,,,,,,,,,
71043,Léo Vieira,BAH,GOL,11,5.5,,,,5,,,,,,,,,,1,,,,,,
71123,Thiago Mendes,VAS,MEI,11,6.7,1,,,,,1,1,,,1,,,,,,,,,,
71227,Maicon,CFC,ZAG,11,0.5,,,,,,,,,,1,,,,,,,,,,
71536,Luiz Gustavo,CAP,MEI,11,2,,,,,,1,,,,1,,,,,,,,,,
71631,Weverton,GRE,GOL,11,9.4,,,,3,,,,,,1,,,,,,,,,1,
71684,Gustavo Gómez,PAL,ZAG,11,4.4,,,,,,,2,,,,,,,,,,,,1,
71898,Gabriel Pires,?,?,11,1.2,,,,,,,,1,,,,,,,,,,,,
72018,Tiago Volpi,RBB,GOL,11,4.5,,,,5,,,,,,,,,,2,,,,,,
72294,Everson,CAM,GOL,11,0.3,,,,1,,,,,,,,,,1,,,,,,
72391,Fernando Diniz,COR,TEC,11,4.59,,,,,,,,,,,,,,,,,,,,
72460,Bernard,CAM,MEI,11,0,,,,,,,,,,,,,,,,,,,,
72951,Mercado,INT,ZAG,11,5.5,,1,,,,,1,,1,2,,,,,,,,,1,
73384,Samuel Xavier,FLU,LAT,11,1.2,,,,,,1,1,,,,,,,,,,,,,
77485,Carrillo,COR,MEI,11,-0.6,,,,,,,2,,,,,,,,,,,,,
77656,Cédric Soares,SAO,LAT,11,0.8,,,,,,,,,1,,,,,,,,,,,
78117,Everaldo,BAH,ATA,11,2.4,,,,,,,1,1,,3,,,,,,,,,,
78248,Gustavo Henrique,COR,ZAG,11,6.4,,,,,,1,2,,,1,,,,,,,,,1,
78445,Renê,FLU,LAT,11,5,,,,,,2,,1,1,,,,,,,,,,,
78478,Willian Arão,SAN,MEI,11,6.7,,,,,,4,1,,,2,,,,,,,,,,
78605,Gabriel,RBB,MEI,11,2.1,,,,,,1,2,1,,,,,,,,,,,,
78850,Reinaldo,MIR,LAT,11,-0.3,,,,,,,1,,,,,,,,,,,,,
78855,Thiago Santos,CFC,ZAG,11,0,,1,,,,,,,,2,,,,,,,,,,
79437,Roger Machado,?,?,11,1.87,,,,,,,,,,,,,,,,,,,,
79701,Lucas Silva,CRU,MEI,11,1.7,,,,,,1,2,,1,,,,,,,,,,,
80313,Gilberto,CAP,LAT,11,1.5,,,,,,1,,,,,,,,,,,,,,
80570,Wendell,SAO,LAT,11,0.9,,,,,,,1,1,,,,,,,,,,,,
81005,André Luis,MIR,ATA,11,-0.3,,,,,,,1,,,,,,,,,,,,,
81720,Lingard,COR,ATA,11,0,,,,,,,,,,,,,,,,,,,,
82627,Luiz Araújo,FLA,ATA,11,0.5,,1,,,,1,,,,,,,,,,,,,,
82628,Tinga,CFC,LAT,11,2,,,,,,1,,,,1,,,,,,,,,,
82730,Marcelo Rangel,REM,GOL,11,2.1,,,,2,,,,,,1,,,,1,,,,,,
82775,Lucas Ramon,SAO,LAT,11,-2.8,,,1,,,,1,,,1,,,,,,,,,,
83257,Gabriel,SAN,ATA,11,5.9,1,1,,,,1,1,,1,,,,,,1,,,,,
83433,Patrick,REM,MEI,11,3.7,,,,,,2,2,,1,1,,,,,,,,,,
83528,Léo Pereira,FLA,ZAG,11,3.8,,,,,,2,,,1,,,,,,,,,,,
84339,Bruno Melo,CFC,LAT,11,5.8,,,,,,3,,,1,1,,,,,,,,,,
84626,Josué,CFC,MEI,11,6.2,1,,,,,,,1,,,,,,,,,,,,
84674,Lucas Evangelista,PAL,MEI,11,0.8,,,,,,,,,1,,,,,,,,,,,
84816,Varela,FLA,LAT,11,5,,,,,,3,,,,1,,,,,,,,,,
84847,Luan Peres,SAN,ZAG,11,6.7,,1,,,,2,1,,,,,,,,,,,,1,
85403,Danielzinho,SAO,MEI,11,3.7,,,,,,1,1,,,5,,,,,,,,,,
86292,Bolasie,CHA,ATA,11,-2,,1,,,,,3,,,,,,,,1,,,,,
86410,Victor Luis,MIR,LAT,11,-1.5,,1,,,,,1,,1,,,,,,,1,,,,
86686,Tchê Tchê,VAS,MEI,11,0,,,,,,,,,,,,,,,,,,,,
86859,José Welison,REM,MEI,11,3.5,,,,,,2,1,,1,,,,,,,,,,,
87008,Léo Jardim,VAS,GOL,11,1.6,,,,2,,,,,,,,,,1,,,,,,
87228,Guilherme Arana,FLU,LAT,11,0.8,,,,,,,,,1,,,,,,,,,,,
87470,Thaciano,SAN,MEI,11,0,,,,,,,,,,,,,,,,,,,,
87742,Neto Moura,MIR,MEI,11,1.4,,,,,,1,2,,,1,,,,,,,,,,
87863,Arrascaeta,FLA,MEI,11,1.7,,,,,,,,1,,1,,,,,,,,,,
88037,Luís Castro,GRE,TEC,11,4.11,,,,,,,,,,,,,,,,,,,,
88293,Neto Pessoa,CHA,ATA,11,2.9,,1,,,,2,1,1,,,,,,,,,,,,
88717,Celso Rodrigues,?,?,11,2.11,,,,,,,,,,,,,,,,,,,,
88963,Leonardo Jardim,FLA,TEC,11,7.31,,,,,,,,,,,,,,,,,,,,1
89256,Gerson,CRU,MEI,11,5.5,,,,,,2,,,,5,,,,,,,,,,
89274,Andreas Pereira,PAL,MEI,11,0.9,,,,,,,1,1,,,,,,,,,,,,
89368,Braithwaite,GRE,ATA,11,-0.3,,,,,,,1,,,,,,,,,,,,,
89637,Thiago Maia,INT,MEI,11,2,,,,,,1,,,,1,,,,,,,,,,
89837,Lucho Acosta,FLU,MEI,11,0,,,,,,,,,,,,,,,,,,,,
90031,Mendoza,CAP,ATA,11,12,,,,,,1,,1,1,1,,1,,,,,,,,
90061,Bruno Pacheco,CHA,LAT,11,1.5,,,,,,1,,,,,,,,,,,,,,
90285,Bruno Henrique,FLA,ATA,11,-0.8,,1,,,,,2,,1,,,,,,,,,,,
90302,Pedro Rocha,CFC,ATA,11,1.4,,,,,,,1,,1,2,,,,,1,,,,,
90309,David,VAS,ATA,11,-0.2,,,,,,,,,,,,,,,2,,,,,
90532,Arthur Melo,?,?,11,3,,,,,,1,1,,1,2,,,,,,,,,,
90588,Caíque,VIT,MEI,11,4.8,,,,,,3,3,1,,,,,,,,,,,,
90703,Matheuzinho,VIT,MEI,11,3.9,,,,,,,,2,,3,,,,,,,,,,
90768,Fabrício Bruno,CRU,ZAG,11,1.5,,,,,,1,,,,,,,,,,,,,,
91607,Rony,SAN,ATA,11,3.2,,,,,,2,1,,,1,,,,,,,,,,
91772,David Duarte,BAH,ZAG,11,-1.5,,,,,,1,,,,,,,1,,,,,,,
91908,Pavón,GRE,ATA,11,3.2,,,,,,2,1,,,1,,,,,,,,,,
92087,Lyanco,CAM,ZAG,11,-1,,1,,,,,,,,,,,,,,,,,,
92171,Arthur Cabral,BOT,ATA,11,11.7,,,,,,1,1,1,1,1,,1,,,,,,,,
92180,Jair Ventura,VIT,TEC,11,9.46,,,,,,,,,,,,,,,,,,,,1
92273,Odair Hellmann,CAP,TEC,11,8.559999999999999,,,,,,,,,,,,,,,,,,,,1
92696,Renato Kayzer,VIT,ATA,11,1.5,,,,,,1,1,,,1,,,,,2,,,,,
92747,Eduardo Domínguez,CAM,TEC,11,1.59,,,,,,,,,,,,,,,,,,,,
92811,Bruno Rodrigues,CRU,ATA,11,-0.1,,,,,,,2,,,1,,,,,,,,,,
92854,Borré,?,?,11,0,,1,,,,,4,1,,2,,,,,,,,,,
93368,Lucas Veríssimo,SAN,ZAG,11,7.7,,,,,,1,,1,,,,,,,,,,,1,
93478,Wanderson,CRU,ATA,11,0.5,,,,,,,,,,1,,,,,,,,,,
93716,Paulo Henrique,VAS,LAT,11,3,,,,,,1,,,,3,,,,,,,,,,
93790,Marlon Freitas,PAL,MEI,11,0.5,,1,,,,1,,,,,,,,,,,,,,
93988,Breno Lopes,CFC,ATA,11,9.5,,,,,,1,,,,,,1,,,,,,,,
94067,Matheus Fernandes,RBB,MEI,11,1.6,,,,,,,2,1,,2,,,,,,,,,,
94514,Lucas Oliveira,MIR,ZAG,11,0.5,,1,,,,1,,,,,,,,,,,,,,
94583,Pedro,FLA,ATA,11,20.6,,,,,,,,1,,1,1,2,,,1,,,,,
94930,Lucas Paquetá,FLA,MEI,11,2.7,,,,,,1,1,,,3,,,,,,,,,,
94968,Juninho Capixaba,RBB,LAT,11,6.2,,,,,,3,4,,3,1,,,,,,,,,,
95131,Gabriel Taliari,REM,ATA,11,2.9,,,,,,,2,1,1,3,,,,,,,,,,
95332,Marcinho,CHA,ATA,11,1.2,,,,,,1,1,,,,,,,,,,,,,
95362,Cassierra,CAM,ATA,11,-0.3,,,,,,,1,,,,,,,,,,,,,
95466,Igor Vinícius,SAN,LAT,11,13,,,,,,5,,,,1,,,,,,,,,1,
95556,Raniele,COR,MEI,11,2.8,,1,,,,3,4,,,1,,,,,,,,,,
95620,Bruno Leonardo,CHA,ZAG,11,1.1,,1,,,,1,3,,,3,,,,,,,,,,
95799,Artur,SAO,ATA,11,5.5,,,,,,1,,2,2,,,,,,,,,,,
96591,Renan Lodi,CAM,LAT,11,1.8,,,,,,1,3,1,,,,,,,,,,,,
96610,Matheus Pereira,CRU,MEI,11,6.7,,,,,,1,2,1,2,6,,,,,,,,,,
97321,Alesson,MIR,ATA,11,0.9,,,,,,,1,1,,,,,,,,,,,,
97341,Rogério Ceni,BAH,TEC,11,5.87,,,,,,,,,,,,,,,,,,,,1
97460,João Victor,MIR,ZAG,11,1.7,,,,,,1,2,,1,,,,,,,,,,,
97520,Shaylon,MIR,MEI,11,-0.3,,,,,,,1,,,,,,,,,,,,,
97642,Félix Torres,INT,ZAG,11,5,,,,,,,,,,,,,,,,,,,1,
97653,Murilo,PAL,ZAG,11,5.9,,,,,,1,2,,,,,,,,,,,,1,
97795,Marcelinho,REM,LAT,11,5.8,,,,,,3,,,1,1,,,,,,,,,,
97810,Erick,VIT,ATA,11,5.6,,,,,,,,,2,2,1,,,,,,,,,
97867,Léo Ortiz,FLA,ZAG,11,1.2,,,,,,1,1,,,,,,,,,,,,,
97878,Jacy,CFC,ZAG,11,1,,1,,,,1,,,,1,,,,,,,,,,
97969,Marcos Vinícius,?,?,11,0.2,,,,,,,1,,,1,,,,,,,,,,
98224,Jáderson,REM,MEI,11,4,,,,,,2,1,,1,1,,,,,,,,,,
98280,Bastos,?,?,11,2.4,,,,,,2,2,,,,,,,,,,,,,
98384,Negueba,MIR,ATA,11,4.4,,1,,,,1,2,1,1,5,,,,,,,,,,
98517,Jean Lucas,BAH,MEI,11,4,,1,,,,3,4,1,,1,,,,,,,,,,
98672,Savarino,FLU,MEI,11,9.1,,,,,,,,1,,,,1,,,1,,,,,
98873,Samuel Lino,FLA,ATA,11,14,2,,,,,2,,,,2,,,,,,,,,,
98909,Cuello,CAM,ATA,11,3.6,,,,,,1,,,2,1,,,,,,,,,,
99228,De la Cruz,FLA,MEI,11,2.5,,,,,,1,,,,2,,,,,,,,,,
99274,Alexander Barboza,PAL,ZAG,11,1.9,,1,,,,1,2,1,1,,,,,,,,,,,
99366,Luis Zubeldía,FLU,TEC,11,3.57,,,,,,,,,,,,,,,,,,,,
99440,Baralhas,VIT,MEI,11,9.5,1,1,,,,3,1,,1,1,,,,,,,,,,
99552,Rossi,FLA,GOL,11,4.2,,,,4,,,,,,,,,,1,,,,,,
99789,Brenner,VAS,ATA,11,1.5,,,,,,1,,,,,,,,,,,,,,
99889,Alan Franco,?,?,11,1.2,,,,,,1,1,,,,,,,,,,,,,
100652,Yuri Alberto,COR,ATA,12,1.2,,,,,,,2,,1,2,,,,,,,,,,
100695,Fernando,RBB,ATA,12,1.6,,,,,,,,1,,1,,,,,1,,,,,
100742,Matheus Henrique,CRU,MEI,12,-0.3,,,,,,,1,,,,,,,,,,,,,
100804,Tchamba,REM,ZAG,12,-4.9,,,,,,1,1,,,,,,2,,1,,,,,
100842,Ruan,CAM,ZAG,12,-0.3,,,,,,,1,,,,,,,,,,,,,
100848,Luan Cândido,VIT,LAT,12,9.7,,,,,,2,2,,3,,,,,,1,,,,1,
100898,Vitinho,BOT,LAT,12,9.5,1,,,,,3,,,,,,,,,,,,,,
100969,Ronald Lopes,?,?,12,0.8,,,,,,,,,1,,,,,,,,,,,
101002,Júnior Santos,BOT,ATA,12,1.2,,,,,,,,1,,,,,,,,,,,,
101254,Alef Manga,REM,ATA,12,-1.3,,1,,,,,1,,,,,,,,,,,,,
101314,Ademir,BAH,ATA,12,0,,,,,,,,,,,,,,,,,,,,
101319,Guga,FLU,LAT,12,15.7,2,,,,,3,1,,,3,,,,,,,,,,
101393,Eduardo Doma,CHA,ZAG,12,1.5,,,,,,1,,,,,,,,,,,,,,
101574,Hugo Souza,COR,GOL,12,6.3,,,,1,,,,,,,,,,,,,,,1,
101594,Hugo Moura,?,?,12,-0.6,,,,,,,2,,,,,,,,,,,,,
101597,Ramon,VIT,LAT,12,4.9,,,,,,,3,,1,,,,,,,,,,1,
101708,Felipe Jonatan,CFC,LAT,12,8,,,,,,2,,,,,,,,,,,,,1,
101715,Alerrandro,INT,ATA,12,0,,,,,,,,,,,,,,,,,,,,
101820,Mayk,REM,LAT,12,2.5,,,,,,1,,,,2,,,,,,,,,,
101908,Willian Machado,MIR,ZAG,12,6.5,,,,,,4,,,,1,,,,,,,,,,
101960,Vitinho,INT,ATA,12,3.8,,,,,,2,,,1,,,,,,,,,,,
102256,Rollheiser,SAN,MEI,12,0,,,,,,,,,,,,,,,,,,,,
102340,Cacá,VIT,ZAG,12,5.5,,,,,,,,,,1,,,,,,,,,1,
102667,Nathan Fogaça,?,?,12,1.1,,,,,,,,1,,,,,,,1,,,,,
102877,Gabriel Poveda,REM,ATA,12,-0.6,,,,,,,2,,,,,,,,,,,,,
102911,Zé Ricardo,REM,MEI,12,1,,,,,,,,,,2,,,,,,,,,,
103056,Gabriel Brazão,SAN,GOL,12,-3,,,,,,,,,,,,,,3,,,,,,
103347,Matheus Alexandre,REM,LAT,12,0.2,,,,,,,2,,1,,,,,,,,,,,
103388,Emmanuel Martínez,VIT,MEI,12,6.4,,,,,,4,2,,,2,,,,,,,,,,
103445,Kaio Jorge,CRU,ATA,12,2.1,,,,,,,,,2,1,,,,,,,,,,
103987,Higor Meritão,?,?,12,1.5,,,,,,1,,,,,,,,,,,,,,
104027,Rafael Guanaes,MIR,TEC,12,6.54,,,,,,,,,,,,,,,,,,,,1
104036,Labyad,COR,MEI,12,0,,,,,,,,,,,,,,,,,,,,
104075,Sabino,SAO,ZAG,12,1,,,,,,,1,,1,1,,,,,,,,,,
104084,Carlos Miguel,PAL,GOL,12,8.9,,,,3,,,,,,,,,,,,,,,1,
104085,Bruno Fuchs,PAL,ZAG,12,5,,,,,,,,,,,,,,,,,,,1,
104118,Lucas Arcanjo,VIT,GOL,12,5,,,,,,,,,,,,,,,,,,,1,
104204,Edson Carioca,MIR,ATA,12,-0.3,,,,,,,1,,,,,,,,,,,,,
104470,Everton,CHA,LAT,12,0,,,,,,,,,,,,,,,,,,,,
104502,Christian,?,?,12,9.5,,,,,,1,,,,,,1,,,,,,,,
104666,Moisés,SAN,ATA,12,-0.3,,,,,,,1,,,,,,,,,,,,,
104758,Enzo Díaz,SAO,LAT,12,2.6,,,,,,2,3,,,1,,,,,,,,,,
104783,Acevedo,BAH,MEI,12,5.8,,,,,,3,3,1,,2,,,,,,,,,,
104811,Sebastián Gómez,CFC,MEI,12,1.1,,1,,,,2,3,,,,,,,,,,,,,
104994,Wagner Leonardo,GRE,ZAG,12,2.7,,,,,,2,1,,,,,,,,,,,,,
105048,Jajá,REM,ATA,12,7.3,1,,,,,1,1,1,,,,,,,1,,,,,
105068,Reinier,CAM,MEI,12,1.7,,,,,,,,1,,1,,,,,,,,,,
105089,Tetê,GRE,ATA,12,3,,,,,,2,,,,,,,,,,,,,,
105157,Villagra,INT,MEI,12,5.3,,,,,,2,1,,2,2,,,,,,,,,,
105300,Ferraresi,BOT,ZAG,12,-0.3,,,,,,,1,,,,,,,,,,,,,
105518,Renan Peixoto,CAP,ATA,12,1.5,,,,,,1,,,,,,,,,,,,,,
105531,Matheus Bidu,COR,LAT,12,11.7,,1,,,,5,1,,,1,,,,,,,,,1,
105563,Carlos Vinícius,GRE,ATA,12,-0.3,,,,,,,1,,,,,,,,,,,,,
105903,Aldo Filho,MIR,MEI,12,-0.8,,1,,,,,1,,,1,,,,,,,,,,
105990,Santiago Mingo,BAH,ZAG,12,0,,,,,,,,,,,,,,,,,,,,
106104,Enamorado,GRE,ATA,12,6,,,,,,1,,,,3,1,,,,,,,,,
106202,Bruno Gomes,INT,MEI,12,3.7,,,,,,1,,1,,2,,,,,,,,,,
106302,Preciado,CAM,LAT,12,0.5,,,,,,,,,,1,,,,,,,,,,
106323,Caio Alexandre,BAH,MEI,12,-0.3,,,,,,,1,,,,,,,,,,,,,
106593,Villalba,CRU,ZAG,12,-1,,1,,,,,,,,,,,,,,,,,,
106708,Igor Formiga,MIR,LAT,12,3.5,,,,,,3,6,,1,,,,,,,,,,,
107093,Luciano Juba,BAH,LAT,12,3.2,,,,,,2,2,,1,,,,,,,,,,,
107173,Michel Araújo,BAH,MEI,12,2.2,,,,,,1,,,1,,,,,,1,,,,,
107174,Bruno Tabata,?,?,12,2.5,,,,,,1,,,,2,,,,,,,,,,
107231,Danilo,BOT,MEI,12,10,1,,,,,2,,1,1,,,,,,,,,,,
107256,Zé Vitor,VIT,MEI,12,0.9,,,,,,,1,1,,,,,,,,,,,,
107554,Natanael,CAM,LAT,12,3.6,,,,,,1,1,1,1,1,,,,,1,,,,,
107771,Fábio Matias,?,?,12,3.99,,,,,,,,,,,,,,,,,,,,
107873,Bobadilla,SAO,MEI,12,4.7,,,,,,3,2,,1,,,,,,,,,,,
107985,Terán,CAP,ZAG,12,2,,,,,,1,4,1,,1,,,,,,,,,,
107989,Carbonero,INT,ATA,12,1.8,,,,,,,2,1,1,1,,,,,1,,,,,
108131,Garcez,CHA,ATA,12,-0.4,,,,,,,1,,,,,,,,1,,,,,
108133,Isidro Pitta,RBB,ATA,12,18,,,,,,,,,2,1,,2,,,1,,,,,
108162,Nardoni,GRE,MEI,12,2.7,,,,,,2,1,,,,,,,,,,,,,
108588,Tapia,SAO,ATA,12,0.5,,,,,,,,,,1,,,,,,,,,,
108683,Emiliano Martínez,PAL,MEI,12,3.5,,,,,,2,,,,1,,,,,,,,,,
109096,Plata,FLA,ATA,12,3.7,,,,,,,,2,1,1,,,,,,,,,,
109127,Tiago Cóser,CFC,ZAG,12,5,,,,,,,,,,,,,,,,,,,1,
109401,Erick Pulga,BAH,ATA,12,1.6,,,,,,,,1,,1,,,,,1,,,,,
109966,Monsalve,GRE,MEI,12,3,,,,,,1,1,,1,2,,,,,,,,,,
109987,Medina,BOT,MEI,12,3.7,,,,,,2,1,,,2,,,,,,,,,,
110144,Spinelli,VAS,ATA,12,2.8,,,,,,1,,,1,1,,,,,,,,,,
110506,Abel Ferreira,PAL,TEC,12,7.92,,,,,,,,,,,,,,,,,,,,1
110510,Aguirre,INT,LAT,12,2.3,,,,,,1,,,1,,,,,,,,,,,
110605,Vinícius Balieiro,CHA,MEI,12,4,,,,,,2,,,,2,,,,,,,,,,
110668,Esquivel,CAP,LAT,12,7.6,,1,,,,6,3,,,1,,,,,,,,,,
110708,Pedro Rangel,CFC,GOL,12,14.6,,,,7,,,,,,1,,,,,,,,,1,
110715,Andrés Hurtado,RBB,LAT,12,0,,,,,,,,,,,,,,,,,,,,
110750,Gustavo Marques,RBB,ZAG,12,0,,,,,,,,,,,,,,,,,,,,
110759,John Kennedy,FLU,ATA,12,8,,,,,,,,,,,,1,,,,,,,,
111246,Alix Vinicius,RBB,ZAG,12,0.4,,1,,,,,2,1,1,,,,,,,,,,,
111309,Gustavo Martins,GRE,ZAG,12,-0.3,,1,,,,,2,,1,1,,,,,,,,,,
111466,Victor Gabriel,INT,ZAG,12,4.8,,,,,,2,,,1,2,,,,,,,,,,
111682,Adson,VAS,MEI,12,0.8,,,,,,,,,1,,,,,,,,,,,
111683,Anthoni,INT,GOL,12,-0.7,,,,1,,,,,,,,,,2,,,,,,
111690,Matheus Cunha,INT,GOL,12,6.3,,,,1,,,,,,,,,,,,,,,1,
111829,Kayky,INT,ATA,12,1.2,,,,,,,,1,,,,,,,,,,,,
111831,Matheus Martins,BOT,ATA,12,21.6,,,,,,2,1,2,,1,,2,,,,,,,,
112576,Vini Paulista,CFC,MEI,12,6.6,,,,,,5,3,,,,,,,,,,,,,
112709,Kaiki Bruno,?,?,12,7.4,,,,,,2,2,,,,,,,,,,,,1,
112863,Ramón Sosa,PAL,ATA,12,2.7,,1,,,,1,2,,1,4,,,,,,,,,,
112886,Lucas Barbosa,RBB,ATA,12,1.8,,,,,,,1,1,,2,,,,,1,,,,,
113034,Freytes,FLU,ZAG,12,1.5,,,,,,1,,,,,,,,,,,,,,
113103,Flaco López,PAL,ATA,12,3.8,,,,,,1,,,1,3,,,,,,,,,,
113157,Nathan Mendes,VIT,LAT,12,6.7,,1,,,,2,1,,,,,,,,,,,,1,
113397,Cristian Olivera,BAH,ATA,12,3.9,,,,,,,,2,,3,,,,,,,,,,
114802,Vitor Roque,PAL,ATA,12,0.9,,,,,,,,,,2,,,,,1,,,,,
115479,Paulo Pezzolano,INT,TEC,12,5.25,,,,,,,,,,,,,,,,,,,,
115914,Evertton Araújo,FLA,MEI,12,-0.6,,,,,,,2,,,,,,,,,,,,,
115986,Denilson,MIR,MEI,12,2.7,,,,,,2,1,,,,,,,,,,,,,
116034,Victor Hugo,CAM,MEI,12,3.7,,,,,,1,,1,,2,,,,,,,,,,
116065,Cuiabano,VAS,LAT,12,5.9,,,,,,3,1,1,,1,,,,,,,,,,
116447,Hércules,FLU,MEI,12,10.1,,,,,,5,1,,3,1,,,,,,,,,,
116706,Andrés Gómez,VAS,ATA,12,16.9,,,,,,2,,,3,1,1,1,,,,,,,,
117330,Robert Renan,VAS,ZAG,12,2.4,,,,,,2,2,,,,,,,,,,,,,
117403,Renato Marques,CFC,ATA,12,-3,,,1,,,,,,,,,,,,,,,,,
117632,Garro,COR,MEI,12,0.3,,1,,,,,,,1,1,,,,,,,,,,
117910,Breno Bidon,COR,MEI,12,2.2,,,,,,1,1,,,2,,,,,,,,,,
117930,Lavega,CFC,ATA,12,-0.4,,,,,,,1,,,,,,,,1,,,,,
118775,Lautaro Díaz,SAN,ATA,12,0,,,,,,,,,,,,,,,,,,,,
118844,Kaio César,COR,ATA,12,1,,,,,,,,,,2,,,,,,,,,,
121824,Kayke,COR,ATA,12,1.5,,,,,,1,,,,,,,,,,,,,,
122138,João Vitor,?,?,12,5.8,,,,,,2,,1,2,,,,,,,,,,,
122485,Barros,VAS,MEI,12,1.7,,,,,,,2,,1,3,,,,,,,,,,
123101,Leozinho,CAP,ATA,12,0.8,,,,,,,,,1,,,,,,,,,,,
123625,Ítalo,?,?,12,1.2,,,,,,1,1,,,,,,,,,,,,,
123648,Lucas Ronier,CFC,ATA,12,4.9,,,,,,3,5,,,4,,,,,1,,,,,
123689,Milans,COR,LAT,12,7,,,,,,1,,,,1,,,,,,,,,1,
123869,Aguirre,CAP,ZAG,12,0.2,,,,,,,1,,,1,,,,,,,,,,
124270,Allex,INT,MEI,12,3.7,,,,,,1,,1,,2,,,,,,,,,,
124424,Rodrigo Castillo,FLU,ATA,12,13.3,1,,,,,,4,,,3,,1,,,,,,,,
124526,Giay,PAL,LAT,12,9.5,,,,,,2,,,,3,,,,,,,,,1,
124674,Felipe Negrucci,?,?,12,-0.6,,,,,,,2,,,,,,,,,,,,,
124912,Jonathan Jesus,CRU,ZAG,12,5,,,,,,,,,,,,,,,,,,,1,
125746,Dudu,CAP,MEI,12,-0.3,,,,,,,1,,,,,,,,,,,,,
125926,Zapelli,CAP,MEI,12,0.5,,,,,,,,,,1,,,,,,,,,,
126120,Marcelinho,RBB,MEI,12,-0.7,,,,,,,2,,,,,,,,1,,,,,
126182,Paulinho,INT,MEI,12,2.9,,,,,,1,1,1,,1,,,,,,,,,,
126471,Barreal,SAN,MEI,12,8,,,,,,,,,,,,1,,,,,,,,
126977,Fernando Seabra,CFC,TEC,12,8.99,,,,,,,,,,,,,,,,,,,,1
127273,Artur Jorge,CRU,TEC,12,8.58,,,,,,,,,,,,,,,,,,,,1
127970,Felipe Chiqueti,CAP,MEI,12,0.3,,,,,,1,4,,,,,,,,,,,,,
128431,João Cruz,CAP,MEI,12,1.4,,1,,,,2,2,,,,,,,,,,,,,
128433,Johan Rojas,VAS,MEI,12,1.3,,,,,,,,,1,1,,,,,,,,,,
130048,Noriega,GRE,ZAG,12,-0.1,,1,,,,1,2,,,,,,,,,,,,,
130209,Renê,VIT,ATA,12,2.9,,,,,,1,1,,1,2,,,,,1,,,,,
130650,Bernal,?,?,12,7.6,,1,,,,4,1,,3,1,,,,,,,,,,
130843,Arthur Dias,CAP,ZAG,12,4,,,,,,2,1,,1,1,,,,,,,,,,
131832,Portilla,CAP,MEI,12,-1.6,,1,,,,,2,,,,,,,,,,,,,
131967,Villarreal,CRU,ATA,12,5.2,,,,,,1,1,,,2,1,,,,,,,,,
132071,Serna,FLU,ATA,12,3.3,,,,,,1,,,1,2,,,,,,,,,,
132264,Arroyo,CRU,ATA,12,6.6,,,,,,1,1,1,4,2,,,,,,,,,,
132274,Ignacio Sosa,RBB,MEI,12,2.7,,,,,,2,1,,,,,,,,,,,,,
132553,Jemmes,FLU,ZAG,12,1.1,,,,,,1,1,,,,,,,,1,,,,,
132580,Vinicinho,RBB,ATA,12,6.1,,,,,,4,1,,,1,,,,,1,,,,,
133679,Benedetti,PAL,ZAG,12,4.7,,,,,,,1,,,,,,,,,,,,1,
136955,Sanabria,BAH,ATA,12,0.8,,,,,,,,,1,,,,,,,,,,,
140438,David,CHA,MEI,12,2,,,,,,1,1,,1,,,,,,,,,,,
140484,Riquelme Felipe,FLU,ATA,12,1.7,,,,,,1,1,,,1,,,,,,,,,,
141451,Allan,PAL,MEI,12,5,,,,,,2,1,,1,3,,,,,,,,,,
141594,Pedro Gabriel,GRE,LAT,12,5.7,,,,,,3,,1,,,,,,,,,,,,
141595,Gabriel Mec,GRE,ATA,12,0,,,,,,,,,,,,,,,,,,,,
141609,Lucca,SAO,ATA,12,1.2,,,,,,1,1,,,,,,,,,,,,,
141611,Maik,SAO,LAT,12,0,,,,,,,,,,,,,,,,,,,,
141754,Gabriel Bontempo,SAN,MEI,12,5.2,,,,,,3,1,,,2,,,,,,,,,,
141776,Gustavo Henrique,SAN,MEI,12,1.2,,1,,,,1,1,,,2,,,,,,,,,,
142004,Amuzu,GRE,ATA,12,3,,,,,,1,1,,1,2,,,,,,,,,,
142484,Barrera,BOT,MEI,12,-0.3,,,,,,,1,,,,,,,,,,,,,
143153,Tarzia,VIT,ATA,12,0,,,,,,,,,,,,,,,,,,,,
143173,Leonel Pérez,GRE,MEI,12,0.9,,1,,,,1,2,,,2,,,,,,,,,,
143193,Viveros,CAP,ATA,12,2.2,,,,,,,1,1,,3,,,,,2,,,,,
145404,Arthur,PAL,LAT,12,6.7,,,,,,1,1,,,1,,,,,,,,,1,
146375,Kadir,BOT,ATA,12,-0.1,,,,,,,2,,,1,,,,,,,,,,
147088,Cissé,CAM,MEI,12,2.3,,,,,,1,,,1,,,,,,,,,,,
148125,Ryan Augusto,RBB,LAT,12,-0.1,,,,,,,,,,,,,,,1,,,,,
148717,Tetê,SAO,ATA,12,-0.3,,,,,,,1,,,,,,,,,,,,,
149715,Rafael Gonzaga,SAN,LAT,12,2.4,,,,,,2,2,,,,,,,,,,,,,
149990,Franclim Carvalho,BOT,TEC,12,8.17,,,,,,,,,,,,,,,,,,,,1
37457,Léo Condé,REM,TEC,12,2.99,,,,,,,,,,,,,,,,,,,,
37656,Fábio,FLU,GOL,12,1.9,,,,3,,,,,,,,,,2,,,,,,
39148,Hulk,FLU,ATA,12,3.5,,,,,,,,1,1,3,,,,,,,,,,
39656,Alan Franco,CAM,MEI,12,-0.6,,,,,,,2,,,,,,,,,,,,,
39850,Vagner Mancini,RBB,TEC,12,5.25,,,,,,,,,,,,,,,,,,,,1
41929,Renato Gaúcho,?,?,12,6.28,,,,,,,,,,,,,,,,,,,,1
42411,Cuca,SAN,TEC,12,4.22,,,,,,,,,,,,,,,,,,,,
42500,Fagner,CRU,LAT,12,4.4,,,,,,,2,,,,,,,,,,,,1,
51413,Walter,MIR,GOL,12,5.8,,1,,6,,,,,,,,,,1,,,,,,
51772,Everton Ribeiro,BAH,MEI,12,2.5,,,,,,1,,,,2,,,,,,,,,,
61987,Alex Sandro,FLA,LAT,12,4.4,,,,,,,2,,,,,,,,,,,,1,
62977,Ganso,FLU,MEI,12,0,,,,,,,,,,,,,,,,,,,,
63007,Neymar,SAN,MEI,12,7.5,,,,,,2,1,2,,5,,,,,1,,,,,
63289,Edenílson,BOT,MEI,12,18.4,,,,,,1,1,,1,1,,2,,,1,,,,,
68685,Alan Patrick,INT,MEI,12,11.3,,,,,,1,,,1,2,,1,,,,,,,,
68806,Neto,?,?,12,1.6,,,,2,,,,,,,,,,1,,,,,,
68822,Rafael Santos,CHA,GOL,12,1.2,,,,4,,,,,,,,,,4,,,,,,
68920,Dudu,CAM,ATA,12,4.7,,,,,,,,2,1,3,,,,,,,,,,
68928,Rafael,SAO,GOL,12,1.9,,,,3,,,,,,,,,,2,,,,,,
68996,Willian José,BAH,ATA,12,0.2,,,,,,,1,,,1,,,,,,,,,,
69012,Santos,CAP,GOL,12,0.3,,,,1,,,,,,,,,,1,,,,,,
69140,Allan,BOT,MEI,12,1.5,,,,,,1,,,,,,,,,,,,,,
69208,Gabriel Paulista,COR,ZAG,12,7,,,,,,1,1,,1,,,,,,,,,,1,
70360,Eduardo Sasha,RBB,ATA,12,1.2,,,,,,,,1,,,,,,,,,,,,
70592,Felipe Anderson,PAL,MEI,12,0,,,,,,,,,,,,,,,,,,,,
70666,Marllon,REM,ZAG,12,2,,,,,,1,,,,1,,,,,,,,,,
70958,Jean Carlos,?,?,12,0,,,,,,,,,,,,,,,,,,,,
71043,Léo Vieira,BAH,GOL,12,5.8,,,,6,,,,,,,,,,2,,,,,,
71123,Thiago Mendes,VAS,MEI,12,1,,,,,,,,,,2,,,,,,,,,,
71227,Maicon,CFC,ZAG,12,5,,,,,,,,,,,,,,,,,,,1,
71536,Luiz Gustavo,CAP,MEI,12,0.9,,,,,,1,2,,,,,,,,,,,,,
71631,Weverton,GRE,GOL,12,3.2,,,,4,,,,,,,,,,2,,,,,,
71684,Gustavo Gómez,PAL,ZAG,12,15.5,,,,,,1,1,,1,1,,1,,,,,,,1,
72018,Tiago Volpi,RBB,GOL,12,0.6,,,,2,,,,,,,,,,2,,,,,,
72294,Everson,CAM,GOL,12,-1.5,,,,,,,,,,1,,,,2,,,,,,
72391,Fernando Diniz,COR,TEC,12,4.27,,,,,,,,,,,,,,,,,,,,
72460,Bernard,CAM,MEI,12,0,,,,,,,,,,,,,,,,,,,,
72493,Alex Telles,BOT,LAT,12,5,1,,,,,,,,,,,,,,,,,,,
77485,Carrillo,COR,MEI,12,3.4,,,,,,2,2,,,2,,,,,,,,,,
77656,Cédric Soares,SAO,LAT,12,0.2,,1,,,,1,1,,,,,,,,,,,,,
78117,Everaldo,BAH,ATA,12,1.7,,,,,,,,1,,1,,,,,,,,,,
78248,Gustavo Henrique,COR,ZAG,12,4.9,,,,,,,2,,,1,,,,,,,,,1,
78445,Renê,FLU,LAT,12,1.5,,,,,,1,,,,,,,,,,,,,,
78478,Willian Arão,SAN,MEI,12,4.5,,,,,,3,,,,,,,,,,,,,,
78605,Gabriel,RBB,MEI,12,6.4,,,,,,3,1,1,,2,,,,,,,,,,
78850,Reinaldo,MIR,LAT,12,0,,,,,,,,,,,,,,,,,,,,
78855,Thiago Santos,CFC,ZAG,12,4,,1,,,,,,,,,,,,,,,,,1,
79066,Alex Muralha,MIR,GOL,12,-1,,1,,,,,,,,,,,,,,,,,,
79437,Roger Machado,?,?,12,2.75,,,,,,,,,,,,,,,,,,,,
79701,Lucas Silva,CRU,MEI,12,-1.3,,1,,,,,1,,,,,,,,,,,,,
80061,Saúl,FLA,MEI,12,6.5,1,,,,,1,,,,,,,,,,,,,,
80129,Jadson,CAP,MEI,12,0.2,,1,,,,1,1,,,,,,,,,,,,,
80196,Yago Pikachu,REM,MEI,12,0.8,,,,,,,,,1,,,,,,,,,,,
80287,Luciano,SAO,ATA,12,8,,,,,,,5,,,3,,1,,,,,,,,
80313,Gilberto,CAP,LAT,12,0.5,,,,,,,,,,1,,,,,,,,,,
80570,Wendell,SAO,LAT,12,0,,,,,,,,,,,,,,,,,,,,
81005,André Luis,MIR,ATA,12,7.3,,,,,,,4,,,1,,1,,,,,,,,
81720,Lingard,COR,ATA,12,2,,,,,,1,,,,1,,,,,,,,,,
81845,Alisson,FLU,MEI,12,1.4,,1,,,,2,2,,,,,,,,,,,,,
82463,Otávio,FLU,MEI,12,-1.3,,1,,,,,1,,,,,,,,,,,,,
82627,Luiz Araújo,FLA,ATA,12,0,,,,,,,,,,,,,,,,,,,,
82628,Tinga,CFC,LAT,12,11,,,,,,4,,,,,,,,,,,,,1,
82730,Marcelo Rangel,REM,GOL,12,2.5,,,,5,,,,,,,,,,4,,,,,,
83257,Gabriel,SAN,ATA,12,13.3,1,1,,,,,,,1,1,,1,,,,,,,,
83433,Patrick,REM,MEI,12,0.2,,,,,,,1,,,1,,,,,,,,,,
83528,Léo Pereira,FLA,ZAG,12,3.7,,1,,,,,1,,,,,,,,,,,,1,
84339,Bruno Melo,CFC,LAT,12,5.5,,,,,,,,,,1,,,,,,,,,1,
84558,Lucas Romero,CRU,MEI,12,11.4,,,,,,2,3,,1,1,,1,,,,,,,,
84626,Josué,CFC,MEI,12,1.4,,,,,,1,2,,,1,,,,,,,,,,
84674,Lucas Evangelista,PAL,MEI,12,1,,,,,,,1,,1,1,,,,,,,,,,
84816,Varela,FLA,LAT,12,5,,,,,,,,,,,,,,,,,,,1,
84847,Luan Peres,SAN,ZAG,12,1.7,,1,,,,2,1,,,,,,,,,,,,,
85403,Danielzinho,SAO,MEI,12,-0.3,,,,,,,1,,,,,,,,,,,,,
86292,Bolasie,CHA,ATA,12,5,1,,,,,,,,,,,,,,,,,,,
86410,Victor Luis,MIR,LAT,12,0,,,,,,,,,,,,,,,,,,,,
86686,Tchê Tchê,VAS,MEI,12,3.7,,,,,,2,1,,,2,,,,,,,,,,
86757,Everton,FLA,ATA,12,0.8,,,,,,,,,1,,,,,,,,,,,
86859,José Welison,REM,MEI,12,-0.3,,,,,,,1,,,,,,,,,,,,,
87008,Léo Jardim,VAS,GOL,12,-1,,1,,1,,,1,,,,,,,1,,,,,,
87225,Pedro Henrique,RBB,ZAG,12,3.5,,,,,,1,,,,4,,,,,,,,,,
87228,Guilherme Arana,FLU,LAT,12,0.8,,,,,,1,2,,,,,,,,1,,,,,
87470,Thaciano,SAN,MEI,12,1.2,,,,,,,,1,,,,,,,,,,,,
87552,Vitor Bueno,REM,MEI,12,0,,,,,,,,,,,,,,,,,,,,
87742,Neto Moura,MIR,MEI,12,0,,,,,,,,,,,,,,,,,,,,
87863,Arrascaeta,FLA,MEI,12,13,,1,,,,,,1,1,2,1,1,,,,,,,,
88037,Luís Castro,GRE,TEC,12,3.37,,,,,,,,,,,,,,,,,,,,
88963,Leonardo Jardim,FLA,TEC,12,8.309999999999999,,,,,,,,,,,,,,,,,,,,1
89256,Gerson,CRU,MEI,12,12.1,1,,,,,3,1,2,,1,,,,,,,,,,
89274,Andreas Pereira,PAL,MEI,12,1.8,,,,,,,,,1,2,,,,,,,,,,
89368,Braithwaite,GRE,ATA,12,0.8,,,,,,,,,1,,,,,,,,,,,
89637,Thiago Maia,INT,MEI,12,1.5,,,,,,1,,,,,,,,,,,,,,
89840,Calleri,SAO,ATA,12,7,,,,,,1,,2,2,5,,,,,,1,,,,
90031,Mendoza,CAP,ATA,12,3.2,,,,,,1,,1,,1,,,,,,,,,,
90061,Bruno Pacheco,CHA,LAT,12,6.7,,,,,,4,1,,,2,,,,,,,,,,
90285,Bruno Henrique,FLA,ATA,12,1,,,,,,,,,,2,,,,,,,,,,
90302,Pedro Rocha,CFC,ATA,12,8.9,,,,,,,,,,2,,1,,,1,,,,,
90309,David,VAS,ATA,12,3.6,,,,,,1,1,2,,,,,,,,,,,,
90370,Matheus Pereira,COR,MEI,12,-0.3,,,,,,,1,,,,,,,,,,,,,
90532,Arthur Melo,?,?,12,4.5,,,,,,1,,,,6,,,,,,,,,,
90588,Caíque,VIT,MEI,12,2.5,,,,,,1,,,,2,,,,,,,,,,
90703,Matheuzinho,VIT,MEI,12,2.5,,,,,,,1,,1,4,,,,,,,,,,
90768,Fabrício Bruno,CRU,ZAG,12,4.2,,1,,,,,1,,,1,,,,,,,,,1,
90917,Carlos Eduardo,MIR,ATA,12,2.4,,,,,,2,2,,,,,,,,,,,,,
91772,David Duarte,BAH,ZAG,12,3,,,,,,2,,,,,,,,,,,,,,
91908,Pavón,GRE,ATA,12,2.3,,,,,,2,2,,,,,,,,1,,,,,
92087,Lyanco,CAM,ZAG,12,0.6,,1,,,,1,4,,1,1,,,,,,,,,,
92171,Arthur Cabral,BOT,ATA,12,2.1,,,,,,,,,2,1,,,,,,,,,,
92180,Jair Ventura,VIT,TEC,12,4.63,,,,,,,,,,,,,,,,,,,,
92273,Odair Hellmann,CAP,TEC,12,2.11,,,,,,,,,,,,,,,,,,,,
92696,Renato Kayzer,VIT,ATA,12,-0.1,,,,,,,,,,,,,,,1,,,,,
92747,Eduardo Domínguez,CAM,TEC,12,2.03,,,,,,,,,,,,,,,,,,,,
92811,Bruno Rodrigues,CRU,ATA,12,2.5,,,,,,1,,,,2,,,,,,,,,,
92854,Borré,?,?,12,12,1,,,,,2,,3,,1,,,,,1,,,,,
93368,Lucas Veríssimo,SAN,ZAG,12,0.8,,1,,,,2,4,,,,,,,,,,,,,
93411,Cantalapiedra,?,?,12,0,,,,,,,,,,,,,,,,,,,,
93478,Wanderson,CRU,ATA,12,-0.3,,,,,,,1,,,,,,,,,,,,,
93716,Paulo Henrique,VAS,LAT,12,3.9,,,,,,2,2,,,3,,,,,,,,,,
93988,Breno Lopes,CFC,ATA,12,7.4,,,,,,,2,,,,,1,,,,,,,,
94034,Kevin Ramírez,CHA,ATA,12,0.5,,,,,,,,,,1,,,,,,,,,,
94067,Matheus Fernandes,RBB,MEI,12,5.2,1,,,,,,2,,1,,,,,,,,,,,
94154,Maycon,CAM,MEI,12,1,,,,,,,1,,1,1,,,,,,,,,,
94514,Lucas Oliveira,MIR,ZAG,12,12,,1,,,,3,,,,1,,1,,,,,,,,
94583,Pedro,FLA,ATA,12,7.9,1,,,,,,1,2,1,,,,,,,,,,,
94930,Lucas Paquetá,FLA,MEI,12,11.6,,,,,,1,3,1,1,2,,1,,,,,,,,
94968,Juninho Capixaba,RBB,LAT,12,0.1,,,,,,,1,,,1,,,,,1,,,,,
95131,Gabriel Taliari,REM,ATA,12,9.8,,,,,,1,2,,,2,,1,,,1,,,,,
95332,Marcinho,CHA,ATA,12,10.5,,,,,,,,1,1,1,,1,,,,,,,,
95362,Cassierra,CAM,ATA,12,0,,,,,,,,,,,,,,,,,,,,
95466,Igor Vinícius,SAN,LAT,12,3.9,,1,,,,3,2,,,2,,,,,,,,,,
95556,Raniele,COR,MEI,12,-1.2,,,,,,,4,,,,,,,,,,,,,
95620,Bruno Leonardo,CHA,ZAG,12,4.4,,,,,,3,2,,,1,,,,,,,,,,
95799,Artur,SAO,ATA,12,6,,,,,,4,,,,,,,,,,,,,,
96353,Joaquín Correa,BOT,ATA,12,5,1,,,,,,,,,,,,,,,,,,,
96591,Renan Lodi,CAM,LAT,12,0.5,,,1,,,,1,1,2,2,,,,,,,,,,
96610,Matheus Pereira,CRU,MEI,12,9.6,1,1,,,,2,2,1,2,1,,,,,1,,,,,
96652,Allan,COR,MEI,12,0,,,,,,,,,,,,,,,,,,,,
97095,Carlos Cuesta,VAS,ZAG,12,-0.1,,,,,,,2,,,1,,,,,,,,,,
97321,Alesson,MIR,ATA,12,12.7,2,,,,,,,1,2,,,,,,1,,,,,
97341,Rogério Ceni,BAH,TEC,12,3.92,,,,,,,,,,,,,,,,,,,,
97460,João Victor,MIR,ZAG,12,4.5,,,,,,3,,,,,,,,,,,,,,
97520,Shaylon,MIR,MEI,12,4.5,,,,,,3,,,,,,,,,,,,,,
97642,Félix Torres,INT,ZAG,12,1.7,,,,,,1,2,,1,,,,,,,,,,,
97653,Murilo,PAL,ZAG,12,1.4,,,1,,,,2,,,,,,,,,,,,1,
97795,Marcelinho,REM,LAT,12,11.7,,,,,,1,1,1,1,1,,1,,,,,,,,
97810,Erick,VIT,ATA,12,0.5,,,,,,,,,,1,,,,,,,,,,
97867,Léo Ortiz,FLA,ZAG,12,7.4,,,,,,,2,,,,1,,,,,,,,1,
97878,Jacy,CFC,ZAG,12,7.9,,,,,,2,2,,,1,,,,,,,,,1,
97969,Marcos Vinícius,?,?,12,0,,,,,,,,,,,,,,,,,,,,
98224,Jáderson,REM,MEI,12,2,,,,,,1,,,,1,,,,,,,,,,
98517,Jean Lucas,BAH,MEI,12,12.2,,,,,,6,1,,,1,1,,,,,,,,,
98672,Savarino,FLU,MEI,12,9,,,,,,,,,,2,,1,,,,,,,,
98873,Samuel Lino,FLA,ATA,12,1.7,,,,,,1,1,,,1,,,,,,,,,,
98909,Cuello,CAM,ATA,12,6.1,,,,,,1,,,2,,1,,,,,,,,,
99213,Puma Rodríguez,VAS,LAT,12,11,,,,,,2,,,,,,1,,,,,,,,
99228,De la Cruz,FLA,MEI,12,1.5,,,,,,1,,,,,,,,,,,,,,
99274,Alexander Barboza,PAL,ZAG,12,4.5,,,,,,3,,,,,,,,,,,,,,
99366,Luis Zubeldía,FLU,TEC,12,8.190000000000001,,,,,,,,,,,,,,,,,,,,1
99440,Baralhas,VIT,MEI,12,2.7,,,,,,1,2,,1,2,,,,,,,,,,
99552,Rossi,FLA,GOL,12,12.8,,,,6,,,,,,,,,,,,,,,1,
99789,Brenner,VAS,ATA,12,4.8,,,,,,2,,,1,2,,,,,,,,,,
99815,Arias,PAL,MEI,12,1.2,,,,,,,,1,,,,,,,,,,,,
99889,Alan Franco,?,?,12,-1.6,,1,,,,,2,,,,,,,,,,,,,
100652,Yuri Alberto,COR,ATA,13,1,,,,,,,1,,1,1,,,,,,,,,,
100742,Matheus Henrique,CRU,MEI,13,0,,,,,,,,,,,,,,,,,,,,
100804,Tchamba,REM,ZAG,13,1.3,,,,,,,,,1,1,,,,,,,,,,
100842,Ruan,CAM,ZAG,13,2,,,,,,1,1,,1,,,,,,,,,,,
100848,Luan Cândido,VIT,LAT,13,1.5,,,,,,,2,1,,2,,,,,1,,,,,
100898,Vitinho,BOT,LAT,13,3,,,,,,2,,,,,,,,,,,,,,
100969,Ronald Lopes,?,?,13,0.8,,,,,,,,,1,,,,,,,,,,,
101002,Júnior Santos,BOT,ATA,13,1.4,,,,,,,1,,1,2,,,,,1,,,,,
101254,Alef Manga,REM,ATA,13,3,,,,,,,,1,1,2,,,,,,,,,,
101314,Ademir,BAH,ATA,13,-0.3,,,,,,,1,,,,,,,,,,,,,
101319,Guga,FLU,LAT,13,3,,,,,,2,,,,,,,,,,,,,,
101393,Eduardo Doma,CHA,ZAG,13,-4.3,,,1,,,,1,,,,,,,,,1,,,,
101597,Ramon,VIT,LAT,13,3,,,,,,2,,,,,,,,,,,,,,
101708,Felipe Jonatan,CFC,LAT,13,0.5,,,,,,,,,,1,,,,,,,,,,
101715,Alerrandro,INT,ATA,13,5.5,1,,,,,,2,1,,,,,,,1,,,,,
101807,Oliva,SAN,MEI,13,4,,,,,,2,4,1,,2,,,,,,,,,,
101820,Mayk,REM,LAT,13,2,,,,,,1,,,,1,,,,,,,,,,
101908,Willian Machado,MIR,ZAG,13,4.2,,,,,,2,1,,,3,,,,,,,,,,
101960,Vitinho,INT,ATA,13,4.5,,,,,,3,,,,,,,,,,,,,,
102256,Rollheiser,SAN,MEI,13,15.4,,,,,,,2,,,,,2,,,,,,,,
102340,Cacá,VIT,ZAG,13,-0.5,,,,,,,,,,1,,,,,,1,,,,
102667,Nathan Fogaça,?,?,13,-1,,1,,,,,,,,,,,,,,,,,,
102877,Gabriel Poveda,REM,ATA,13,1,,,,,,,1,,1,1,,,,,,,,,,
102906,Anderson,CHA,GOL,13,11.5,,,,10,,,,,,1,,,,2,,,,,,
102909,Luan,SAO,MEI,13,2.3,,,,,,1,,,1,,,,,,,,,,,
102911,Zé Ricardo,REM,MEI,13,-1.8,,1,,,,,6,,,2,,,,,,,,,,
102928,Canobbio,FLU,ATA,13,10.4,,,,,,4,,3,1,,,,,,,,,,,
102975,Escobar,SAN,LAT,13,4,,1,,,,3,,,,1,,,,,,,,,,
103388,Emmanuel Martínez,VIT,MEI,13,6.5,,1,,,,4,1,,1,2,,,,,,,,,,
103445,Kaio Jorge,CRU,ATA,13,-0.3,,,,,,,1,,,,,,,,,,,,,
103523,Ignácio,FLU,ZAG,13,0,,,,,,,,,,,,,,,,,,,,
103987,Higor Meritão,?,?,13,5.3,,,,,,3,,,1,,,,,,,,,,,
104027,Rafael Guanaes,MIR,TEC,13,2.23,,,,,,,,,,,,,,,,,,,,
104075,Sabino,SAO,ZAG,13,5.9,,,,,,1,2,,,,,,,,,,,,1,
104084,Carlos Miguel,PAL,GOL,13,8.9,,,,3,,,,,,,,,,,,,,,1,
104085,Bruno Fuchs,PAL,ZAG,13,5,,,,,,,,,,,,,,,,,,,1,
104118,Lucas Arcanjo,VIT,GOL,13,7.4,,,,8,,,,,,,,,,3,,,,,,
104134,Fabri,VIT,ATA,13,-0.3,,,,,,,1,,,,,,,,,,,,,
104204,Edson Carioca,MIR,ATA,13,0,,,,,,,,,,,,,,,,,,,,
104470,Everton,CHA,LAT,13,1.2,,,,,,1,1,,,,,,,,,,,,,
104502,Christian,?,?,13,0.9,,,,,,1,2,,,,,,,,,,,,,
104519,Camilo,CHA,MEI,13,3.7,,,,,,2,2,,1,1,,,,,,,,,,
104666,Moisés,SAN,ATA,13,1.2,,,,,,,,1,,,,,,,,,,,,
104783,Acevedo,BAH,MEI,13,7.4,,,,,,3,,2,,1,,,,,,,,,,
104994,Wagner Leonardo,GRE,ZAG,13,5.4,,,,,,,1,,1,,,,,,1,,,,1,
105047,João Marcelo,CRU,ZAG,13,6.9,,,,,,1,2,,,2,,,,,,,,,1,
105048,Jajá,REM,ATA,13,4.8,,,,,,1,1,,2,4,,,,,,,,,,
105089,Tetê,GRE,ATA,13,3.9,,,,,,1,,2,,,,,,,,,,,,
105157,Villagra,INT,MEI,13,3.5,,,,,,2,,,,1,,,,,,,,,,
105175,Khellven,PAL,LAT,13,5,,,,,,,,,,,,,,,,,,,1,
105300,Ferraresi,BOT,ZAG,13,2.2,,,,,,1,1,,,2,,,,,,,,,,
105373,Gabriel Xavier,?,?,13,-0.3,,,,,,,1,,,,,,,,,,,,,
105518,Renan Peixoto,CAP,ATA,13,3.5,,,,,,,,,,1,1,,,,,,,,,
105531,Matheus Bidu,COR,LAT,13,17.8,,,,,,2,,,1,2,,1,,,,,,,1,
105563,Carlos Vinícius,GRE,ATA,13,1.4,,1,,,,1,3,,2,1,,,,,3,,,,,
105584,Lucas Piton,VAS,LAT,13,1.2,,,,,,1,1,,,,,,,,,,,,,
105647,Maurício,PAL,MEI,13,1.7,,,,,,,,1,,1,,,,,,,,,,
105664,Walter Clar,?,?,13,0,,,,,,,,,,,,,,,,,,,,
105903,Aldo Filho,MIR,MEI,13,3.7,,1,,,,3,2,,1,,,,,,,,,,,
105990,Santiago Mingo,BAH,ZAG,13,1.2,,1,,,,,1,,,1,1,,,,,1,,,,
106104,Enamorado,GRE,ATA,13,6.1,1,,,,,1,3,,,1,,,,,,,,,,
106202,Bruno Gomes,INT,MEI,13,1.4,,,,,,1,2,,,1,,,,,,,,,,
106323,Caio Alexandre,BAH,MEI,13,3,,,,,,1,1,,1,2,,,,,,,,,,
106708,Igor Formiga,MIR,LAT,13,1.1,,,,,,1,3,,,1,,,,,,,,,,
107093,Luciano Juba,BAH,LAT,13,10.5,,,,,,1,,,,2,,1,,,,,,,,
107173,Michel Araújo,BAH,MEI,13,2.6,,,,,,2,1,,,,,,,,1,,,,,
107231,Danilo,BOT,MEI,13,19.9,,,,,,6,,2,,1,,1,,,,,,,,
107256,Zé Vitor,VIT,MEI,13,0.2,,1,,,,1,6,,,3,,,,,,,,,,
107516,Ênio,CHA,ATA,13,8.4,,1,,,,,1,1,,1,,1,,,,,,,,
107554,Natanael,CAM,LAT,13,2.6,,,,,,,2,1,,4,,,,,,,,,,
107771,Fábio Matias,?,?,13,3.48,,,,,,,,,,,,,,,,,,,,
107873,Bobadilla,SAO,MEI,13,1,,,,,,,,,,2,,,,,,,,,,
107985,Terán,CAP,ZAG,13,-0.3,,,,,,,1,,,,,,,,,,,,,
107989,Carbonero,INT,ATA,13,8.9,,,,,,,,,,2,,1,,,1,,,,,
108131,Garcez,CHA,ATA,13,0.9,,,,,,,1,1,,,,,,,,,,,,
108133,Isidro Pitta,RBB,ATA,13,2,,,,,,,,1,1,,,,,,,,,,,
108162,Nardoni,GRE,MEI,13,0.5,,,,,,,,,,1,,,,,,,,,,
108683,Emiliano Martínez,PAL,MEI,13,0,,,,,,,,,,,,,,,,,,,,
109096,Plata,FLA,ATA,13,14.4,,,,,,4,2,,,2,,1,,,,,,,,
109127,Tiago Cóser,CFC,ZAG,13,0,,,,,,,,,,,,,,,,,,,,
109336,Rafael Carvalheira,CHA,MEI,13,0.7,,,,,,,2,,1,1,,,,,,,,,,
109401,Erick Pulga,BAH,ATA,13,7.2,1,1,,,,,1,,,3,1,,,,,1,,,,
109987,Medina,BOT,MEI,13,17,,,,,,5,1,,1,2,,1,,,,,,,,
110144,Spinelli,VAS,ATA,13,1.3,,,,,,,1,,2,,,,,,,,,,,
110426,Bernabei,INT,LAT,13,9.6,,,,,,1,4,,1,1,,1,,,,,,,,
110506,Abel Ferreira,PAL,TEC,13,8.01,,,,,,,,,,,,,,,,,,,,1
110668,Esquivel,CAP,LAT,13,2.5,,,,,,1,1,,1,1,,,,,,,,,,
110698,Mycael,CAP,GOL,13,-1,,1,,,,,,,,,,,,,,,,,,
110708,Pedro Rangel,CFC,GOL,13,6,,,,5,,,,,,1,,,,1,,,,,,
110715,Andrés Hurtado,RBB,LAT,13,3.7,,,,,,2,2,,1,1,,,,,,,,,,
110750,Gustavo Marques,RBB,ZAG,13,4.1,,,,,,1,1,,3,1,,,,,,,,,,
110759,John Kennedy,FLU,ATA,13,7.7,,,,,,,1,,,,,1,,,,,,,,
111466,Victor Gabriel,INT,ZAG,13,-0.8,,1,,,,,2,,1,,,,,,,,,,,
111682,Adson,VAS,MEI,13,3.8,,,,,,2,,,1,,,,,,,,,,,
111683,Anthoni,INT,GOL,13,5,,,,5,,,,,,1,,,,2,,,,,,
111690,Matheus Cunha,INT,GOL,13,5.8,,1,,1,,,,,,1,,,,,,,,,1,
111831,Matheus Martins,BOT,ATA,13,7,,,,,,1,,1,1,1,1,,,,,,,,,
111945,Diego Hernández,?,?,13,0.2,,,,,,,1,,,1,,,,,,,,,,
112576,Vini Paulista,CFC,MEI,13,1.8,,1,,,,1,,,1,1,,,,,,,,,,
112709,Kaiki Bruno,?,?,13,11.4,,,,,,4,4,1,,1,,,,,1,,,,1,
112863,Ramón Sosa,PAL,ATA,13,7,1,,,,,,2,1,2,,,,,,2,,,,,
112886,Lucas Barbosa,RBB,ATA,13,7,,,,,,1,1,2,3,2,,,,,,,,,,
113034,Freytes,FLU,ZAG,13,1.6,,,,,,,,,2,,,,,,,,,,,
113103,Flaco López,PAL,ATA,13,9.5,,,,,,,1,,1,2,,1,,,,,,,,
113113,Benavídez,CAP,LAT,13,4.7,1,1,,,,,1,,,2,,,,,,,,,,
113125,Picco,REM,MEI,13,2.7,,,,,,2,1,,,,,,,,,,,,,
113397,Cristian Olivera,BAH,ATA,13,1.3,,,,,,,,,1,1,,,,,,,,,,
113690,Diógenes,SAN,GOL,13,0.9,,1,,3,,,,,,,,,,2,,,,,,
114040,Minda,CAM,ATA,13,4.5,,,,,,1,,,,,1,,,,,,,,,
114405,Sinisterra,CRU,ATA,13,0.2,,,,,,,1,,,1,,,,,,,,,,
115025,Miguelito,SAN,MEI,13,-0.1,,1,,,,1,2,,,,,,,,,,,,,
115479,Paulo Pezzolano,INT,TEC,13,4.35,,,,,,,,,,,,,,,,,,,,
115914,Evertton Araújo,FLA,MEI,13,10,1,,,,,1,,,,1,1,,,,,,,,,
115986,Denilson,MIR,MEI,13,0.2,,,,,,,1,,,1,,,,,,,,,,
116034,Victor Hugo,CAM,MEI,13,2.5,,,,,,,,1,1,1,,,,,,,,,,
116065,Cuiabano,VAS,LAT,13,0.5,,,,,,,,,,1,,,,,,,,,,
116447,Hércules,FLU,MEI,13,5.7,,,,,,3,,1,,,,,,,,,,,,
116706,Andrés Gómez,VAS,ATA,13,4.3,,,,,,,4,2,2,3,,,,,,,,,,
117330,Robert Renan,VAS,ZAG,13,1.4,,,,,,,2,1,1,,,,,,,,,,,
117632,Garro,COR,MEI,13,8.4,1,,,,,,2,1,1,4,,,,,,,,,,
117910,Breno Bidon,COR,MEI,13,2.5,,,,,,,,,,5,,,,,,,,,,
117930,Lavega,CFC,ATA,13,0,,,,,,,,,,,,,,,,,,,,
118563,Rodriguinho,RBB,MEI,13,2.3,,,,,,1,,,1,,,,,,,,,,,
118655,Saldivia,VAS,ZAG,13,2.8,,,,,,1,1,,2,,,,,,,,,,,
118775,Lautaro Díaz,SAN,ATA,13,0.9,,,,,,,1,1,,,,,,,,,,,,
121823,Kauê,COR,GOL,13,13.6,,1,,7,,,,,,1,,,,,,,,,1,
122138,João Vitor,?,?,13,-0.3,,1,,,,,1,,,2,,,,,,,,,,
122394,Gustavinho,RBB,MEI,13,0,,,,,,,,,,,,,,,,,,,,
122485,Barros,VAS,MEI,13,1.1,,1,,,,1,3,,,3,,,,,,,,,,
123360,Cauly,SAO,MEI,13,3.8,,,,,,2,,,1,,,,,,,,,,,
123648,Lucas Ronier,CFC,ATA,13,7.4,,,,,,2,1,2,1,3,,,,,,,,,,
123738,Herrera,RBB,ATA,13,3.5,,,,,,2,,,,1,,,,,,,,,,
124239,Henry Mosquera,RBB,ATA,13,2.2,,,,,,1,2,,1,1,,,,,,,,,,
124270,Allex,INT,MEI,13,1.2,,,,,,,1,,,3,,,,,,,,,,
124424,Rodrigo Castillo,FLU,ATA,13,8.1,,,,,,1,2,3,2,4,,,,,,,,,,
124481,Mateo Ponte,BOT,LAT,13,5.7,1,,,,,,1,,,2,,,,,,,,,,
124526,Giay,PAL,LAT,13,11.9,,1,,,,5,2,,,2,,,,,,,,,1,
124912,Jonathan Jesus,CRU,ZAG,13,5.9,,,,,,1,2,,,,,,,,,,,,1,
125467,Viery,?,?,13,9.7,,1,,,,4,1,,,,,,,,,,,,1,
125746,Dudu,CAP,MEI,13,1.5,,,,,,1,,,,,,,,,,,,,,
125926,Zapelli,CAP,MEI,13,-1,,1,,,,,,,,,,,,,,,,,,
126182,Paulinho,INT,MEI,13,0.5,,,,,,,1,,1,,,,,,,,,,,
126189,Tomás Pérez,CAM,MEI,13,-0.8,,1,,,,,1,,,1,,,,,,,,,,
126977,Fernando Seabra,CFC,TEC,13,2.51,,,,,,,,,,,,,,,,,,,,
127273,Artur Jorge,CRU,TEC,13,7.21,,,,,,,,,,,,,,,,,,,,1
127970,Felipe Chiqueti,CAP,MEI,13,2.5,,,,,,1,,,,2,,,,,,,,,,
128431,João Cruz,CAP,MEI,13,4.1,,,,,,1,2,1,2,1,,,,,1,,,,,
128433,Johan Rojas,VAS,MEI,13,1.9,,1,,,,,1,2,1,,,,,,,,,,,
130048,Noriega,GRE,ZAG,13,8.5,,,,,,2,,,,1,,,,,,,,,1,
130209,Renê,VIT,ATA,13,12.5,,,,,,2,1,,1,2,,1,,,,,,,,
130620,Edenílson,VIT,MEI,13,3.2,,1,,,,3,1,,,,,,,,,,,,,
130650,Bernal,?,?,13,3.8,,,,,,2,,,1,,,,,,,,,,,
130843,Arthur Dias,CAP,ZAG,13,2.5,,1,,,,2,1,,1,,,,,,,,,,,
130889,Riquelme,GRE,MEI,13,-0.3,,,,,,,1,,,,,,,,,,,,,
131516,JP Chermont,CFC,LAT,13,0,,,,,,,,,,,,,,,,,,,,
131832,Portilla,CAP,MEI,13,4.1,,,,,,3,3,,,1,,,,,,,,,,
132071,Serna,FLU,ATA,13,1.2,,,,,,,,,1,1,,,,,1,,,,,
132264,Arroyo,CRU,ATA,13,9,,1,,,,1,2,1,,,,1,,,1,,,,,
132274,Ignacio Sosa,RBB,MEI,13,2.5,,,,,,1,,,,2,,,,,,,,,,
132553,Jemmes,FLU,ZAG,13,1.2,,,,,,1,1,,,,,,,,,,,,,
132580,Vinicinho,RBB,ATA,13,1,,,,,,,,,,2,,,,,,,,,,
137618,Clayton Sampaio,INT,ZAG,13,-1,,1,,,,,,,,,,,,,,,,,,
141451,Allan,PAL,MEI,13,6,,,,,,3,,,,3,,,,,,,,,,
141594,Pedro Gabriel,GRE,LAT,13,6.8,,,,,,,2,2,,,,,,,,,,,1,
141595,Gabriel Mec,GRE,ATA,13,11,,,,,,1,1,,1,2,,1,,,,,,,,
141609,Lucca,SAO,ATA,13,-0.3,,,,,,,1,,,,,,,,,,,,,
141754,Gabriel Bontempo,SAN,MEI,13,2.5,,,,,,,,,,3,,,,,,,,1,,
142004,Amuzu,GRE,ATA,13,2.3,,,,,,,1,,2,2,,,,,,,,,,
142279,Nuno Moreira,VAS,MEI,13,0,,,,,,,,,,,,,,,,,,,,
142890,Montoro,BOT,MEI,13,2,,,,,,1,,,,1,,,,,,,,,,
143153,Tarzia,VIT,ATA,13,0,,,,,,,,,,,,,,,,,,,,
143173,Leonel Pérez,GRE,MEI,13,-1.9,,1,,,,,3,,,,,,,,,,,,,
143193,Viveros,CAP,ATA,13,21.1,,,,,,1,1,2,,1,,2,,,,,,1,,
143600,Kauã Moraes,CRU,LAT,13,4.4,,1,,,,,2,,,2,,,,,,,,,1,
145404,Arthur,PAL,LAT,13,9.4,,,,,,3,2,,,1,,,,,,,,,1,
145563,João Ananias,SAN,ZAG,13,4.5,,,,,,3,,,,,,,,,,,,,,
145744,André,COR,MEI,13,-3.9,,,1,,,,3,,,,,,,,,,,,,
146040,João Pedro,?,?,13,0.2,,,,,,,2,,1,,,,,,,,,,,
146375,Kadir,BOT,ATA,13,2.5,,,,,,,,1,1,1,,,,,,,,,,
147090,Kauã Pascini,CAM,LAT,13,1.5,,,,,,1,,,,,,,,,,,,,,
147194,Bruninho,?,?,13,5,,,,,,,,2,2,2,,,,,,,,,,
149990,Franclim Carvalho,BOT,TEC,13,5.88,,,,,,,,,,,,,,,,,,,,
37457,Léo Condé,REM,TEC,13,3.28,,,,,,,,,,,,,,,,,,,,
37656,Fábio,FLU,GOL,13,1.6,,,,2,,,,,,,,,,1,,,,,,
39656,Alan Franco,CAM,MEI,13,0,,,,,,,,,,,,,,,,,,,,
39850,Vagner Mancini,RBB,TEC,13,3.41,,,,,,,,,,,,,,,,,,,,
41929,Renato Gaúcho,?,?,13,3.19,,,,,,,,,,,,,,,,,,,,
42411,Cuca,SAN,TEC,13,4.28,,,,,,,,,,,,,,,,,,,,
51413,Walter,MIR,GOL,13,-1,,,,,,,,,,,,,,1,,,,,,
51772,Everton Ribeiro,BAH,MEI,13,1.4,,1,,,,1,2,,,3,,,,,,,,,,
61987,Alex Sandro,FLA,LAT,13,7.3,,,,,,2,4,,,1,,,,,,,,,1,
62977,Ganso,FLU,MEI,13,-1.1,,1,,,,,2,,,1,,,,,,,,,,
63008,Rafael Tolói,SAO,ZAG,13,7.9,,,,,,2,2,,,1,,,,,,,,,1,
63289,Edenílson,BOT,MEI,13,0.6,,,,,,1,3,,,,,,,,,,,,,
68685,Alan Patrick,INT,MEI,13,2.5,,,,,,1,,,,2,,,,,,,,,,
68708,Eduardo,MIR,MEI,13,3.2,,,,,,2,2,,1,,,,,,,,,,,
68806,Neto,?,?,13,0.6,,,,2,,,,,,,,,,2,,,,,,
68920,Dudu,CAM,ATA,13,1.3,,,,,,,,,1,1,,,,,,,,,,
68928,Rafael,SAO,GOL,13,6.3,,,,1,,,,,,,,,,,,,,,1,
68952,Marinho,VIT,ATA,13,1.2,,,,,,1,1,,,,,,,,,,,,,
68996,Willian José,BAH,ATA,13,8.2,,,,,,,2,,1,,,1,,,,,,,,
69012,Santos,CAP,GOL,13,-0.7,,1,,1,,,,,,,,,,1,,,,,,
69140,Allan,BOT,MEI,13,2.7,,,,,,2,1,,,,,,,,,,,,,
69208,Gabriel Paulista,COR,ZAG,13,8,,,,,,2,,,,,,,,,,,,,1,
70360,Eduardo Sasha,RBB,ATA,13,3,,,,,,1,,,,3,,,,,,,,,,
70592,Felipe Anderson,PAL,MEI,13,-0.4,,1,,,,1,3,,,,,,,,,,,,,
70666,Marllon,REM,ZAG,13,5,,,,,,3,,,,1,,,,,,,,,,
70944,Bruno Henrique,INT,MEI,13,4.2,,,,,,2,,1,,,,,,,,,,,,
70958,Jean Carlos,?,?,13,-0.1,,1,,,,1,2,,,,,,,,,,,,,
71043,Léo Vieira,BAH,GOL,13,3.2,,,,4,,,,,,,,,,2,,,,,,
71123,Thiago Mendes,VAS,MEI,13,-0.5,,1,,,,,,,,1,,,,,,,,,,
71227,Maicon,CFC,ZAG,13,-0.3,,,,,,,1,,,,,,,,,,,,,
71536,Luiz Gustavo,CAP,MEI,13,11.2,,1,,,,,4,3,1,2,,1,,,,,,,,
71631,Weverton,GRE,GOL,13,10.7,,,,4,,,,,,1,,,,,,,,,1,
71684,Gustavo Gómez,PAL,ZAG,13,4.4,,,,,,,2,,,,,,,,,,,,1,
72018,Tiago Volpi,RBB,GOL,13,1.6,,,,2,,,,,,,,,,1,,,,,,
72294,Everson,CAM,GOL,13,-0.1,,,,3,,,,,,,,,,4,,,,,,
72391,Fernando Diniz,COR,TEC,13,8.059999999999999,,,,,,,,,,,,,,,,,,,,1
72460,Bernard,CAM,MEI,13,2.2,,,,,,1,1,,,2,,,,,,,,,,
72493,Alex Telles,BOT,LAT,13,-0.6,,,,,,,2,,,,,,,,,,,,,
72605,Vitor Hugo,CAM,ZAG,13,2.7,,,,,,2,1,,,,,,,,,,,,,
74187,Rincón,?,?,13,0.2,,,,,,,1,,,1,,,,,,,,,,
77485,Carrillo,COR,MEI,13,0.5,,1,,,,1,,,,,,,,,,,,,,
77777,João Schmidt,SAN,MEI,13,1.3,,,,,,1,4,,,2,,,,,,,,,,
78117,Everaldo,BAH,ATA,13,0,,,,,,,,,,,,,,,,,,,,
78248,Gustavo Henrique,COR,ZAG,13,6.1,,1,,,,,1,2,,,,,,,,,,,1,
78435,Vitinho,COR,ATA,13,4.3,,,,,,2,1,,2,,,,,,,,,,,
78605,Gabriel,RBB,MEI,13,1.5,,,,,,1,,,,,,,,,,,,,,
78850,Reinaldo,MIR,LAT,13,3.8,,,,,,2,,,1,,,,,,,,,,,
78855,Thiago Santos,CFC,ZAG,13,3.1,,,,,,2,3,,,2,,,,,,,,,,
79437,Roger Machado,?,?,13,7.84,,,,,,,,,,,,,,,,,,,,1
80061,Saúl,FLA,MEI,13,1.2,,,,,,1,1,,,,,,,,,,,,,
80196,Yago Pikachu,REM,MEI,13,4.2,,,,,,2,2,,1,2,,,,,,,,,,
80287,Luciano,SAO,ATA,13,11.8,,,,,,1,1,,2,2,,1,,,,,,,,
80313,Gilberto,CAP,LAT,13,1.2,,,,,,1,1,,,,,,,,,,,,,
80570,Wendell,SAO,LAT,13,13.7,1,,,,,2,2,,1,1,,,,,,,,,1,
81005,André Luis,MIR,ATA,13,2,,,,,,,1,,1,3,,,,,,,,,,
81150,Mayke,SAN,LAT,13,4.1,,1,,,,3,2,1,,,,,,,,,,,,
81720,Lingard,COR,ATA,13,1.5,,,,,,1,,,,,,,,,,,,,,
81845,Alisson,FLU,MEI,13,5.5,1,,,,,,,,,1,,,,,,,,,,
81952,Willian Oliveira,?,?,13,-0.6,,,,,,,2,,,,,,,,,,,,,
82627,Luiz Araújo,FLA,ATA,13,0,,,,,,,,,,,,,,,,,,,,
82628,Tinga,CFC,LAT,13,1.4,,,,,,,1,1,,1,,,,,,,,,,
82730,Marcelo Rangel,REM,GOL,13,5.5,,,,5,,,,,,,,,,1,,,,,,
82775,Lucas Ramon,SAO,LAT,13,11.2,,,,,,4,1,,,1,,,,,,,,,1,
83048,Rafael Thyere,CHA,ZAG,13,-0.3,,,,,,,1,,,,,,,,,,,,,
83433,Patrick,REM,MEI,13,2,,,,,,1,,,,1,,,,,,,,,,
83528,Léo Pereira,FLA,ZAG,13,6.5,,,,,,1,,,,,,,,,,,,,1,
84042,Tiquinho Soares,?,?,13,0.5,,,,,,,1,,1,,,,,,,,,,,
84339,Bruno Melo,CFC,LAT,13,-2.5,,,1,,,,1,,1,,,,,,,,,,,
84558,Lucas Romero,CRU,MEI,13,7.1,,,,,,4,2,1,,1,,,,,,,,,,
84626,Josué,CFC,MEI,13,1,,,,,,,,,,2,,,,,,,,,,
84674,Lucas Evangelista,PAL,MEI,13,-0.3,,,,,,,1,,,,,,,,,,,,,
84735,Jorginho,FLA,MEI,13,0,,,,,,,,,,,,,,,,,,,,
84816,Varela,FLA,LAT,13,8.4,1,1,,,,,2,,,,,,,,,,,,1,
84847,Luan Peres,SAN,ZAG,13,0.5,,,,,,,,,,1,,,,,,,,,,
85403,Danielzinho,SAO,MEI,13,2,,1,,,,1,,,,3,,,,,,,,,,
86686,Tchê Tchê,VAS,MEI,13,2.7,,1,,,,2,1,,,2,,,,,,,,,,
86859,José Welison,REM,MEI,13,4,,,,,,2,1,,1,1,,,,,,,,,,
87008,Léo Jardim,VAS,GOL,13,4.2,,,,4,,,,,,,,,,1,,,,,,
87225,Pedro Henrique,RBB,ZAG,13,1.6,,,,,,1,1,,,1,,,,,1,,,,,
87228,Guilherme Arana,FLU,LAT,13,4.6,,,,,,,,1,3,2,,,,,,,,,,
87258,Soteldo,FLU,ATA,13,0,,,,,,,,,,,,,,,,,,,,
87470,Thaciano,SAN,MEI,13,2,,,,,,1,,,,1,,,,,,,,,,
87742,Neto Moura,MIR,MEI,13,0.8,,,,,,,,,1,,,,,,,,,,,
87863,Arrascaeta,FLA,MEI,13,10.2,,,,,,,,1,,2,,1,,,,,,,,
87999,Gustavo Scarpa,CAM,MEI,13,4.1,,,,,,1,1,,3,1,,,,,,,,,,
88037,Luís Castro,GRE,TEC,13,7.05,,,,,,,,,,,,,,,,,,,,1
88293,Neto Pessoa,CHA,ATA,13,0,,,,,,,,,,,,,,,,,,,,
88393,Ayrton Lucas,FLA,LAT,13,6.5,,,,,,1,,,,,,,,,,,,,1,
88717,Celso Rodrigues,?,?,13,3.48,,,,,,,,,,,,,,,,,,,,
88963,Leonardo Jardim,FLA,TEC,13,11.48,,,,,,,,,,,,,,,,,,,,1
89256,Gerson,CRU,MEI,13,8.2,,,,,,4,1,,,5,,,,,,,,,,
89274,Andreas Pereira,PAL,MEI,13,0.9,,,,,,1,2,,,,,,,,,,,,,
89368,Braithwaite,GRE,ATA,13,-0.3,,,,,,,1,,,,,,,,,,,,,
89840,Calleri,SAO,ATA,13,2.7,,,,,,1,2,,1,2,,,,,,,,,,
89918,Everton Galdino,?,?,13,0.5,,,,,,,,,,1,,,,,,,,,,
90031,Mendoza,CAP,ATA,13,0.7,,,,,,,2,,1,1,,,,,,,,,,
90285,Bruno Henrique,FLA,ATA,13,0,,,,,,,,,,,,,,,,,,,,
90302,Pedro Rocha,CFC,ATA,13,3.1,,,,,,,,,2,3,,,,,,,,,,
90309,David,VAS,ATA,13,2.5,,,,,,,,1,1,1,,,,,,,,,,
90370,Matheus Pereira,COR,MEI,13,0.8,,,,,,,,,1,,,,,,,,,,,
90532,Arthur Melo,?,?,13,0.7,,,,,,,1,,,2,,,,,,,,,,
90588,Caíque,VIT,MEI,13,2.2,,,,,,1,1,,,2,,,,,,,,,,
90608,Chico da Costa,CRU,ATA,13,0.2,,,,,,,1,,,1,,,,,,,,,,
90703,Matheuzinho,VIT,MEI,13,8,1,,,,,2,,,,,,,,,,,,,,
91607,Rony,SAN,ATA,13,1.7,,,,,,,1,,2,1,,,,,1,,,,,
91908,Pavón,GRE,ATA,13,2,,,,,,1,2,1,,,,,,,1,,,,,
92171,Arthur Cabral,BOT,ATA,13,0.5,,1,,,,1,3,,,2,,,,,1,,,,,
92180,Jair Ventura,VIT,TEC,13,4.29,,,,,,,,,,,,,,,,,,,,
92273,Odair Hellmann,CAP,TEC,13,6.49,,,,,,,,,,,,,,,,,,,,1
92747,Eduardo Domínguez,CAM,TEC,13,2.96,,,,,,,,,,,,,,,,,,,,
92811,Bruno Rodrigues,CRU,ATA,13,7.5,1,,,,,1,2,1,,1,,,,,1,,,,,
92854,Borré,?,?,13,-0.1,,,,,,,,,,,,,,,1,,,,,
93368,Lucas Veríssimo,SAN,ZAG,13,4,,,,,,2,,,,2,,,,,,,,,,
93478,Wanderson,CRU,ATA,13,1.1,,,,,,,,1,,,,,,,1,,,,,
93716,Paulo Henrique,VAS,LAT,13,3.5,,,,,,2,1,,1,,,,,,,,,,,
93790,Marlon Freitas,PAL,MEI,13,0.9,,,,,,1,2,,,,,,,,,,,,,
93988,Breno Lopes,CFC,ATA,13,4,,1,,,,1,,1,1,3,,,,,,,,,,
94067,Matheus Fernandes,RBB,MEI,13,-0.3,,,,,,,1,,,,,,,,,,,,,
94154,Maycon,CAM,MEI,13,-0.3,,,,,,,1,,,,,,,,,,,,,
94514,Lucas Oliveira,MIR,ZAG,13,0.5,,,,,,,1,,1,,,,,,,,,,,
94583,Pedro,FLA,ATA,13,15.6,,,,,,,1,,,,,2,,,1,,,,,
94968,Juninho Capixaba,RBB,LAT,13,1.8,,1,,,,2,4,,,2,,,,,,,,,,
95332,Marcinho,CHA,ATA,13,6.5,1,,,,,1,,,,,,,,,,,,,,
95362,Cassierra,CAM,ATA,13,1.7,,,,,,1,1,,,1,,,,,,,,,,
95556,Raniele,COR,MEI,13,7.4,,,,,,3,2,1,1,3,,,,,,,,,,
95799,Artur,SAO,ATA,13,6.9,,,,,,3,,,3,,,,,,,,,,,
96353,Joaquín Correa,BOT,ATA,13,0.2,,1,,,,1,1,,,,,,,,,,,,,
96652,Allan,COR,MEI,13,4.7,,,,,,3,2,,1,,,,,,,,,,,
97321,Alesson,MIR,ATA,13,3.3,,,,,,1,1,1,,2,,,,,1,,,,,
97341,Rogério Ceni,BAH,TEC,13,4.57,,,,,,,,,,,,,,,,,,,,
97432,Victor Caetano,CHA,ZAG,13,2.4,,,,,,2,2,,,,,,,,,,,,,
97460,João Victor,MIR,ZAG,13,2.7,,,,,,2,1,,,,,,,,,,,,,
97520,Shaylon,MIR,MEI,13,0,,,,,,,,,,,,,,,,,,,,
97642,Félix Torres,INT,ZAG,13,2.9,,1,,,,2,2,,,3,,,,,,,,,,
97795,Marcelinho,REM,LAT,13,1.5,,,,,,,,,,3,,,,,,,,,,
97810,Erick,VIT,ATA,13,2.5,,,,,,1,,,,2,,,,,,,,,,
97867,Léo Ortiz,FLA,ZAG,13,6.7,,,,,,1,1,,,1,,,,,,,,,1,
97878,Jacy,CFC,ZAG,13,2.7,,,1,,,3,2,,1,2,,,,,,,,,,
97899,Matheus Bahia,INT,LAT,13,0,,,,,,,,,,,,,,,,,,,,
97900,Vitão,FLA,ZAG,13,5,,,,,,,,,,,,,,,,,,,1,
97911,Lucas Silva,VIT,ATA,13,-1,,1,,,,,,,,,,,,,,,,,,
97969,Marcos Vinícius,?,?,13,2.7,,,,,,2,1,,,,,,,,,,,,,
98022,Erick,BAH,MEI,13,1.5,,,,,,1,,,,,,,,,,,,,,
98224,Jáderson,REM,MEI,13,0.5,,,,,,,,,,1,,,,,,,,,,
98517,Jean Lucas,BAH,MEI,13,2.2,,,,,,,3,,2,3,,,,,,,,,,
98672,Savarino,FLU,MEI,13,13.1,,,,,,,,1,3,3,,1,,,,,,,,
98720,Angileri,COR,LAT,13,5,,,,,,,,,,,,,,,,,,,1,
98873,Samuel Lino,FLA,ATA,13,12,2,1,,,,1,2,1,,2,,,,,1,,,,,
98909,Cuello,CAM,ATA,13,8.7,,,,,,1,1,1,3,2,1,,,,1,,,,,
99274,Alexander Barboza,PAL,ZAG,13,1.7,,,,,,1,2,,1,,,,,,,,,,,
99366,Luis Zubeldía,FLU,TEC,13,7.04,,,,,,,,,,,,,,,,,,,,1
99552,Rossi,FLA,GOL,13,11.5,,,,5,,,,,,,,,,,,,,,1,
99789,Brenner,VAS,ATA,13,4.4,,,,,,2,2,1,1,,,,,,,,,,,
99815,Arias,PAL,MEI,13,5.5,,,,,,3,,,,2,,,,,,,,,,
100652,Yuri Alberto,COR,ATA,14,1.9,,,,,,,1,2,,,,,,,2,,,,,
100695,Fernando,RBB,ATA,14,4,,,,,,2,,,,2,,,,,,,,,,
100742,Matheus Henrique,CRU,MEI,14,2.7,,,,,,2,1,,,,,,,,,,,,,
100804,Tchamba,REM,ZAG,14,0.2,,1,,,,1,1,,,,,,,,,,,,,
100842,Ruan,CAM,ZAG,14,1.7,,1,,,,2,1,,,,,,,,,,,,,
100848,Luan Cândido,VIT,LAT,14,6.5,1,,,,,1,,,,,,,,,,,,,,
100898,Vitinho,BOT,LAT,14,3,,1,,,,2,1,,1,1,,,,,,,,,,
100969,Ronald Lopes,?,?,14,0,,,,,,,,,,,,,,,,,,,,
100987,Nonato,FLU,MEI,14,0,,,,,,,,,,,,,,,,,,,,
101002,Júnior Santos,BOT,ATA,14,-0.1,,,,,,,,,,,,,,,1,,,,,
101254,Alef Manga,REM,ATA,14,10.3,,,,,,1,4,1,,2,,1,,,2,,,,,
101290,Ferreira,SAO,ATA,14,9.2,,,,,,,,1,,,,1,,,,,,,,
101314,Ademir,BAH,ATA,14,0,,,,,,,,,,,,,,,,,,,,
101574,Hugo Souza,COR,GOL,14,1.9,,,,3,,,,,,,,,,2,,,,,,
101594,Hugo Moura,?,?,14,9.2,,,,,,1,1,,,,,1,,,,,,,,
101597,Ramon,VIT,LAT,14,2,,,,,,1,,,,1,,,,,,,,,,
101708,Felipe Jonatan,CFC,LAT,14,1.2,,,,,,1,1,,,,,,,,,,,,,
101715,Alerrandro,INT,ATA,14,16.1,1,,,,,2,3,,,2,,1,,,,,,,,
101807,Oliva,SAN,MEI,14,2.7,,,,,,2,1,,,,,,,,,,,,,
101820,Mayk,REM,LAT,14,2,,,,,,1,,,,1,,,,,,,,,,
101908,Willian Machado,MIR,ZAG,14,-0.3,,,,,,,1,,,,,,,,,,,,,
101960,Vitinho,INT,ATA,14,5.6,,,,,,2,1,2,,1,,,,,,,,,,
102256,Rollheiser,SAN,MEI,14,10.4,,,,,,,,2,,,,1,,,,,,,,
102340,Cacá,VIT,ZAG,14,-0.3,,,,,,,1,,,,,,,,,,,,,
102877,Gabriel Poveda,REM,ATA,14,0.9,,,,,,,1,1,,,,,,,,,,,,
102906,Anderson,CHA,GOL,14,-2,,,,,,,,,,,,,,2,,,,,,
102909,Luan,SAO,MEI,14,1.5,,,,,,1,,,,,,,,,,,,,,
102911,Zé Ricardo,REM,MEI,14,5.6,,,,,,2,1,2,,1,,,,,,,,,,
102928,Canobbio,FLU,ATA,14,1.2,,,,,,,1,,,3,,,,,,,,,,
102975,Escobar,SAN,LAT,14,3.5,,,,,,2,,,,1,,,,,,,,,,
103056,Gabriel Brazão,SAN,GOL,14,0.6,,1,,2,,,,,,,,,,1,,,,,,
103295,Eric Ramires,RBB,MEI,14,-1,,1,,,,,,,,,,,,,,,,,,
103347,Matheus Alexandre,REM,LAT,14,0,,,,,,,,,,,,,,,,,,,,
103388,Emmanuel Martínez,VIT,MEI,14,3.9,,,,,,3,2,,,,,,,,,,,,,
103445,Kaio Jorge,CRU,ATA,14,13,,,,,,2,,,,2,,1,,,,,,1,,
104027,Rafael Guanaes,MIR,TEC,14,5.43,,,,,,,,,,,,,,,,,,,,1
104036,Labyad,COR,MEI,14,4.7,1,,,,,,1,,,,,,,,,,,,,
104075,Sabino,SAO,ZAG,14,1.2,,,,,,1,1,,,,,,,,,,,,,
104084,Carlos Miguel,PAL,GOL,14,2.9,,,,3,,,,,,,,,,1,,,,,,
104118,Lucas Arcanjo,VIT,GOL,14,-1,,,,,,,,,,,,,,1,,,,,,
104204,Edson Carioca,MIR,ATA,14,8.2,,1,,,,,1,,,3,,1,,,,,,,,
104470,Everton,CHA,LAT,14,2.3,,,,,,,,,1,3,,,,,,,,,,
104502,Christian,?,?,14,7.2,,1,,,,5,1,,,2,,,,,,,,,,
104519,Camilo,CHA,MEI,14,3.7,,,,,,2,1,,,2,,,,,,,,,,
104666,Moisés,SAN,ATA,14,0,,,,,,,,,,,,,,,,,,,,
104758,Enzo Díaz,SAO,LAT,14,0.2,,1,,,,1,1,,,,,,,,,,,,,
104783,Acevedo,BAH,MEI,14,8.6,,1,,,,3,1,,3,,1,,,,,,,,,
104811,Sebastián Gómez,CFC,MEI,14,1.7,,,,,,1,1,,,1,,,,,,,,,,
104994,Wagner Leonardo,GRE,ZAG,14,8,,,,,,2,,,,,,,,,,,,,1,
105047,João Marcelo,CRU,ZAG,14,0,,,,,,,,,,,,,,,,,,,,
105048,Jajá,REM,ATA,14,12.8,,,,,,1,2,2,,3,,1,,,,,,,,
105068,Reinier,CAM,MEI,14,1.7,,1,,,,1,,1,,,,,,,,,,,,
105089,Tetê,GRE,ATA,14,0.8,,,,,,,,,1,,,,,,,,,,,
105157,Villagra,INT,MEI,14,1.2,,,,,,1,1,,,,,,,,,,,,,
105175,Khellven,PAL,LAT,14,3,,,,,,2,,,,,,,,,,,,,,
105300,Ferraresi,BOT,ZAG,14,12.1,,,,,,3,1,,,,,1,,,1,,,,,
105531,Matheus Bidu,COR,LAT,14,1,,,,,,,,,,4,,,,,,1,,,,
105584,Lucas Piton,VAS,LAT,14,0.6,,,,,,,2,,1,1,,,,,1,,,,,
105647,Maurício,PAL,MEI,14,3.1,,,,,,1,,,2,,,,,,,,,,,
105990,Santiago Mingo,BAH,ZAG,14,0,,,,,,,,,,,,,,,,,,,,
106104,Enamorado,GRE,ATA,14,1.5,,,,,,,1,,1,2,,,,,,,,,,
106202,Bruno Gomes,INT,MEI,14,0.4,,1,,,,1,2,,,1,,,,,,,,,,
106708,Igor Formiga,MIR,LAT,14,4.2,,,,,,3,1,,,,,,,,,,,,,
106822,Rodrigo Nestor,BAH,MEI,14,-0.3,,,,,,,1,,,,,,,,,,,,,
107093,Luciano Juba,BAH,LAT,14,10.5,,,,,,1,,,,2,,1,,,,,,,,
107173,Michel Araújo,BAH,MEI,14,2.1,,,,,,1,2,1,,,,,,,,,,,,
107231,Danilo,BOT,MEI,14,5.3,,1,,,,3,1,,2,1,,,,,,,,,,
107256,Zé Vitor,VIT,MEI,14,13.4,,1,,,,3,2,,,5,,1,,,,,,,,
107453,João Paulo,CHA,ZAG,14,0.6,,,,,,1,3,,,,,,,,,,,,,
107516,Ênio,CHA,ATA,14,5.6,,1,,,,,1,,3,3,1,,,,,,,,,
107554,Natanael,CAM,LAT,14,2.2,,,,,,1,1,,,2,,,,,,,,,,
107771,Fábio Matias,?,?,14,3.35,,,,,,,,,,,,,,,,,,,,
107873,Bobadilla,SAO,MEI,14,2.9,,1,,,,3,2,,,,,,,,,,,,,
107985,Terán,CAP,ZAG,14,14.7,,,,,,4,,2,1,1,,,,,,,,,1,
107989,Carbonero,INT,ATA,14,6.1,,,,,,2,3,1,1,4,,,,,,,,,,
108133,Isidro Pitta,RBB,ATA,14,1.3,,,,,,,1,,2,,,,,,,,,,,
108162,Nardoni,GRE,MEI,14,-0.1,,,,,,,2,,,1,,,,,,,,,,
108683,Emiliano Martínez,PAL,MEI,14,2.3,,,,,,1,,,1,,,,,,,,,,,
108713,Galeano,MIR,ATA,14,-0.8,,1,,,,,1,,,1,,,,,,,,,,
109096,Plata,FLA,ATA,14,5.3,,1,,,,2,2,2,,3,,,,,,,,,,
109127,Tiago Cóser,CFC,ZAG,14,-3.3,,,1,,,,1,,,,,,,,,,,,,
109401,Erick Pulga,BAH,ATA,14,5.3,,,,,,2,2,2,,1,,,,,,,,,,
109987,Medina,BOT,MEI,14,2.9,,,,,,2,2,,,1,,,,,,,,,,
110144,Spinelli,VAS,ATA,14,2,,,,,,,,1,1,,,,,,,,,,,
110426,Bernabei,INT,LAT,14,15.8,,1,,,,2,6,,2,2,,1,,,,,,,1,
110506,Abel Ferreira,PAL,TEC,14,4.55,,,,,,,,,,,,,,,,,,,,
110510,Aguirre,INT,LAT,14,5,,,,,,,,,,,,,,,,,,,1,
110633,Gustavo,CFC,MEI,14,0,,,,,,,,,,,,,,,,,,,,
110668,Esquivel,CAP,LAT,14,2.5,,,1,,,,,,,1,,,,,,,,,1,
110708,Pedro Rangel,CFC,GOL,14,1.2,,,,4,,,,,,,,,,4,,,,,,
110750,Gustavo Marques,RBB,ZAG,14,3.2,,,,,,2,1,,,1,,,,,,,,,,
110759,John Kennedy,FLU,ATA,14,1.5,,,,,,,3,2,,,,,,,,,,,,
111246,Alix Vinicius,RBB,ZAG,14,2,,,,,,1,,,,1,,,,,,,,,,
111309,Gustavo Martins,GRE,ZAG,14,9.2,,,,,,3,1,,,,,,,,,,,,1,
111466,Victor Gabriel,INT,ZAG,14,7.4,,1,,,,2,2,,,2,,,,,,,,,1,
111682,Adson,VAS,MEI,14,0.5,,,,,,,,,,1,,,,,,,,,,
111683,Anthoni,INT,GOL,14,11.5,,,,5,,,,,,,,,,,,,,,1,
111829,Kayky,INT,ATA,14,0,,,,,,,,,,,,,,,,,,,,
111831,Matheus Martins,BOT,ATA,14,6.5,,,,,,2,1,1,2,2,,,,,,,,,,
112017,Felipinho,CAP,MEI,14,9.2,,,,,,6,2,,1,,,,,,,,,,,
112576,Vini Paulista,CFC,MEI,14,1,,,,,,,,,,2,,,,,,,,,,
112709,Kaiki Bruno,?,?,14,-0.9,,,1,,,2,3,,,2,,,,,,1,,,,
112863,Ramón Sosa,PAL,ATA,14,0,,,,,,,,,,,,,,,,,,,,
112886,Lucas Barbosa,RBB,ATA,14,13,,,,,,2,2,,2,2,,1,,,,,,,,
113034,Freytes,FLU,ZAG,14,3.2,,,,,,2,1,,,1,,,,,,,,,,
113103,Flaco López,PAL,ATA,14,7.8,,,,,,,,,,,,1,,,2,,,,,
113113,Benavídez,CAP,LAT,14,4,,1,,,,,,,,,,,,,,,,,1,
113125,Picco,REM,MEI,14,-0.2,,1,,,,,,,1,,,,,,,,,,,
113157,Nathan Mendes,VIT,LAT,14,2.9,,,,,,2,3,,1,,,,,,,,,,,
113397,Cristian Olivera,BAH,ATA,14,2.2,,,,,,,,1,,2,,,,,,,,,,
114040,Minda,CAM,ATA,14,9.5,,,,,,,1,,1,,,1,,,,,,1,,
115479,Paulo Pezzolano,INT,TEC,14,9.45,,,,,,,,,,,,,,,,,,,,1
115914,Evertton Araújo,FLA,MEI,14,0,,,,,,1,5,,,,,,,,,,,,,
115986,Denilson,MIR,MEI,14,3.6,,,,,,3,3,,,,,,,,,,,,,
116447,Hércules,FLU,MEI,14,1.2,,,,,,1,1,,,,,,,,,,,,,
116706,Andrés Gómez,VAS,ATA,14,0.5,,,,,,,1,,1,,,,,,,,,,,
117330,Robert Renan,VAS,ZAG,14,11,,,,,,2,,,,,,1,,,,,,,,
117403,Renato Marques,CFC,ATA,14,1,,,,,,,,,,2,,,,,,,,,,
117404,Otávio,CRU,GOL,14,-1.7,,,,1,,,,,,,,,,3,,,,,,
117632,Garro,COR,MEI,14,2.5,,,,,,,,,,5,,,,,,,,,,
117910,Breno Bidon,COR,MEI,14,4.2,,,,,,2,2,,1,2,,,,,,,,,,
117930,Lavega,CFC,ATA,14,1.3,,,,,,,,,1,1,,,,,,,,,,
118844,Kaio César,COR,ATA,14,1.5,,,,,,,,,,3,,,,,,,,,,
120433,Léo Derik,CAP,LAT,14,6.2,,,,,,1,1,,,,,,,,,,,,1,
121792,André,?,?,14,3.3,,,,,,1,1,,2,1,,,,,,,,,,
122138,João Vitor,?,?,14,4.6,,,,,,2,,,2,,,,,,,,,,,
122394,Gustavinho,RBB,MEI,14,5,1,,,,,,,,,,,,,,,,,,,
122485,Barros,VAS,MEI,14,3.2,,1,,,,2,1,,,3,,,,,,,,,,
122573,Wallace Yan,FLA,ATA,14,0.5,,,,,,,,,,1,,,,,,,,,,
123016,David Braga,REM,MEI,14,0,,,,,,,,,,,,,,,,,,,,
123360,Cauly,SAO,MEI,14,4.6,,,,,,2,3,1,1,1,,,,,,,,,,
123625,Ítalo,?,?,14,0,,,,,,,,,,,,,,,,,,,,
123648,Lucas Ronier,CFC,ATA,14,1.4,,,,,,1,2,,,1,,,,,,,,,,
123738,Herrera,RBB,ATA,14,1.9,,,,,,1,,,,1,,,,,1,,,,,
124219,Millán,FLU,ZAG,14,-0.9,,,,,,,3,,,,,,,,,,,,,
124270,Allex,INT,MEI,14,3.4,,1,,,,3,2,,,1,,,,,,,,,,
124358,João Almeida,CFC,LAT,14,0,,,,,,,,,,,,,,,,,,,,
124424,Rodrigo Castillo,FLU,ATA,14,1.5,,,,,,1,,,,,,,,,,,,,,
124912,Jonathan Jesus,CRU,ZAG,14,5,,,,,,3,1,,1,,,,,,,,,,,
125746,Dudu,CAP,MEI,14,-0.6,,,,,,,2,,,,,,,,,,,,,
126189,Tomás Pérez,CAM,MEI,14,0,,,,,,,,,,,,,,,,,,,,
126471,Barreal,SAN,MEI,14,5.6,,,,,,2,,,2,2,,,,,,,,,,
126977,Fernando Seabra,CFC,TEC,14,1.73,,,,,,,,,,,,,,,,,,,,
127273,Artur Jorge,CRU,TEC,14,3.25,,,,,,,,,,,,,,,,,,,,
128431,João Cruz,CAP,MEI,14,1.4,,,,,,,1,1,,1,,,,,,,,,,
128433,Johan Rojas,VAS,MEI,14,2.1,,,,,,1,2,1,,,,,,,,,,,,
130209,Renê,VIT,ATA,14,14.6,1,1,,,,,1,2,,1,,1,,,,,,,,
130620,Edenílson,VIT,MEI,14,3,,,,,,2,,,,,,,,,,,,,,
130650,Bernal,?,?,14,3.8,,,,,,2,,,1,,,,,,,,,,,
130843,Arthur Dias,CAP,ZAG,14,6.8,,,,,,,,,1,2,,,,,,,,,1,
130889,Riquelme,GRE,MEI,14,-2.6,,,1,,,,2,,,2,,,,,,,,,,
130906,Riquelme,CAP,MEI,14,-0.3,,,,,,,1,,,,,,,,,,,,,
131516,JP Chermont,CFC,LAT,14,0,,,,,,,,,,,,,,,,,,,,
131617,André Silva,SAO,ATA,14,-1,,1,,,,,,,,,,,,,,,,,,
131832,Portilla,CAP,MEI,14,3,,,,,,1,1,,1,2,,,,,,,,,,
131967,Villarreal,CRU,ATA,14,-0.3,,,,,,,1,,,,,,,,,,,,,
132071,Serna,FLU,ATA,14,0.9,,1,,,,,2,1,1,1,,,,,,,,,,
132264,Arroyo,CRU,ATA,14,-1.2,,,1,,,,1,,2,1,,,,,,,,,,
132274,Ignacio Sosa,RBB,MEI,14,-0.6,,,,,,,2,,,,,,,,,,,,,
132553,Jemmes,FLU,ZAG,14,0.4,,1,,,,1,2,,,1,,,,,,,,,,
133673,Mateus Xavier,SAN,ATA,14,1.2,,,,,,1,1,,,,,,,,,,,,,
136955,Sanabria,BAH,ATA,14,-1.1,,1,,,,,2,,,1,,,,,,,,,,
141451,Allan,PAL,MEI,14,4.2,,,,,,2,2,,1,2,,,,,,,,,,
141594,Pedro Gabriel,GRE,LAT,14,5.2,,,,,,,1,,,1,,,,,,,,,1,
141595,Gabriel Mec,GRE,ATA,14,4.2,,,,,,3,1,,,,,,,,,,,,,
141754,Gabriel Bontempo,SAN,MEI,14,0.5,,,,,,,,,,1,,,,,,,,,,
141995,Dieguinho,COR,MEI,14,8.8,,,,,,,,,1,,,1,,,,,,,,
142279,Nuno Moreira,VAS,MEI,14,5,1,,,,,,,,,,,,,,,,,,,
142890,Montoro,BOT,MEI,14,2.4,,,,,,1,1,1,,,,,,,,,,,,
143153,Tarzia,VIT,ATA,14,7.7,,,,,,,1,,,,,1,,,,,,,,
143173,Leonel Pérez,GRE,MEI,14,3.7,,,,,,2,2,,1,1,,,,,,,,,,
143193,Viveros,CAP,ATA,14,1.6,,1,,,,,2,1,,4,,,,,,,,,,
143600,Kauã Moraes,CRU,LAT,14,2,,,,,,1,,,,1,,,,,,,,,,
145400,Cauê,RBB,LAT,14,-0.1,,1,,,,1,2,,,,,,,,,,,,,
145404,Arthur,PAL,LAT,14,3,,,,,,1,2,,2,1,,,,,,,,,,
146375,Kadir,BOT,ATA,14,2.4,,,,,,1,4,,2,1,,,,,,,,,,
146623,Luis Pacheco,PAL,MEI,14,1.3,,1,,,,1,,,1,,,,,,,,,,,
147089,Cauã Soares,CAM,ATA,14,0,,,,,,,,,,,,,,,,,,,,
147090,Kauã Pascini,CAM,LAT,14,0,,,,,,,,,,,,,,,,,,,,
147194,Bruninho,?,?,14,2.8,,,,,,1,1,1,,1,,,,,1,,,,,
149990,Franclim Carvalho,BOT,TEC,14,4.58,,,,,,,,,,,,,,,,,,,,
150825,Breno,RBB,ZAG,14,0,,,,,,,,,,,,,,,,,,,,
37457,Léo Condé,REM,TEC,14,5.53,,,,,,,,,,,,,,,,,,,,1
37656,Fábio,FLU,GOL,14,7.1,,,,7,,,,,,,,,,2,,,,,,
39656,Alan Franco,CAM,MEI,14,5.9,,1,,,,5,2,,,,,,,,,,,,,
39850,Vagner Mancini,RBB,TEC,14,4.75,,,,,,,,,,,,,,,,,,,,1
41929,Renato Gaúcho,?,?,14,4.62,,,,,,,,,,,,,,,,,,,,
42135,Willian,GRE,MEI,14,0.5,,,,,,,,,,1,,,,,,,,,,
42411,Cuca,SAN,TEC,14,4.02,,,,,,,,,,,,,,,,,,,,
51413,Walter,MIR,GOL,14,0.6,,1,,2,,,,,,,,,,1,,,,,,
51772,Everton Ribeiro,BAH,MEI,14,9.3,1,,,,,1,,,1,4,,,,,,,,,,
61987,Alex Sandro,FLA,LAT,14,3.2,,1,,,,3,1,,,,,,,,,,,,,
63289,Edenílson,BOT,MEI,14,0,,,,,,,,,,,,,,,,,,,,
68708,Eduardo,MIR,MEI,14,0,,,,,,,,,,,,,,,,,,,,
68806,Neto,?,?,14,7.6,,,,7,,,,,,1,,,,2,,,,,,
68928,Rafael,SAO,GOL,14,5,,,,5,,,,,,1,,,,2,,,,,,
68938,Giovanni Augusto,CHA,MEI,14,1.5,,,,,,1,,,,,,,,,,,,,,
68952,Marinho,VIT,ATA,14,3.2,,,,,,1,,1,,1,,,,,,,,,,
68996,Willian José,BAH,ATA,14,1.7,,,,,,,1,1,1,,,,,,,,,,,
69012,Santos,CAP,GOL,14,5,,,,,,,,,,,,,,,,,,,1,
69140,Allan,BOT,MEI,14,0.5,,,,,,,,,,1,,,,,,,,,,
69208,Gabriel Paulista,COR,ZAG,14,-1.6,,1,,,,,2,,,,,,,,,,,,,
70164,Lucas Moura,SAO,MEI,14,-0.3,,,,,,,1,,,,,,,,,,,,,
70360,Eduardo Sasha,RBB,ATA,14,0.5,,,,,,,,,,1,,,,,,,,,,
70666,Marllon,REM,ZAG,14,2,,,,,,1,,,,1,,,,,,,,,,
70944,Bruno Henrique,INT,MEI,14,4.9,,,,,,1,1,2,1,1,,,,,,,,,,
70958,Jean Carlos,?,?,14,0.8,,,,,,,,,1,,,,,,,,,,,
71043,Léo Vieira,BAH,GOL,14,7.1,,,,7,,,,,,,,,,2,,,,,,
71123,Thiago Mendes,VAS,MEI,14,3,,,,,,,1,,1,5,,,,,,,,,,
71227,Maicon,CFC,ZAG,14,0.7,,,,,,1,1,,,1,,,,,,1,,,,
71631,Weverton,GRE,GOL,14,10.7,,,,4,,,,,,1,,,,,,,,,1,
71684,Gustavo Gómez,PAL,ZAG,14,0.7,,,,,,1,2,,,,,,,,2,,,,,
72018,Tiago Volpi,RBB,GOL,14,1.6,,,,2,,,,,,,,,,1,,,,,,
72294,Everson,CAM,GOL,14,0.8,,,,1,,,,,,1,,,,1,,,,,,
72391,Fernando Diniz,COR,TEC,14,3.16,,,,,,,,,,,,,,,,,,,,
72460,Bernard,CAM,MEI,14,3.7,,,,,,2,1,,,2,,,,,,,,,,
72493,Alex Telles,BOT,LAT,14,5.8,1,,,,,,,,1,,,,,,,,,,,
73384,Samuel Xavier,FLU,LAT,14,3.4,,,,,,1,2,,,5,,,,,,,,,,
77656,Cédric Soares,SAO,LAT,14,1.5,,,,,,1,,,,,,,,,,,,,,
77777,João Schmidt,SAN,MEI,14,2.4,,,,,,2,2,,,,,,,,,,,,,
78117,Everaldo,BAH,ATA,14,0,,,,,,,,,,,,,,,,,,,,
78478,Willian Arão,SAN,MEI,14,0,,,,,,,,,,,,,,,,,,,,
78605,Gabriel,RBB,MEI,14,8,,,,,,,,,,,,1,,,,,,,,
78855,Thiago Santos,CFC,ZAG,14,-1.3,,1,,,,,1,,,,,,,,,,,,,
79437,Roger Machado,?,?,14,5.95,,,,,,,,,,,,,,,,,,,,
80061,Saúl,FLA,MEI,14,-0.3,,,,,,,1,,,,,,,,,,,,,
80196,Yago Pikachu,REM,MEI,14,0,,,,,,,,,,,,,,,,,,,,
80287,Luciano,SAO,ATA,14,2,,,,,,,,1,1,,,,,,,,,,,
80570,Wendell,SAO,LAT,14,8.9,1,,,,,3,2,,,,,,,,,,,,,
81005,André Luis,MIR,ATA,14,0,,1,,,,,,,,2,,,,,,,,,,
81720,Lingard,COR,ATA,14,2,,,,,,1,,,,1,,,,,,,,,,
81845,Alisson,FLU,MEI,14,0.2,,1,,,,,1,,,3,,,,,,,,,,
82455,Zé Rafael,?,?,14,0,,,,,,,,,,,,,,,,,,,,
82627,Luiz Araújo,FLA,ATA,14,0.5,,,,,,,1,,1,,,,,,,,,,,
82628,Tinga,CFC,LAT,14,5.5,1,,,,,,,,,1,,,,,,,,,,
82730,Marcelo Rangel,REM,GOL,14,4.7,,,,4,,,,,,1,,,,1,,,,,,
82775,Lucas Ramon,SAO,LAT,14,3.5,,,,,,1,,1,1,,,,,,,,,,,
83048,Rafael Thyere,CHA,ZAG,14,0,,,,,,,,,,,,,,,,,,,,
83257,Gabriel,SAN,ATA,14,0.3,,,,,,,1,,1,,,,,,2,,,,,
83263,Yuri Lara,?,?,14,-0.6,,,,,,,2,,,,,,,,,,,,,
83433,Patrick,REM,MEI,14,9.7,,,,,,3,1,1,1,1,1,,,,,,,,,
83528,Léo Pereira,FLA,ZAG,14,1.5,,1,,,,,1,1,2,,,,,,,,,,,
83786,Neris,?,?,14,-0.3,,,,,,,1,,,,,,,,,,,,,
84558,Lucas Romero,CRU,MEI,14,-0.1,,,,,,,2,,,1,,,,,,,,,,
84626,Josué,CFC,MEI,14,0.7,,,,,,,1,,,2,,,,,,,,,,
84674,Lucas Evangelista,PAL,MEI,14,2.5,,,,,,1,,,,2,,,,,,,,,,
84735,Jorginho,FLA,MEI,14,14.7,,,,,,4,1,,,2,,1,,,,,,,,
84816,Varela,FLA,LAT,14,0,,,,,,,,,,,,,,,,,,,,
84847,Luan Peres,SAN,ZAG,14,2.8,,,,,,1,,,1,1,,,,,,,,,,
85403,Danielzinho,SAO,MEI,14,1.2,,,,,,,2,,1,2,,,,,,,,,,
85465,Alex Santana,COR,MEI,14,0.8,,,,,,,,,1,,,,,,,,,,,
86292,Bolasie,CHA,ATA,14,10.4,,,,,,,,2,,,,1,,,,,,,,
86410,Victor Luis,MIR,LAT,14,-1,,,,,,,3,,,,,,,,1,,,,,
86859,José Welison,REM,MEI,14,1.3,,,,,,,,,1,1,,,,,,,,,,
87008,Léo Jardim,VAS,GOL,14,1.9,,,,3,,,,,,,,,,2,,,,,,
87225,Pedro Henrique,RBB,ZAG,14,2.4,,,,,,2,2,,,,,,,,,,,,,
87228,Guilherme Arana,FLU,LAT,14,7.2,,,,,,4,1,,,3,,,,,,,,,,
87258,Soteldo,FLU,ATA,14,2.5,,,,,,,1,,1,4,,,,,,,,,,
87742,Neto Moura,MIR,MEI,14,4.4,,1,,,,3,1,1,,,,,,,,,,,,
87887,Balbuena,GRE,ZAG,14,9,,,,,,2,1,,1,1,,,,,,,,,1,
88037,Luís Castro,GRE,TEC,14,4.95,,,,,,,,,,,,,,,,,,,,
88312,Junior Alonso,?,?,14,-1.8,,1,,,,,2,,1,,,,,,,1,,,,
88963,Leonardo Jardim,FLA,TEC,14,3.75,,,,,,,,,,,,,,,,,,,,
89256,Gerson,CRU,MEI,14,1.9,,,,,,,2,1,1,1,,,,,,,,,,
89274,Andreas Pereira,PAL,MEI,14,9.3,1,,,,,2,1,,2,,,,,,,,,,,
89368,Braithwaite,GRE,ATA,14,-0.5,,,,,,,1,,,,,,,,2,,,,,
89637,Thiago Maia,INT,MEI,14,1.2,,,,,,,,1,,,,,,,,,,,,
89840,Calleri,SAO,ATA,14,6,1,1,,,,,,,,4,,,,,,,,,,
90031,Mendoza,CAP,ATA,14,1.3,,,,,,,,,1,1,,,,,,,,,,
90061,Bruno Pacheco,CHA,LAT,14,8,1,,,,,2,,,,,,,,,,,,,,
90285,Bruno Henrique,FLA,ATA,14,-0.3,,,,,,,1,,,,,,,,,,,,,
90302,Pedro Rocha,CFC,ATA,14,7.9,,,,,,,2,,,1,,1,,,,,,,,
90309,David,VAS,ATA,14,3.5,,,,,,1,,,2,1,,,,,1,,,,,
90370,Matheus Pereira,COR,MEI,14,4.3,,,,,,2,,,1,1,,,,,,,,,,
90588,Caíque,VIT,MEI,14,3,,,,,,2,,,,,,,,,,,,,,
90703,Matheuzinho,VIT,MEI,14,0.4,,1,,,,,1,1,,1,,,,,,,,,,
90768,Fabrício Bruno,CRU,ZAG,14,1.2,,,,,,1,1,,,,,,,,,,,,,
90917,Carlos Eduardo,MIR,ATA,14,15.9,1,,,,,1,2,,,2,,1,,,,,,1,,
91251,Rodrigues,?,?,14,0,,,,,,,,,,,,,,,,,,,,
91607,Rony,SAN,ATA,14,0,,,,,,,,,,,,,,,,,,,,
91772,David Duarte,BAH,ZAG,14,3.5,,,,,,2,1,,1,,,,,,,,,,,
91908,Pavón,GRE,ATA,14,1.5,,,,,,1,,,,,,,,,,,,,,
92087,Lyanco,CAM,ZAG,14,1.1,,,1,,,3,3,,,1,,,,,,,,,,
92171,Arthur Cabral,BOT,ATA,14,2.4,,,,,,,,2,,,,,,,,,,,,
92180,Jair Ventura,VIT,TEC,14,7.64,,,,,,,,,,,,,,,,,,,,1
92273,Odair Hellmann,CAP,TEC,14,5.24,,,,,,,,,,,,,,,,,,,,
92440,André Ramalho,COR,ZAG,14,1.7,,,,,,1,1,,,1,,,,,,,,,,
92747,Eduardo Domínguez,CAM,TEC,14,5.66,,,,,,,,,,,,,,,,,,,,1
92811,Bruno Rodrigues,CRU,ATA,14,2.8,,,,,,1,,,1,1,,,,,,,,,,
92854,Borré,?,?,14,1.7,,,,,,1,2,,1,,,,,,,,,,,
93368,Lucas Veríssimo,SAN,ZAG,14,0,,,,,,,,,,,,,,,,,,,,
93478,Wanderson,CRU,ATA,14,1.5,,,,,,1,,,,,,,,,,,,,,
93716,Paulo Henrique,VAS,LAT,14,-1.5,,1,,,,,,,,1,,,,,,1,,,,
93790,Marlon Freitas,PAL,MEI,14,4.3,,,,,,2,1,,2,,,,,,,,,,,
94154,Maycon,CAM,MEI,14,8.2,,,,,,,1,,,1,,1,,,,,,,,
94583,Pedro,FLA,ATA,14,11.8,,,,,,1,,,1,1,,1,,,,,,1,,
95332,Marcinho,CHA,ATA,14,0.2,,,,,,,1,,,1,,,,,,,,,,
95362,Cassierra,CAM,ATA,14,12.1,1,1,,,,,3,,,2,,1,,,,,,,,
95466,Igor Vinícius,SAN,LAT,14,14.2,,,,,,8,,1,,2,,,,,,,,,,
95556,Raniele,COR,MEI,14,2.8,,,,,,1,,,1,1,,,,,,,,,,
95620,Bruno Leonardo,CHA,ZAG,14,0,,1,,,,,1,,1,1,,,,,,,,,,
95799,Artur,SAO,ATA,14,16.2,,,,,,1,,3,2,3,,1,,,,,,,,
96353,Joaquín Correa,BOT,ATA,14,-0.3,,,,,,,1,,,,,,,,,,,,,
96591,Renan Lodi,CAM,LAT,14,6.2,1,,,,,,1,,,3,,,,,,,,,,
96610,Matheus Pereira,CRU,MEI,14,2.7,,1,,,,1,1,,,5,,,,,,,,,,
96652,Allan,COR,MEI,14,-1.4,,1,,,,,4,,1,,,,,,,,,,,
97095,Carlos Cuesta,VAS,ZAG,14,5.7,1,1,,,,1,1,,,1,,,,,,,,,,
97321,Alesson,MIR,ATA,14,9.6,,,,,,4,1,2,,3,,,,,,,,,,
97341,Rogério Ceni,BAH,TEC,14,6.69,,,,,,,,,,,,,,,,,,,,
97432,Victor Caetano,CHA,ZAG,14,1.4,,,,,,1,,,,,,,,,1,,,,,
97460,João Victor,MIR,ZAG,14,2.8,,,,,,1,,,1,1,,,,,,,,,,
97468,Marçal,BOT,LAT,14,0,,,,,,,,,,,,,,,,,,,,
97520,Shaylon,MIR,MEI,14,2.1,,,,,,2,3,,,,,,,,,,,,,
97642,Félix Torres,INT,ZAG,14,5,,,,,,,,,,,,,,,,,,,1,
97653,Murilo,PAL,ZAG,14,0,,,,,,,,,,,,,,,,,,,,
97795,Marcelinho,REM,LAT,14,0.5,,,,,,,,,,1,,,,,,,,,,
97810,Erick,VIT,ATA,14,14,1,,,,,,1,,1,1,,1,,,,,,,,
97867,Léo Ortiz,FLA,ZAG,14,0,,,,,,,,,,,,,,,,,,,,
97899,Matheus Bahia,INT,LAT,14,7.6,,,,,,,2,1,,4,,,,,,,,,1,
97969,Marcos Vinícius,?,?,14,-0.3,,,,,,,1,,,,,,,,,,,,,
98022,Erick,BAH,MEI,14,15.5,,1,,,,5,,,,2,,1,,,,,,,,
98224,Jáderson,REM,MEI,14,0,,,,,,,,,,,,,,,,,,,,
98225,Pedro Raul,COR,ATA,14,-0.3,,,,,,,1,,,,,,,,,,,,,
98280,Bastos,?,?,14,-0.1,,,,,,,2,,,1,,,,,,,,,,
98517,Jean Lucas,BAH,MEI,14,9.2,,,,,,6,2,,1,,,,,,,,,,,
98672,Savarino,FLU,MEI,14,5.4,,,,,,,,2,,,1,,,,,,,,,
98873,Samuel Lino,FLA,ATA,14,2.2,,,,,,1,1,,,2,,,,,,,,,,
99213,Puma Rodríguez,VAS,LAT,14,1.7,,,,,,,1,1,1,,,,,,,,,,,
99228,De la Cruz,FLA,MEI,14,0.2,,,,,,,1,,,1,,,,,,,,,,
99366,Luis Zubeldía,FLU,TEC,14,3.51,,,,,,,,,,,,,,,,,,,,
99552,Rossi,FLA,GOL,14,1.9,,,,3,,,,,,,,,,2,,,,,,
99789,Brenner,VAS,ATA,14,2.4,,,,,,1,1,,1,1,,,,,1,,,,,
99815,Arias,PAL,MEI,14,5.8,,,,,,2,1,2,1,,,,,,1,,,,,
99818,Paulinho,PAL,ATA,14,-0.1,,,,,,,,,,,,,,,1,,,,,
99889,Alan Franco,?,?,14,2.8,,,,,,2,,,,,,,,,2,,,,,
100652,Yuri Alberto,COR,ATA,15,6.5,,,,,,1,1,2,3,1,,,,,,,,,,
100695,Fernando,RBB,ATA,15,1,,,,,,,,,,2,,,,,,,,,,
100742,Matheus Henrique,CRU,MEI,15,4.4,,,,,,3,2,,,1,,,,,,,,,,
100804,Tchamba,REM,ZAG,15,1.2,,,,,,1,1,,,,,,,,,,,,,
100848,Luan Cândido,VIT,LAT,15,1,,,,,,,,,,,,,,,,,,1,,
100969,Ronald Lopes,?,?,15,1.3,,,,,,,,,1,1,,,,,,,,,,
100987,Nonato,FLU,MEI,15,5.5,,,,,,3,1,,1,1,,,,,,,,,,
101254,Alef Manga,REM,ATA,15,8,,,,,,,,,,,,1,,,,,,,,
101290,Ferreira,SAO,ATA,15,4.2,,,,,,2,,1,,,,,,,,,,,,
101314,Ademir,BAH,ATA,15,2.1,,,,,,,2,1,,3,,,,,,,,,,
101319,Guga,FLU,LAT,15,0.5,,,,,,,1,,1,,,,,,,,,,,
101393,Eduardo Doma,CHA,ZAG,15,1.5,,,,,,1,4,1,,,,,,,,,,,,
101405,Wallisson,MIR,MEI,15,1.3,,,,,,,,,1,1,,,,,,,,,,
101574,Hugo Souza,COR,GOL,15,1.9,,,,3,,,,,,,,,,2,,,,,,
101594,Hugo Moura,?,?,15,5.5,,,,,,3,1,,1,1,,,,,,,,,,
101597,Ramon,VIT,LAT,15,4.5,,1,,,,3,1,,1,1,,,,,,,,,,
101708,Felipe Jonatan,CFC,LAT,15,5.4,,,,,,3,1,1,,,,,,,,,,,,
101715,Alerrandro,INT,ATA,15,0.4,,,,,,,3,,1,1,,,,,,,,,,
101727,Matheuzinho,COR,LAT,15,12.7,,,,,,5,2,,1,,,1,1,,,,,,,
101807,Oliva,SAN,MEI,15,1.3,,,,,,,,,1,1,,,,,,,,,,
101820,Mayk,REM,LAT,15,3.8,,,,,,2,,,1,,,,,,,,,,,
101908,Willian Machado,MIR,ZAG,15,6.5,1,,,,,1,,,,,,,,,,,,,,
101960,Vitinho,INT,ATA,15,3.2,,,,,,1,,1,,1,,,,,,,,,,
102256,Rollheiser,SAN,MEI,15,0.6,,,,,,,2,,1,1,,,,,1,,,,,
102318,Caio Paulista,GRE,LAT,15,5,,,,,,3,1,,1,,,,,,,,,,,
102667,Nathan Fogaça,?,?,15,1.5,,,,,,,1,,1,2,,,,,,,,,,
102877,Gabriel Poveda,REM,ATA,15,0,,,,,,,,,,,,,,,,,,,,
102906,Anderson,CHA,GOL,15,4.2,,,,4,,,,,,,,,,1,,,,,,
102909,Luan,SAO,MEI,15,1.4,,1,,,,2,2,,,,,,,,,,,,,
102911,Zé Ricardo,REM,MEI,15,-2.8,,,1,,,,1,,,1,,,,,,,,,,
102975,Escobar,SAN,LAT,15,5.6,,,,,,1,3,,,,,,,,,,,,1,
103295,Eric Ramires,RBB,MEI,15,-0.6,,,,,,,2,,,,,,,,,,,,,
103347,Matheus Alexandre,REM,LAT,15,0,,,,,,,,,,,,,,,,,,,,
103388,Emmanuel Martínez,VIT,MEI,15,4,,,,,,2,,,,2,,,,,,,,,,
103445,Kaio Jorge,CRU,ATA,15,2,,,,,,,,,2,1,,,,,1,,,,,
103523,Ignácio,FLU,ZAG,15,2.5,,,,,,1,,,,2,,,,,,,,,,
104027,Rafael Guanaes,MIR,TEC,15,4.75,,,,,,,,,,,,,,,,,,,,
104036,Labyad,COR,MEI,15,-0.5,,1,,,,,,,,1,,,,,,,,,,
104075,Sabino,SAO,ZAG,15,0.2,,1,,,,1,1,,,,,,,,,,,,,
104084,Carlos Miguel,PAL,GOL,15,3.4,,,,3,,,,,,1,,,,1,,,,,,
104085,Bruno Fuchs,PAL,ZAG,15,0,,,,,,,,,,,,,,,,,,,,
104118,Lucas Arcanjo,VIT,GOL,15,1.9,,,,3,,,,,,,,,,2,,,,,,
104470,Everton,CHA,LAT,15,3.4,,1,,,,1,1,1,,4,,,,,,,,,,
104519,Camilo,CHA,MEI,15,2,,,,,,1,1,,1,,,,,,,,,,,
104666,Moisés,SAN,ATA,15,0,,,,,,,,,,,,,,,,,,,,
104693,Newton,SAO,MEI,15,2.5,,,,,,,,1,1,1,,,,,,,,,,
104758,Enzo Díaz,SAO,LAT,15,2.3,,1,,,,1,1,1,,2,,,,,1,,,,,
104783,Acevedo,BAH,MEI,15,6,,,,,,4,,,,,,,,,,,,,,
104811,Sebastián Gómez,CFC,MEI,15,2.9,,,,,,2,2,,,1,,,,,,,,,,
105048,Jajá,REM,ATA,15,4.7,,,,,,1,,2,1,,,,,,,,,,,
105068,Reinier,CAM,MEI,15,0,,,,,,,,,,,,,,,,,,,,
105157,Villagra,INT,MEI,15,2.3,,,,,,1,,,1,,,,,,,,,,,
105175,Khellven,PAL,LAT,15,1.3,,,,,,,1,,2,,,,,,,,,,,
105213,Sant'Anna,RBB,LAT,15,0.5,,,,,,,,,,1,,,,,,,,,,
105300,Ferraresi,BOT,ZAG,15,2.5,,,,,,1,,,,2,,,,,,,,,,
105436,Carrascal,FLA,MEI,15,15.2,,,,,,3,1,,,,1,1,,,,,,,,
105518,Renan Peixoto,CAP,ATA,15,0.7,,,,,,,1,,,2,,,,,,,,,,
105531,Matheus Bidu,COR,LAT,15,2.8,,1,,,,2,,,1,,,,,,,,,,,
105563,Carlos Vinícius,GRE,ATA,15,1.1,,,,,,,2,1,,1,,,,,,,,,,
105584,Lucas Piton,VAS,LAT,15,14,,,,,,6,,,,,,,,,,,,,1,
105647,Maurício,PAL,MEI,15,0,,,,,,,,,,,,,,,,,,,,
105903,Aldo Filho,MIR,MEI,15,3.3,,1,,,,1,2,,3,2,,,,,,,,,,
105949,Rochet,INT,GOL,15,-0.2,,1,,1,,1,,,,,,,,2,,,,,,
105990,Santiago Mingo,BAH,ZAG,15,-1.4,,1,,,,,3,,,1,,,,,,,,,,
106104,Enamorado,GRE,ATA,15,3,,,,,,2,,,,,,,,,,,,,,
106202,Bruno Gomes,INT,MEI,15,3.3,,,,,,1,,,1,2,,,,,,,,,,
106593,Villalba,CRU,ZAG,15,1.4,,,,,,,1,1,,1,,,,,,,,,,
106708,Igor Formiga,MIR,LAT,15,5,,,,,,3,,,,1,,,,,,,,,,
106822,Rodrigo Nestor,BAH,MEI,15,2.3,,,,,,1,,,1,,,,,,,,,,,
107093,Luciano Juba,BAH,LAT,15,11.5,,,,,,2,,,,1,,1,,,,,,,,
107173,Michel Araújo,BAH,MEI,15,0.7,,,,,,,1,,,2,,,,,,,,,,
107174,Bruno Tabata,?,?,15,0.8,,,,,,,,,1,,,,,,,,,,,
107231,Danilo,BOT,MEI,15,2,,,,,,,,1,1,,,,,,,,,,,
107256,Zé Vitor,VIT,MEI,15,5.5,,,,,,2,2,,2,3,,,,,,,,,,
107453,João Paulo,CHA,ZAG,15,-0.7,,1,,,,1,4,,,,,,,,,,,,,
107516,Ênio,CHA,ATA,15,0.2,,,,,,,1,,,1,,,,,,,,,,
107554,Natanael,CAM,LAT,15,1.1,,,,,,1,3,,,1,,,,,,,,,,
107771,Fábio Matias,?,?,15,1.63,,,,,,,,,,,,,,,,,,,,
107873,Bobadilla,SAO,MEI,15,10.9,1,,,,,4,2,,,1,,,,,,,,,,
107985,Terán,CAP,ZAG,15,0,,,,,,,,,,,,,,,,,,,,
107989,Carbonero,INT,ATA,15,1.3,,,,,,,1,,2,,,,,,,,,,,
108131,Garcez,CHA,ATA,15,0.8,,,,,,,,,1,,,,,,,,,,,
108133,Isidro Pitta,RBB,ATA,15,-0.5,,1,,,,,4,,1,2,,,,,1,,,,,
108469,Adonis Frías,SAN,ZAG,15,15.2,,,,,,1,1,,,2,,1,,,,,,,1,
108713,Galeano,MIR,ATA,15,0.5,,,,,,,,,,1,,,,,,,,,,
109096,Plata,FLA,ATA,15,8.5,,,,,,3,,,,2,1,,,,,,,,,
109336,Rafael Carvalheira,CHA,MEI,15,0.6,,,,,,,2,1,,,,,,,,,,,,
109401,Erick Pulga,BAH,ATA,15,3.4,,,,,,2,2,,,2,,,,,,,,,,
109987,Medina,BOT,MEI,15,0,,,,,,,,,,,,,,,,,,,,
110144,Spinelli,VAS,ATA,15,8.4,,,,,,3,1,2,1,2,,,,,,,,,,
110426,Bernabei,INT,LAT,15,1.1,,,,,,,3,,2,1,,,,,1,,,,,
110506,Abel Ferreira,PAL,TEC,15,3.8,,,,,,,,,,,,,,,,,,,,
110633,Gustavo,CFC,MEI,15,1.3,,,,,,,,,1,1,,,,,,,,,,
110708,Pedro Rangel,CFC,GOL,15,0.6,,,,2,,,,,,,,,,2,,,,,,
110715,Andrés Hurtado,RBB,LAT,15,2.5,,,,,,1,1,,1,1,,,,,,,,,,
110750,Gustavo Marques,RBB,ZAG,15,2.7,,,,,,1,,1,,,,,,,,,,,,
110759,John Kennedy,FLU,ATA,15,18,1,,,,,2,,1,1,,,1,,,,,,,,
111246,Alix Vinicius,RBB,ZAG,15,1.1,,1,,,,2,3,,,,,,,,,,,,,
111309,Gustavo Martins,GRE,ZAG,15,1.2,,,,,,1,1,,,,,,,,,,,,,
111466,Victor Gabriel,INT,ZAG,15,3.7,,1,,,,3,1,,,1,,,,,,,,,,
111682,Adson,VAS,MEI,15,8.1,,,,,,3,,3,,,,,,,,,,,,
111831,Matheus Martins,BOT,ATA,15,0.5,,,,,,,,,,1,,,,,,,,,,
111832,Jefté,PAL,LAT,15,-1.3,,1,,,,,1,,,,,,,,,,,,,
111945,Diego Hernández,?,?,15,0,,,,,,,,,,,,,,,,,,,,
111951,Renzo López,?,?,15,0,,,,,,,,,,,,,,,,,,,,
112017,Felipinho,CAP,MEI,15,1.5,,,,,,1,,,,,,,,,,,,,,
112576,Vini Paulista,CFC,MEI,15,2.3,,,,,,1,,,1,,,,,,,,,,,
112863,Ramón Sosa,PAL,ATA,15,8.7,,,,,,,1,,1,1,,1,,,3,,,,,
112886,Lucas Barbosa,RBB,ATA,15,0.4,,1,,,,1,2,,,1,,,,,,,,,,
113103,Flaco López,PAL,ATA,15,4.4,,,,,,,1,2,3,,,,,,1,,,,,
113125,Picco,REM,MEI,15,1.5,,,,,,1,,,,,,,,,,,,,,
113157,Nathan Mendes,VIT,LAT,15,3.5,,,,,,2,,,,1,,,,,,,,,,
113397,Cristian Olivera,BAH,ATA,15,1.4,,,,,,,1,1,,1,,,,,,,,,,
113690,Diógenes,SAN,GOL,15,10.2,,,,4,,,,,,,,,,,,,,,1,
114040,Minda,CAM,ATA,15,1.5,,,,,,1,,,,,,,,,,,,,,
114405,Sinisterra,CRU,ATA,15,5.4,,,,,,2,,,3,,,,,,,,,,,
115025,Miguelito,SAN,MEI,15,1.5,,,,,,1,,,,,,,,,,,,,,
115141,Lucas Freitas,VAS,ZAG,15,5,,,,,,,,,,,,,,,,,,,1,
115479,Paulo Pezzolano,INT,TEC,15,3.88,,,,,,,,,,,,,,,,,,,,
115914,Evertton Araújo,FLA,MEI,15,1.3,,1,,,,,2,,3,1,,,,,,,,,,
115986,Denilson,MIR,MEI,15,3.7,,,,,,2,1,,,2,,,,,,,,,,
116447,Hércules,FLU,MEI,15,0,,,,,,,,,,,,,,,,,,,,
116706,Andrés Gómez,VAS,ATA,15,2.9,,1,,,,2,2,,2,,,,,,1,,,,,
117330,Robert Renan,VAS,ZAG,15,6.4,,1,,,,2,2,,,,,,,,,,,,1,
117403,Renato Marques,CFC,ATA,15,3,,,,,,,,,,,1,,,,,,,,,
117404,Otávio,CRU,GOL,15,1.1,,1,,2,,,,,,1,,,,1,,,,,,
117632,Garro,COR,MEI,15,15.6,2,,,,,3,4,,1,3,,,,,,,,,,
117910,Breno Bidon,COR,MEI,15,13.4,,,,,,3,2,,,3,,1,,,,,,,,
117930,Lavega,CFC,ATA,15,9.2,,,,,,1,1,,,,,1,,,,,,,,
118563,Rodriguinho,RBB,MEI,15,-0.6,,,,,,,2,,,,,,,,,,,,,
118774,Alexsander,CAM,MEI,15,0.8,,,,,,,,,1,,,,,,,,,,,
120433,Léo Derik,CAP,LAT,15,4.5,,,,,,3,,,,,,,,,,,,,,
122138,João Vitor,?,?,15,2.4,,,,,,,2,1,1,2,,,,,,,,,,
122439,Isaac,CAP,ATA,15,0,,,,,,,,,,,,,,,,,,,,
123360,Cauly,SAO,MEI,15,2,,,,,,1,,,,1,,,,,,,,,,
123625,Ítalo,?,?,15,0,,,,,,,,,,,,,,,,,,,,
123648,Lucas Ronier,CFC,ATA,15,4.6,,1,,,,4,3,,,1,,,,,,,,,,
123738,Herrera,RBB,ATA,15,2.4,,,,,,,,2,,,,,,,,,,,,
123869,Aguirre,CAP,ZAG,15,6.2,,,,,,4,2,,1,,,,,,,,,,,
124219,Millán,FLU,ZAG,15,2.7,,,,,,2,1,,,,,,,,,,,,,
124239,Henry Mosquera,RBB,ATA,15,4,,,,,,1,,1,1,1,,,,,,,,,,
124270,Allex,INT,MEI,15,0,,,,,,,,,,,,,,,,,,,,
124424,Rodrigo Castillo,FLU,ATA,15,-0.3,,,,,,,1,,,,,,,,,,,,,
124481,Mateo Ponte,BOT,LAT,15,3.4,,1,,,,1,2,,,1,1,,,,,,,,,
124526,Giay,PAL,LAT,15,2.3,,,,,,1,,,1,,,,,,,,,,,
124661,Iván Román,CAM,ZAG,15,3.5,,,,,,2,1,,1,,,,,,,,,,,
124912,Jonathan Jesus,CRU,ZAG,15,2.8,,,,,,2,2,,,1,,,,,1,,,,,
125467,Viery,?,?,15,3,,,,,,2,,,,,,,,,,,,,,
125926,Zapelli,CAP,MEI,15,0,,,,,,,,,,,,,,,,,,,,
126189,Tomás Pérez,CAM,MEI,15,1.5,,,,,,1,,,,,,,,,,,,,,
126471,Barreal,SAN,MEI,15,9.6,,,,,,5,,1,,2,,,,,1,,,,,
126977,Fernando Seabra,CFC,TEC,15,5.04,,,,,,,,,,,,,,,,,,,,
127273,Artur Jorge,CRU,TEC,15,7.05,,,,,,,,,,,,,,,,,,,,1
127970,Felipe Chiqueti,CAP,MEI,15,1.2,,,,,,1,1,,,,,,,,,,,,,
128431,João Cruz,CAP,MEI,15,6,,,,,,2,1,1,2,1,,,,,,,,,,
128433,Johan Rojas,VAS,MEI,15,-1,,1,,,,,,,,,,,,,,,,,,
130048,Noriega,GRE,ZAG,15,1.6,,,,,,,2,1,,2,,,,,,,,,,
130209,Renê,VIT,ATA,15,10.2,,,,,,1,1,,,2,,1,,,,,,,,
130620,Edenílson,VIT,MEI,15,-0.3,,,,,,,1,,,,,,,,,,,,,
130843,Arthur Dias,CAP,ZAG,15,1.5,,,,,,1,,,,,,,,,,,,,,
130847,Zé Breno,?,?,15,1.2,,,,,,1,1,,,,,,,,,,,,,
131617,André Silva,SAO,ATA,15,1.2,,,,,,,,1,,,,,,,,,,,,
131832,Portilla,CAP,MEI,15,-1.3,,1,,,,,1,,,,,,,,,,,,,
131967,Villarreal,CRU,ATA,15,12.3,1,,,,,3,1,,2,3,,,,,,,,,,
132071,Serna,FLU,ATA,15,8,,,,,,,,,,,,1,,,,,,,,
132274,Ignacio Sosa,RBB,MEI,15,6.7,,,,,,4,1,,,2,,,,,,,,,,
136955,Sanabria,BAH,ATA,15,2.8,,,,,,1,,,1,1,,,,,,,,,,
137542,Kaique Kenji,CRU,ATA,15,8,,,,,,,,,,,,1,,,,,,,,
140484,Riquelme Felipe,FLU,ATA,15,0.2,,1,,,,1,1,,,,,,,,,,,,,
140496,Tiaguinho,GRE,MEI,15,0,,,,,,,,,,,,,,,,,,,,
141451,Allan,PAL,MEI,15,7.2,1,1,,,,1,1,1,1,,,,,,,,,,,
141594,Pedro Gabriel,GRE,LAT,15,-0.3,,,,,,,1,,,,,,,,,,,,,
141595,Gabriel Mec,GRE,ATA,15,1.8,,,,,,,,,1,2,,,,,,,,,,
141754,Gabriel Bontempo,SAN,MEI,15,14.3,1,,,,,5,,,1,2,,,,,,,,,,
141995,Dieguinho,COR,MEI,15,0,,,,,,,,,,,,,,,,,,,,
142004,Amuzu,GRE,ATA,15,1.1,,,,,,,2,1,,1,,,,,,,,,,
142279,Nuno Moreira,VAS,MEI,15,0.5,,,,,,,,,,1,,,,,,,,,,
142484,Barrera,BOT,MEI,15,0.8,,,,,,,,,1,,,,,,,,,,,
142890,Montoro,BOT,MEI,15,-0.3,,,,,,,1,,,,,,,,,,,,,
143153,Tarzia,VIT,ATA,15,3.7,,,,,,1,,1,,2,,,,,,,,,,
143173,Leonel Pérez,GRE,MEI,15,2.5,,,,,,1,,,,2,,,,,,,,,,
143600,Kauã Moraes,CRU,LAT,15,8.9,,1,,,,1,2,,,2,,1,,,,,,,,
146374,Gilberto Junior,CAP,LAT,15,5.7,,,,,,4,1,,,,,,,,,,,,,
146375,Kadir,BOT,ATA,15,0.1,,,,,,,2,,1,,,,,,1,,,,,
147088,Cissé,CAM,MEI,15,0.5,,,,,,,,,,1,,,,,,,,,,
147194,Bruninho,?,?,15,0.9,,,,,,,1,1,,,,,,,,,,,,
149990,Franclim Carvalho,BOT,TEC,15,2.39,,,,,,,,,,,,,,,,,,,,
150180,Ramon Rique,VAS,MEI,15,1.5,,,,,,1,,,,,,,,,,,,,,
37457,Léo Condé,REM,TEC,15,4.05,,,,,,,,,,,,,,,,,,,,
37656,Fábio,FLU,GOL,15,-0.7,,,,1,,,,,,,,,,2,,,,,,
39850,Vagner Mancini,RBB,TEC,15,2.38,,,,,,,,,,,,,,,,,,,,
41929,Renato Gaúcho,?,?,15,9.55,,,,,,,,,,,,,,,,,,,,1
42411,Cuca,SAN,TEC,15,8.93,,,,,,,,,,,,,,,,,,,,1
42500,Fagner,CRU,LAT,15,1.1,,,,,,1,3,,,1,,,,,,,,,,
51413,Walter,MIR,GOL,15,4.2,,,,4,,,,,,,,,,1,,,,,,
51772,Everton Ribeiro,BAH,MEI,15,6.5,,,,,,4,,,,1,,,,,,,,,,
63007,Neymar,SAN,MEI,15,10.5,,1,,,,,2,,2,5,,1,,,,,,,,
63289,Edenílson,BOT,MEI,15,0,,,,,,,,,,,,,,,,,,,,
63354,Rodrigo Moledo,CFC,ZAG,15,8,,,,,,,,,,,,1,,,,,,,,
68685,Alan Patrick,INT,MEI,15,0,,,,,,,,,,,,,,,,,,,,
68708,Eduardo,MIR,MEI,15,8.5,,,,,,,,,,1,,1,,,,,,,,
68806,Neto,?,?,15,5.5,,,,5,,,,,,,,,,1,,,,,,
68928,Rafael,SAO,GOL,15,0.9,,,,3,,,,,,,,,,3,,,,,,
68938,Giovanni Augusto,CHA,MEI,15,2,,,,,,1,,,,1,,,,,,,,,,
68996,Willian José,BAH,ATA,15,1,,,,,,,,,,,,,,,,,,1,,
69012,Santos,CAP,GOL,15,6,,,,5,,,,,,1,,,,1,,,,,,
69208,Gabriel Paulista,COR,ZAG,15,1.7,,1,,,,2,1,,,,,,,,,,,,,
70163,Milton Cruz,?,?,15,4.09,,,,,,,,,,,,,,,,,,,,
70360,Eduardo Sasha,RBB,ATA,15,0.5,,,,,,,,,,1,,,,,,,,,,
70666,Marllon,REM,ZAG,15,-0.3,,,,,,,1,,,,,,,,,,,,,
70944,Bruno Henrique,INT,MEI,15,2.1,,,,,,,1,,3,,,,,,,,,,,
70958,Jean Carlos,?,?,15,0,,,,,,,,,,,,,,,,,,,,
71043,Léo Vieira,BAH,GOL,15,5.8,,,,6,,,,,,,,,,2,,,,,,
71123,Thiago Mendes,VAS,MEI,15,10,,1,,,,1,,,,3,,1,,,,,,,,
71536,Luiz Gustavo,CAP,MEI,15,5.2,,,,,,,,1,,2,1,,,,,,,,,
71631,Weverton,GRE,GOL,15,4.2,,,,4,,,,,,,,,,1,,,,,,
71684,Gustavo Gómez,PAL,ZAG,15,1.4,,,,,,1,,,,,,,,,1,,,,,
72018,Tiago Volpi,RBB,GOL,15,-0.7,,,,1,,,,,,,,,,2,,,,,,
72294,Everson,CAM,GOL,15,4.2,,,,4,,,,,,,,,,1,,,,,,
72391,Fernando Diniz,COR,TEC,15,7.7,,,,,,,,,,,,,,,,,,,,1
72460,Bernard,CAM,MEI,15,1,,,,,,1,1,,,,,,,,2,,,,,
72493,Alex Telles,BOT,LAT,15,-0.8,,1,,,,,2,,1,,,,,,,,,,,
72605,Vitor Hugo,CAM,ZAG,15,0.8,,,,,,,,,1,,,,,,,,,,,
73318,Daniel Borges,MIR,LAT,15,2.8,,,,,,1,,,1,1,,,,,,,,,,
73384,Samuel Xavier,FLU,LAT,15,-0.4,,1,,,,1,3,,,,,,,,,,,,,
77485,Carrillo,COR,MEI,15,5,1,,,,,,,,,,,,,,,,,,,
77656,Cédric Soares,SAO,LAT,15,1.2,,,,,,1,1,,,,,,,,,,,,,
77777,João Schmidt,SAN,MEI,15,3.2,,,,,,2,1,,,1,,,,,,,,,,
78117,Everaldo,BAH,ATA,15,1.7,,1,,,,1,2,,1,2,,,,,,,,,,
78248,Gustavo Henrique,COR,ZAG,15,-0.3,,,,,,,1,,,,,,,,,,,,,
78445,Renê,FLU,LAT,15,-1.1,,1,,,,,2,,,1,,,,,,,,,,
78478,Willian Arão,SAN,MEI,15,0,,,,,,,,,,,,,,,,,,,,
78605,Gabriel,RBB,MEI,15,3.2,,1,,,,3,1,,,,,,,,,,,,,
78850,Reinaldo,MIR,LAT,15,6.9,,,,,,1,,1,4,2,,,,,,,,,,
79701,Lucas Silva,CRU,MEI,15,-0.3,,,,,,,1,,,,,,,,,,,,,
80196,Yago Pikachu,REM,MEI,15,6.2,1,,,,,1,1,,,,,,,,,,,,,
80287,Luciano,SAO,ATA,15,9.2,,,,,,1,1,,,,,1,,,,,,,,
80570,Wendell,SAO,LAT,15,1.2,,,,,,1,1,,,,,,,,,,,,,
81005,André Luis,MIR,ATA,15,0.5,,,,,,,,,,1,,,,,,,,,,
81720,Lingard,COR,ATA,15,5.2,,,,,,2,1,1,1,1,,,,,,,,,,
81845,Alisson,FLU,MEI,15,-1.1,,1,,,,,1,1,,,,,,,,1,,,,
82627,Luiz Araújo,FLA,ATA,15,3.8,,,,,,2,,,1,,,,,,,,,,,
82628,Tinga,CFC,LAT,15,6.5,1,,,,,1,,,,,,,,,,,,,,
82730,Marcelo Rangel,REM,GOL,15,4.5,,1,,5,,,,,,,,,,1,,,,,,
83257,Gabriel,SAN,ATA,15,0,,,,,,,,,,,,,,,,,,,,
83433,Patrick,REM,MEI,15,6.5,,,,,,3,,1,1,,,,,,,,,,,
83528,Léo Pereira,FLA,ZAG,15,5.2,,,,,,,1,,,1,,,,,,,,,1,
83786,Neris,?,?,15,0,,,,,,,,,,,,,,,,,,,,
84339,Bruno Melo,CFC,LAT,15,0,,,,,,,,,,,,,,,,,,,,
84428,Fernando Sobral,CFC,MEI,15,0,,,,,,,,,,,,,,,,,,,,
84558,Lucas Romero,CRU,MEI,15,5.8,1,1,,,,1,3,1,,,,,,,,,,,,
84626,Josué,CFC,MEI,15,4.7,1,,,,,,1,,,,,,,,,,,,,
84674,Lucas Evangelista,PAL,MEI,15,1.3,,,,,,,,,1,1,,,,,,,,,,
84735,Jorginho,FLA,MEI,15,3,,1,,,,2,1,,1,1,,,,,,,,,,
84816,Varela,FLA,LAT,15,7.5,,,,,,1,,,,2,,,,,,,,,1,
85403,Danielzinho,SAO,MEI,15,6.5,,,,,,3,,,,4,,,,,,,,,,
85425,João Paulo,SAN,GOL,15,-1,,1,,,,,,,,,,,,,,,,,,
86292,Bolasie,CHA,ATA,15,-1.1,,1,,,,,2,,,1,,,,,,,,,,
86686,Tchê Tchê,VAS,MEI,15,0,,,,,,,,,,,,,,,,,,,,
86859,José Welison,REM,MEI,15,1.2,,,,,,,2,,1,2,,,,,,,,,,
87008,Léo Jardim,VAS,GOL,15,8.9,,,,3,,,,,,,,,,,,,,,1,
87258,Soteldo,FLU,ATA,15,1.7,,,,,,,,1,,1,,,,,,,,,,
87887,Balbuena,GRE,ZAG,15,2.7,,,,,,2,1,,,,,,,,,,,,,
88037,Luís Castro,GRE,TEC,15,2.63,,,,,,,,,,,,,,,,,,,,
88312,Junior Alonso,?,?,15,4.2,,,,,,2,,1,,,,,,,,,,,,
88393,Ayrton Lucas,FLA,LAT,15,6.7,,,,,,1,2,,1,,,,,,,,,,1,
88963,Leonardo Jardim,FLA,TEC,15,8.440000000000001,,,,,,,,,,,,,,,,,,,,1
89256,Gerson,CRU,MEI,15,7.5,,,,,,3,,1,1,2,,,,,,,,,,
89274,Andreas Pereira,PAL,MEI,15,0.5,,,,,,,,,,1,,,,,,,,,,
89368,Braithwaite,GRE,ATA,15,0,,,,,,,,,,,,,,,,,,,,
89637,Thiago Maia,INT,MEI,15,0,,,,,,,,,,,,,,,,,,,,
89837,Lucho Acosta,FLU,MEI,15,3.4,,,,,,2,3,,1,1,,,,,,,,,,
89840,Calleri,SAO,ATA,15,1.8,,1,,,,1,1,,1,2,,,,,2,,,,,
89918,Everton Galdino,?,?,15,5.7,,,,,,1,,,4,2,,,,,,,,,,
90031,Mendoza,CAP,ATA,15,1.2,,,,,,1,1,,,,,,,,,,,,,
90061,Bruno Pacheco,CHA,LAT,15,-1.7,,1,,,,,2,,,,,,,,1,,,,,
90285,Bruno Henrique,FLA,ATA,15,1.2,,,,,,,,1,,,,,,,,,,,,
90302,Pedro Rocha,CFC,ATA,15,-0.1,,,,,,,2,,,1,,,,,,,,,,
90588,Caíque,VIT,MEI,15,3.5,,,,,,2,,,,1,,,,,,,,,,
90768,Fabrício Bruno,CRU,ZAG,15,0.4,,1,,,,,,2,,,,,,,,1,,,,
90917,Carlos Eduardo,MIR,ATA,15,1.9,,,,,,1,,,,1,,,,,1,,,,,
91607,Rony,SAN,ATA,15,0.7,,,,,,,1,,,2,,,,,,,,,,
91772,David Duarte,BAH,ZAG,15,0,,,,,,,,,,,,,,,,,,,,
91908,Pavón,GRE,ATA,15,2,,1,,,,2,,,,,,,,,,,,,,
92171,Arthur Cabral,BOT,ATA,15,11,,,,,,1,1,,1,2,,1,,,,,,,,
92180,Jair Ventura,VIT,TEC,15,5.36,,,,,,,,,,,,,,,,,,,,
92273,Odair Hellmann,CAP,TEC,15,3.57,,,,,,,,,,,,,,,,,,,,
92696,Renato Kayzer,VIT,ATA,15,11.7,1,1,,,,,1,,,,,1,,,,,,,,
92747,Eduardo Domínguez,CAM,TEC,15,3.79,,,,,,,,,,,,,,,,,,,,
92854,Borré,?,?,15,8.5,,,,,,,,,,1,,1,,,,,,,,
93368,Lucas Veríssimo,SAN,ZAG,15,8.3,,,,,,2,2,,,2,,,,,1,,,,1,
93478,Wanderson,CRU,ATA,15,1.5,,,,,,1,,,,,,,,,,,,,,
93790,Marlon Freitas,PAL,MEI,15,0,,,,,,,,,,,,,,,,,,,,
94154,Maycon,CAM,MEI,15,0.5,,,,,,,,,,1,,,,,,,,,,
94583,Pedro,FLA,ATA,15,0.4,,1,,,,,1,1,,1,,,,,,,,,,
94968,Juninho Capixaba,RBB,LAT,15,3.6,,,,,,2,2,,1,1,,,,,1,,,,,
95332,Marcinho,CHA,ATA,15,5.3,,,,,,3,,,1,,,,,,,,,,,
95362,Cassierra,CAM,ATA,15,10.7,,,,,,1,2,1,1,,,1,,,2,,,,,
95466,Igor Vinícius,SAN,LAT,15,6.2,,,,,,1,1,,,,,,,,,,,,1,
95556,Raniele,COR,MEI,15,9.8,,,,,,,,,1,2,,1,,,,,,,,
95799,Artur,SAO,ATA,15,2,,,,,,1,,,,1,,,,,,,,,,
96591,Renan Lodi,CAM,LAT,15,3.7,,,,,,,1,1,1,4,,,,,,,,,,
96610,Matheus Pereira,CRU,MEI,15,4.3,,,,,,1,,1,2,,,,,,,,,,,
96870,Emerson Royal,FLA,LAT,15,10,1,,,,,,,,,,,,,,,,,,1,
97095,Carlos Cuesta,VAS,ZAG,15,8.5,,,,,,,,,,1,1,,,,,,,,1,
97321,Alesson,MIR,ATA,15,3.5,,,,,,,2,2,1,2,,,,,1,,,,,
97341,Rogério Ceni,BAH,TEC,15,4.54,,,,,,,,,,,,,,,,,,,,
97432,Victor Caetano,CHA,ZAG,15,-1,,1,,,,,,,,,,,,,,,,,,
97460,João Victor,MIR,ZAG,15,-2.8,,,,,,,1,,,1,,,1,,,,,,,
97468,Marçal,BOT,LAT,15,-0.9,,,,,,,3,,,,,,,,,,,,,
97520,Shaylon,MIR,MEI,15,0.6,,,,,,1,3,,,,,,,,,,,,,
97642,Félix Torres,INT,ZAG,15,10.2,,1,,,,1,1,1,1,,,1,,,,,,,,
97653,Murilo,PAL,ZAG,15,3.2,,,,,,,,2,1,,,,,,,,,,,
97735,Giovanni Pavani,?,?,15,0,,,,,,,,,,,,,,,,,,,,
97795,Marcelinho,REM,LAT,15,10.1,,,,,,3,,,2,2,1,,,,,,,,,
97867,Léo Ortiz,FLA,ZAG,15,6.5,,,,,,1,,,,,,,,,,,,,1,
97878,Jacy,CFC,ZAG,15,5.7,,,,,,3,1,,,3,,,,,,,,,,
97899,Matheus Bahia,INT,LAT,15,6,,,,,,3,,,,3,,,,,,,,,,
98022,Erick,BAH,MEI,15,3.2,,,,,,2,1,,,1,,,,,,,,,,
98225,Pedro Raul,COR,ATA,15,-0.1,,1,,,,,,,,2,,,,,1,,,,,
98517,Jean Lucas,BAH,MEI,15,3.9,,,,,,3,2,,,,,,,,,,,,,
98672,Savarino,FLU,MEI,15,2,,,,,,,,,2,1,,,,,1,,,,,
98873,Samuel Lino,FLA,ATA,15,2.8,,,,,,,2,2,,2,,,,,,,,,,
98909,Cuello,CAM,ATA,15,7.7,,,,,,2,,2,1,3,,,,,,,,,,
99213,Puma Rodríguez,VAS,LAT,15,13,1,,,,,2,,,,,,,,,,,,,1,
99228,De la Cruz,FLA,MEI,15,0.8,,,,,,,,,1,,,,,,,,,,,
99274,Alexander Barboza,PAL,ZAG,15,7.4,,,,,,3,1,2,1,,,,,,,,,,,
99366,Luis Zubeldía,FLU,TEC,15,3.72,,,,,,,,,,,,,,,,,,,,
99440,Baralhas,VIT,MEI,15,7.3,,,,,,4,,,1,1,,,,,,,,,,
99552,Rossi,FLA,GOL,15,8.9,,,,3,,,,,,,,,,,,,,,1,
99789,Brenner,VAS,ATA,15,2.3,,,,,,1,,,1,,,,,,,,,,,
99815,Arias,PAL,MEI,15,2,,,,,,1,1,,,2,,,,,2,,,,,
99818,Paulinho,PAL,ATA,15,0,,,,,,,,,,,,,,,,,,,,
100652,Yuri Alberto,COR,ATA,16,1.5,,,,,,,,,2,,,,,,1,,,,,
100695,Fernando,RBB,ATA,16,7.6,1,,,,,2,1,,,,,,,,1,,,,,
100804,Tchamba,REM,ZAG,16,2,,,,,,,,1,1,,,,,,,,,,,
100842,Ruan,CAM,ZAG,16,2,,,,,,1,,,,1,,,,,,,,,,
100898,Vitinho,BOT,LAT,16,0,,,,,,,,,,,,,,,,,,,,
100987,Nonato,FLU,MEI,16,0.7,,,,,,,1,,,2,,,,,,,,,,
101254,Alef Manga,REM,ATA,16,0.2,,,,,,,1,,,1,,,,,,,,,,
101290,Ferreira,SAO,ATA,16,0.5,,,,,,,,,,1,,,,,,,,,,
101314,Ademir,BAH,ATA,16,1.7,,,,,,1,1,,,1,,,,,,,,,,
101319,Guga,FLU,LAT,16,2,,,,,,1,,,,1,,,,,,,,,,
101393,Eduardo Doma,CHA,ZAG,16,0,,,,,,,,,,,,,,,,,,,,
101405,Wallisson,MIR,MEI,16,3,,,,,,2,,,,,,,,,,,,,,
101574,Hugo Souza,COR,GOL,16,-0.4,,,,2,,,,,,,,,,3,,,,,,
101594,Hugo Moura,?,?,16,6.1,,,,,,3,3,,,5,,,,,,,,,,
101715,Alerrandro,INT,ATA,16,14.4,1,,,,,1,2,,,1,,1,,,,,,,,
101727,Matheuzinho,COR,LAT,16,1.5,,,,,,1,,,,,,,,,,,,,,
101752,Claudinho,?,?,16,2,,,,,,1,,,,1,,,,,,,,,,
101807,Oliva,SAN,MEI,16,-0.3,,,,,,,1,,,,,,,,,,,,,
101820,Mayk,REM,LAT,16,1.5,,,,,,1,,,,,,,,,,,,,,
101908,Willian Machado,MIR,ZAG,16,9.2,,,,,,1,1,,,,,1,,,,,,,,
101960,Vitinho,INT,ATA,16,7.8,,,,,,3,1,1,3,,,,,,,,,,,
102256,Rollheiser,SAN,MEI,16,4.9,,,,,,3,3,,1,1,,,,,,,,,,
102340,Cacá,VIT,ZAG,16,0.5,,,,,,,,,,1,,,,,,,,,,
102877,Gabriel Poveda,REM,ATA,16,0,,,,,,,,,,,,,,,,,,,,
102906,Anderson,CHA,GOL,16,-0.4,,,,2,,,,,,,,,,3,,,,,,
102909,Luan,SAO,MEI,16,0,,,,,,,,,,,,,,,,,,,,
102928,Canobbio,FLU,ATA,16,15.9,1,,,,,2,2,,,1,,1,,,,,,,,
102975,Escobar,SAN,LAT,16,5,,1,,,,2,,,,2,1,,,,,1,,,,
103056,Gabriel Brazão,SAN,GOL,16,-0.4,,,,2,,,,,,,,,,3,,,,,,
103295,Eric Ramires,RBB,MEI,16,1.2,,,,,,1,1,,,,,,,,,,,,,
103347,Matheus Alexandre,REM,LAT,16,-0.3,,,,,,,1,,,,,,,,,,,,,
103388,Emmanuel Martínez,VIT,MEI,16,0,,,,,,,,,,,,,,,,,,,,
103445,Kaio Jorge,CRU,ATA,16,1,,,,,,,,,,2,,,,,,,,,,
103523,Ignácio,FLU,ZAG,16,2,,,,,,1,,,,1,,,,,,,,,,
104027,Rafael Guanaes,MIR,TEC,16,3.36,,,,,,,,,,,,,,,,,,,,
104075,Sabino,SAO,ZAG,16,7.7,,,,,,3,1,,,1,1,,,,,,,,,
104084,Carlos Miguel,PAL,GOL,16,2.9,,,,3,,,,,,,,,,1,,,,,,
104118,Lucas Arcanjo,VIT,GOL,16,7.6,,,,2,1,,,,,,,,,2,,,,,,
104134,Fabri,VIT,ATA,16,2.3,,,,,,1,,,1,,,,,,,,,,,
104204,Edson Carioca,MIR,ATA,16,1.2,,,,,,1,1,,,,,,,,,,,,,
104502,Christian,?,?,16,7.9,1,,,,,2,2,,,1,,,,,,,,,,
104519,Camilo,CHA,MEI,16,1.9,,1,,,,1,1,1,,1,,,,,,,,,,
104666,Moisés,SAN,ATA,16,1.5,,,,,,1,,,,,,,,,,,,,,
104758,Enzo Díaz,SAO,LAT,16,0,,1,,,,,1,,1,1,,,,,,,,,,
104783,Acevedo,BAH,MEI,16,6,,1,,,,3,5,1,1,4,,,,,,,,,,
104811,Sebastián Gómez,CFC,MEI,16,1.8,,,,,,,4,1,1,2,,,,,,,,,,
104994,Wagner Leonardo,GRE,ZAG,16,0,,,,,,,,,,,,,,,,,,,,
105048,Jajá,REM,ATA,16,8.4,,,,,,,,,,1,,1,,,1,,,,,
105157,Villagra,INT,MEI,16,0.9,,,,,,1,2,,,,,,,,,,,,,
105175,Khellven,PAL,LAT,16,-0.3,,,,,,,1,,,,,,,,,,,,,
105213,Sant'Anna,RBB,LAT,16,5.3,,1,,,,1,3,,1,,,,,,1,,,,1,
105214,Santi Rodríguez,BOT,MEI,16,3,,,,,,,,,,,1,,,,,,,,,
105300,Ferraresi,BOT,ZAG,16,2.4,,,,,,2,2,,,,,,,,,,,,,
105436,Carrascal,FLA,MEI,16,1.1,,1,,,,,3,,,,1,,,,,,,,,
105518,Renan Peixoto,CAP,ATA,16,0,,,,,,,,,,,,,,,,,,,,
105531,Matheus Bidu,COR,LAT,16,5.8,,,,,,2,,,1,4,,,,,,,,,,
105563,Carlos Vinícius,GRE,ATA,16,1.9,,,,,,1,1,,,2,,,,,3,,,,,
105584,Lucas Piton,VAS,LAT,16,3.5,,,,,,2,,,,1,,,,,,,,,,
105647,Maurício,PAL,MEI,16,2.5,,,,,,1,,,,2,,,,,,,,,,
105903,Aldo Filho,MIR,MEI,16,-0.3,,,,,,,1,,,,,,,,,,,,,
106104,Enamorado,GRE,ATA,16,4,,1,,,,2,1,,1,3,,,,,,,,,,
106202,Bruno Gomes,INT,MEI,16,9.5,,,,,,6,,,,1,,,,,,,,,,
106822,Rodrigo Nestor,BAH,MEI,16,0.6,,1,,,,,,,2,,,,,,,,,,,
107093,Luciano Juba,BAH,LAT,16,4.7,,,,,,1,2,,1,,1,,,,,,,,,
107256,Zé Vitor,VIT,MEI,16,-1.2,,1,,,,1,4,,,1,,,,,,1,,,,
107453,João Paulo,CHA,ZAG,16,-1.1,,1,,,,,2,,,1,,,,,,,,,,
107516,Ênio,CHA,ATA,16,3.1,,,,,,1,,1,,1,,,,,1,,,,,
107554,Natanael,CAM,LAT,16,8.3,,,,,,5,,,1,,,,,,,,,,,
107771,Fábio Matias,?,?,16,4.5,,,,,,,,,,,,,,,,,,,,
107873,Bobadilla,SAO,MEI,16,6.1,,1,,,,4,2,1,,1,,,,,,,,,,
107989,Carbonero,INT,ATA,16,24.9,2,1,,,,,2,,,1,,2,,,,,,,,
108131,Garcez,CHA,ATA,16,2.8,,,,,,1,,,1,1,,,,,,,,,,
108133,Isidro Pitta,RBB,ATA,16,2.7,,,,,,1,2,,1,2,,,,,,,,,,
108469,Adonis Frías,SAN,ZAG,16,3,,,,,,2,,,,,,,,,,,,,,
108588,Tapia,SAO,ATA,16,0.5,,,,,,,,,,1,,,,,,,,,,
108713,Galeano,MIR,ATA,16,0,,,,,,,,,,,,,,,,,,,,
109127,Tiago Cóser,CFC,ZAG,16,6.4,,,,,,1,2,,,1,,,,,,,,,1,
109336,Rafael Carvalheira,CHA,MEI,16,10.3,,,,,,1,1,1,,,,1,,,1,,,,,
109401,Erick Pulga,BAH,ATA,16,6.9,,,,,,2,2,1,1,5,,,,,,,,,,
109987,Medina,BOT,MEI,16,5.5,,1,,,,3,1,,1,3,,,,,,,,,,
110426,Bernabei,INT,LAT,16,17.2,1,,,,,1,2,2,,2,,1,,,1,,,,,
110506,Abel Ferreira,PAL,TEC,16,4.98,,,,,,,,,,,,,,,,,,,,
110598,Marino Hinestroza,VAS,ATA,16,-0.3,,,,,,,1,,,,,,,,,,,,,
110633,Gustavo,CFC,MEI,16,0,,,,,,,,,,,,,,,,,,,,
110668,Esquivel,CAP,LAT,16,-0.3,,,,,,,1,,,,,,,,,,,,,
110708,Pedro Rangel,CFC,GOL,16,7.6,,,,2,,,,,,,,,,,,,,,1,
110750,Gustavo Marques,RBB,ZAG,16,6,,,,,,,2,1,,1,,,,,1,,,,1,
110759,John Kennedy,FLU,ATA,16,10,,,,,,1,,,,1,,1,,,,,,,,
111246,Alix Vinicius,RBB,ZAG,16,5,,,,,,,,,,,,,,,,,,,1,
111683,Anthoni,INT,GOL,16,1.6,,,,2,,,,,,,,,,1,,,,,,
111832,Jefté,PAL,LAT,16,1.5,,,,,,1,,,,,,,,,,,,,,
111945,Diego Hernández,?,?,16,0,,,,,,,,,,,,,,,,,,,,
111951,Renzo López,?,?,16,-0.3,,,,,,,1,,,,,,,,,,,,,
112017,Felipinho,CAP,MEI,16,4.4,,1,,,,2,2,,,,1,,,,,,,,,
112576,Vini Paulista,CFC,MEI,16,1.5,,,,,,1,,,,,,,,,,,,,,
112709,Kaiki Bruno,?,?,16,7.5,,,,,,3,4,2,1,2,,,,,,,,,,
112863,Ramón Sosa,PAL,ATA,16,2.8,,,,,,1,,,1,1,,,,,,,,,,
112886,Lucas Barbosa,RBB,ATA,16,11.6,,,,,,,1,,3,3,,1,,,,,,,,
113034,Freytes,FLU,ZAG,16,2,,,,,,1,,,,1,,,,,,,,,,
113103,Flaco López,PAL,ATA,16,5.9,,1,,,,4,4,,1,3,,,,,2,,,,,
113113,Benavídez,CAP,LAT,16,8,1,,,,,,1,1,2,1,,,,,,,,,,
113125,Picco,REM,MEI,16,2.3,,,,,,1,,,1,,,,,,,,,,,
114040,Minda,CAM,ATA,16,13.1,,,,,,2,1,1,1,1,,1,,,1,,,,,
114405,Sinisterra,CRU,ATA,16,0,,,,,,,,,,,,,,,,,,,,
115479,Paulo Pezzolano,INT,TEC,16,8.95,,,,,,,,,,,,,,,,,,,,1
115986,Denilson,MIR,MEI,16,-1.9,,,,,,,3,,,,,,,,,1,,,,
116066,Rubens,CHA,ATA,16,0,,,,,,,,,,,,,,,,,,,,
116447,Hércules,FLU,MEI,16,1.4,,,,,,1,3,,1,,,,,,,,,,,
116461,Jamerson,VIT,LAT,16,1.7,,1,,,,1,1,,,3,,,,,,,,,,
116706,Andrés Gómez,VAS,ATA,16,12.3,,1,,,,,,1,2,5,,1,,,,,,,,
117330,Robert Renan,VAS,ZAG,16,1.5,,,,,,1,,,,,,,,,,,,,,
117403,Renato Marques,CFC,ATA,16,0,,,,,,,,,,,,,,,,,,,,
117404,Otávio,CRU,GOL,16,-0.7,,1,,1,,,,,,,,,,1,,,,,,
117632,Garro,COR,MEI,16,13.4,,,,,,,,,3,6,,1,,,,,,,,
117910,Breno Bidon,COR,MEI,16,4.5,,,,,,1,1,,1,5,,,,,,,,,,
117930,Lavega,CFC,ATA,16,0.9,,,,,,,1,1,,,,,,,,,,,,
118563,Rodriguinho,RBB,MEI,16,2.2,,,,,,1,1,,,,,,,,,,,1,,
118844,Kaio César,COR,ATA,16,6,,,,,,3,,,,3,,,,,,,,,,
120433,Léo Derik,CAP,LAT,16,0,,,,,,,,,,,,,,,,,,,,
121792,André,?,?,16,-1,,1,,,,,,,,,,,,,,,,,,
122138,João Vitor,?,?,16,0,,,,,,,,,,,,,,,,,,,,
122394,Gustavinho,RBB,MEI,16,3.5,,,,,,2,1,,1,,,,,,,,,,,
122485,Barros,VAS,MEI,16,4.4,,,,,,1,,,3,1,,,,,,,,,,
123016,David Braga,REM,MEI,16,0.5,,,,,,,,,,1,,,,,,,,,,
123360,Cauly,SAO,MEI,16,3.5,,,,,,2,,,,1,,,,,,,,,,
123625,Ítalo,?,?,16,5,,,,,,1,,1,3,,,,,,1,,,,,
123738,Herrera,RBB,ATA,16,0.4,,,,,,,3,,1,1,,,,,,,,,,
123869,Aguirre,CAP,ZAG,16,0,,,,,,,,,,,,,,,,,,,,
124239,Henry Mosquera,RBB,ATA,16,-1.1,,1,,,,,2,,,1,,,,,,,,,,
124270,Allex,INT,MEI,16,0.5,,,,,,,,,,1,,,,,,,,,,
124424,Rodrigo Castillo,FLU,ATA,16,-1.3,,,,,,,4,,,,,,,,1,,,,,
124481,Mateo Ponte,BOT,LAT,16,-0.5,,1,,,,,,,,1,,,,,,,,,,
124526,Giay,PAL,LAT,16,2.5,,,,,,1,,,,2,,,,,,,,,,
124912,Jonathan Jesus,CRU,ZAG,16,9.6,,,,,,5,1,,3,,,,,,,,,,,
125467,Viery,?,?,16,12.8,,,,,,4,4,,,,,1,,,,,,,,
125926,Zapelli,CAP,MEI,16,2,,,,,,1,,,,1,,,,,,,,,,
126471,Barreal,SAN,MEI,16,-3.3,,,1,,,,1,,,,,,,,,,,,,
126977,Fernando Seabra,CFC,TEC,16,9.19,,,,,,,,,,,,,,,,,,,,1
127273,Artur Jorge,CRU,TEC,16,4.74,,,,,,,,,,,,,,,,,,,,
128431,João Cruz,CAP,MEI,16,0,,,,,,,,,,,,,,,,,,,,
130048,Noriega,GRE,ZAG,16,1,,,,,,,,,,2,,,,,,,,,,
130209,Renê,VIT,ATA,16,4.1,,,,,,,1,2,,4,,,,,,,,,,
130620,Edenílson,VIT,MEI,16,4.2,,,,,,3,1,,,,,,,,,,,,,
130650,Bernal,?,?,16,-1.3,,1,,,,,1,,,,,,,,,,,,,
130843,Arthur Dias,CAP,ZAG,16,3.8,,,,,,2,,,1,,,,,,,,,,,
131617,André Silva,SAO,ATA,16,2.2,,1,,,,1,1,1,1,,,,,,,,,,,
132071,Serna,FLU,ATA,16,2,,,,,,,2,,2,2,,,,,,,,,,
132264,Arroyo,CRU,ATA,16,11.8,,1,,,,1,,,1,5,,1,,,,,,,,
136955,Sanabria,BAH,ATA,16,8,,,,,,,,,,,,1,,,,,,,,
137542,Kaique Kenji,CRU,ATA,16,0.5,,,,,,,,,,1,,,,,,,,,,
141337,Lucas Taverna,CFC,LAT,16,5.1,,1,,,,1,3,,,1,,,,,,,,,1,
141400,Huguinho,BOT,MEI,16,1.4,,,,,,1,2,,,1,,,,,,,,,,
141594,Pedro Gabriel,GRE,LAT,16,5.2,1,1,,,,1,1,,,,,,,,,,,,,
141595,Gabriel Mec,GRE,ATA,16,1.7,,1,,,,1,1,,,3,,,,,,,,,,
141754,Gabriel Bontempo,SAN,MEI,16,4.5,,,,,,2,,,,3,,,,,,,,,,
141776,Gustavo Henrique,SAN,MEI,16,2,,,,,,1,,,,1,,,,,,,,,,
141995,Dieguinho,COR,MEI,16,0,,,,,,,,,,,,,,,,,,,,
142004,Amuzu,GRE,ATA,16,3.3,,,,,,1,,,1,2,,,,,,,,,,
142086,Kauan Toledo,BOT,ATA,16,0.9,,,,,,,1,1,,,,,,,,,,,,
142257,Luis Eduardo,GRE,ZAG,16,-0.3,,,,,,,1,,,,,,,,,,,,,
142260,Bernardo Zortea,GRE,MEI,16,-0.6,,,,,,,2,,,,,,,,,,,,,
142279,Nuno Moreira,VAS,MEI,16,0.4,,1,,,,,2,1,1,,,,,,,,,,,
142867,Robinho Jr.,SAN,ATA,16,2.5,,,,,,1,1,,1,1,,,,,,,,,,
142877,Villalba,BOT,ATA,16,-1.6,,1,,,,,2,,,,,,,,,,,,,
142890,Montoro,BOT,MEI,16,0.7,,,,,,,1,,,2,,,,,,,,,,
143153,Tarzia,VIT,ATA,16,1.3,,,,,,,,,1,1,,,,,,,,,,
143173,Leonel Pérez,GRE,MEI,16,5.7,,,,,,4,1,,,,,,,,,,,,,
143193,Viveros,CAP,ATA,16,9.1,,,,,,,3,2,2,6,1,,,,,,,,,
145404,Arthur,PAL,LAT,16,1.1,,,,,,1,4,,1,,,,,,,,,,,
145563,João Ananias,SAN,ZAG,16,1.2,,1,,,,1,1,,,2,,,,,,,,,,
145660,Luiz Felipe,INT,LAT,16,0,,,,,,,,,,,,,,,,,,,,
145744,André,COR,MEI,16,-0.3,,,,,,,1,,,,,,,,,,,,,
146374,Gilberto Junior,CAP,LAT,16,3,,,,,,2,,,,,,,,,,,,,,
146375,Kadir,BOT,ATA,16,4.7,1,,,,,,1,,,,,,,,,,,,,
146430,Justino,BOT,ZAG,16,1.5,,,,,,1,,,,,,,,,,,,,,
146701,Benjamin Arhin,INT,MEI,16,-0.3,,,,,,,1,,,,,,,,,,,,,
147088,Cissé,CAM,MEI,16,9.2,,,,,,,,1,,,,1,,,,,,,,
147089,Cauã Soares,CAM,ATA,16,1.5,,,,,,1,,,,,,,,,,,,,,
147192,Claudinho,CAP,LAT,16,0.5,,,,,,,1,,1,,,,,,,,,,,
147560,Caio Suassuna,BAH,ATA,16,2,,,,,,1,,,,1,,,,,,,,,,
148092,Vitor Ramon,GRE,LAT,16,0.2,,1,,,,1,1,,,,,,,,,,,,,
149990,Franclim Carvalho,BOT,TEC,16,5.15,,,,,,,,,,,,,,,,,,,,1
149991,David,CFC,ATA,16,0,,,,,,,,,,,,,,,,,,,,
150180,Ramon Rique,VAS,MEI,16,4.7,1,,,,,,1,,,,,,,,,,,,,
37457,Léo Condé,REM,TEC,16,5.09,,,,,,,,,,,,,,,,,,,,1
37656,Fábio,FLU,GOL,16,6.8,,,,6,,,,,,,,,,1,,,,,,
39656,Alan Franco,CAM,MEI,16,2.7,,,,,,2,1,,,,,,,,,,,,,
39850,Vagner Mancini,RBB,TEC,16,7.34,,,,,,,,,,,,,,,,,,,,1
40990,Dorival Júnior,SAO,TEC,16,2.96,,,,,,,,,,,,,,,,,,,,
41929,Renato Gaúcho,?,?,16,3.37,,,,,,,,,,,,,,,,,,,,
42135,Willian,GRE,MEI,16,0.5,,,,,,,,,,1,,,,,,,,,,
42411,Cuca,SAN,TEC,16,2.73,,,,,,,,,,,,,,,,,,,,
42500,Fagner,CRU,LAT,16,1.4,,,,,,1,2,,,1,,,,,,,,,,
51413,Walter,MIR,GOL,16,0.9,,,,3,,,,,,,,,,3,,,,,,
51772,Everton Ribeiro,BAH,MEI,16,3.6,,,,,,2,2,1,,,,,,,,,,,,
61987,Alex Sandro,FLA,LAT,16,0.5,,,,,,,,,,1,,,,,,,,,,
63007,Neymar,SAN,MEI,16,3.9,,1,,,,1,2,1,1,4,,,,,,,,,,
63013,Marcos Rocha,GRE,LAT,16,2,,,,,,1,,,,1,,,,,,,,,,
63289,Edenílson,BOT,MEI,16,1.2,,,,,,1,1,,,,,,,,,,,,,
63354,Rodrigo Moledo,CFC,ZAG,16,7.5,,,,,,1,,,,2,,,,,,,,,1,
68708,Eduardo,MIR,MEI,16,4.5,,,,,,3,,,,,,,,,,,,,,
68806,Neto,?,?,16,0.3,,,,1,,,,,,,,,,1,,,,,,
68928,Rafael,SAO,GOL,16,-0.7,,,,1,,,,,,,,,,2,,,,,,
68996,Willian José,BAH,ATA,16,0.8,,,,,,,,,1,,,,,,,,,,,
69012,Santos,CAP,GOL,16,1.6,,,,2,,,,,,,,,,1,,,,,,
69783,Danilo,FLA,ZAG,16,0.4,,,1,,,2,3,,1,1,,,,,,,,,,
70360,Eduardo Sasha,RBB,ATA,16,-2.8,,,,,,,,1,,,,,,,,,1,,,
70592,Felipe Anderson,PAL,MEI,16,10.5,,,,,,1,2,,2,,,1,,,,,,,,
70666,Marllon,REM,ZAG,16,0,,,,,,,,,,,,,,,,,,,,
70944,Bruno Henrique,INT,MEI,16,1.5,,,,,,2,5,,,,,,,,,,,,,
70958,Jean Carlos,?,?,16,0,,,,,,,,,,,,,,,,,,,,
71043,Léo Vieira,BAH,GOL,16,-1,,,,,,,,,,,,,,1,,,,,,
71631,Weverton,GRE,GOL,16,4.2,,,,4,,,,,,,,,,1,,,,,,
71684,Gustavo Gómez,PAL,ZAG,16,1.6,,,,,,,1,1,1,,,,,,1,,,,,
72018,Tiago Volpi,RBB,GOL,16,15.6,,,,2,,,,,,,,1,,,,,,,1,
72294,Everson,CAM,GOL,16,0.3,,,,1,,,,,,,,,,1,,,,,,
72391,Fernando Diniz,COR,TEC,16,4.19,,,,,,,,,,,,,,,,,,,,
72460,Bernard,CAM,MEI,16,7,1,,,,,,1,,1,3,,,,,,,,,,
72493,Alex Telles,BOT,LAT,16,0.1,,1,,,,1,4,,1,,,,,,,,,,,
72951,Mercado,INT,ZAG,16,2.3,,,,,,2,2,,,,,,,,1,,,,,
73318,Daniel Borges,MIR,LAT,16,3.5,,,,,,1,1,,1,3,,,,,,,,,,
77485,Carrillo,COR,MEI,16,-0.7,,,,,,,4,,,1,,,,,,,,,,
77656,Cédric Soares,SAO,LAT,16,0,,,,,,,,,,,,,,,,,,,,
78117,Everaldo,BAH,ATA,16,3,,,,,,,,,,,1,,,,,,,,,
78248,Gustavo Henrique,COR,ZAG,16,1.6,,,,,,,,,2,,,,,,,,,,,
78478,Willian Arão,SAN,MEI,16,3,,,,,,2,,,,,,,,,,,,,,
78605,Gabriel,RBB,MEI,16,2.7,,,,,,1,,1,,,,,,,,,,,,
78850,Reinaldo,MIR,LAT,16,7.2,1,1,,,,2,1,,,1,,,,,,,,,,
78855,Thiago Santos,CFC,ZAG,16,9.4,,,,,,3,2,,,1,,,,,,,,,1,
79701,Lucas Silva,CRU,MEI,16,0.2,,1,,,,1,1,,,,,,,,,,,,,
80061,Saúl,FLA,MEI,16,5.7,,,,,,4,1,,,,,,,,,,,,,
80129,Jadson,CAP,MEI,16,3.2,,1,,,,2,1,,,3,,,,,,,,,,
80196,Yago Pikachu,REM,MEI,16,9,,,,,,,,,,2,,1,,,,,,,,
80313,Gilberto,CAP,LAT,16,3,,,,,,2,,,,,,,,,,,,,,
80570,Wendell,SAO,LAT,16,-0.1,,,,,,,2,,,1,,,,,,,,,,
81150,Mayke,SAN,LAT,16,1.7,,,,,,1,1,,,1,,,,,,,,,,
81720,Lingard,COR,ATA,16,3.7,1,1,,,,,1,,,,,,,,,,,,,
81952,Willian Oliveira,?,?,16,2,,,,,,1,,,,1,,,,,,,,,,
82730,Marcelo Rangel,REM,GOL,16,5.8,,,,6,,,,,,,,,,2,,,,,,
82775,Lucas Ramon,SAO,LAT,16,4.8,,,,,,2,,,1,2,,,,,,,,,,
83257,Gabriel,SAN,ATA,16,0.3,,1,,,,,1,,2,,,,,,,,,,,
83433,Patrick,REM,MEI,16,0.2,,,,,,,1,,,1,,,,,,,,,,
83528,Léo Pereira,FLA,ZAG,16,2.6,,,,,,,,,2,2,,,,,,,,,,
84042,Tiquinho Soares,?,?,16,1.2,,,,,,,,1,,,,,,,,,,,,
84339,Bruno Melo,CFC,LAT,16,5,,,,,,,,,,,,,,,,,,,1,
84558,Lucas Romero,CRU,MEI,16,4.4,,,,,,3,2,,,1,,,,,,,,,,
84626,Josué,CFC,MEI,16,13.9,1,1,,,,1,3,,1,1,,1,,,,,,,,
84674,Lucas Evangelista,PAL,MEI,16,0.9,,,,,,1,2,,,,,,,,,,,,,
84816,Varela,FLA,LAT,16,5.7,,,,,,4,1,,,,,,,,,,,,,
84847,Luan Peres,SAN,ZAG,16,-0.3,,,,,,,1,,,,,,,,,,,,,
85403,Danielzinho,SAO,MEI,16,1.2,,,,,,,,1,,,,,,,,,,,,
86686,Tchê Tchê,VAS,MEI,16,2.2,,,,,,1,1,,,2,,,,,,,,,,
86757,Everton,FLA,ATA,16,0.5,,,,,,,,,,1,,,,,,,,,,
86859,José Welison,REM,MEI,16,5.4,,,,,,4,2,,,,,,,,,,,,,
87008,Léo Jardim,VAS,GOL,16,-0.1,,,,3,,,,,,,,,,4,,,,,,
87225,Pedro Henrique,RBB,ZAG,16,3.7,,1,,,,,1,,,,,,,,,,,,1,
87228,Guilherme Arana,FLU,LAT,16,4.3,,,,,,1,,1,2,,,,,,,,,,,
87258,Soteldo,FLU,ATA,16,0,,,,,,,,,,,,,,,,,,,,
87552,Vitor Bueno,REM,MEI,16,5,1,,,,,,,,,,,,,,,,,,,
88037,Luís Castro,GRE,TEC,16,3.71,,,,,,,,,,,,,,,,,,,,
88293,Neto Pessoa,CHA,ATA,16,14.1,1,,,,,,3,1,1,,,1,,,,,,,,
88312,Junior Alonso,?,?,16,1.5,,,,,,1,,,,,,,,,,,,,,
88393,Ayrton Lucas,FLA,LAT,16,0,,,,,,,,,,,,,,,,,,,,
88963,Leonardo Jardim,FLA,TEC,16,4.01,,,,,,,,,,,,,,,,,,,,
89256,Gerson,CRU,MEI,16,4.5,,,,,,2,,,,3,,,,,,,,,,
89274,Andreas Pereira,PAL,MEI,16,3.1,,,,,,1,,,2,,,,,,,,,,,
89368,Braithwaite,GRE,ATA,16,0.2,,,,,,,1,,,1,,,,,,,,,,
89837,Lucho Acosta,FLU,MEI,16,5.5,1,,,,,,,,,1,,,,,,,,,,
89918,Everton Galdino,?,?,16,-0.3,,,,,,,1,,,,,,,,,,,,,
90031,Mendoza,CAP,ATA,16,10.8,,,,,,,,1,2,,,1,,,,,,,,
90061,Bruno Pacheco,CHA,LAT,16,11.7,1,,,,,4,2,,1,1,,,,,,,,,,
90285,Bruno Henrique,FLA,ATA,16,5.8,1,,,,,,,,1,,,,,,,,,,,
90302,Pedro Rocha,CFC,ATA,16,5,1,,,,,,,,,,,,,,,,,,,
90309,David,VAS,ATA,16,0,,,,,,,,,,,,,,,,,,,,
90588,Caíque,VIT,MEI,16,1.5,,,,,,1,,,,2,,,,,,1,,,,
90703,Matheuzinho,VIT,MEI,16,3.4,,,,,,,,,3,2,,,,,,,,,,
90768,Fabrício Bruno,CRU,ZAG,16,2.7,,,,,,2,1,,,,,,,,,,,,,
90917,Carlos Eduardo,MIR,ATA,16,1.2,,,,,,,2,,1,2,,,,,,,,,,
91772,David Duarte,BAH,ZAG,16,1.4,,,,,,,1,1,,1,,,,,,,,,,
92087,Lyanco,CAM,ZAG,16,0,,,,,,,,,,,,,,,,,,,,
92171,Arthur Cabral,BOT,ATA,16,26,,1,,,,1,2,,2,1,,3,,,,,,,,
92180,Jair Ventura,VIT,TEC,16,3.03,,,,,,,,,,,,,,,,,,,,
92182,Juninho,INT,ZAG,16,1.5,,,,,,1,,,,,,,,,,,,,,
92273,Odair Hellmann,CAP,TEC,16,4.19,,,,,,,,,,,,,,,,,,,,
92440,André Ramalho,COR,ZAG,16,1.3,,,,,,,,,1,1,,,,,,,,,,
92747,Eduardo Domínguez,CAM,TEC,16,7.59,,,,,,,,,,,,,,,,,,,,1
92854,Borré,?,?,16,0.8,,,,,,,,,1,,,,,,,,,,,
92981,Ronaldo,INT,MEI,16,0,,,,,,,,,,,,,,,,,,,,
93368,Lucas Veríssimo,SAN,ZAG,16,0.8,,,,,,,,,1,,,,,,,,,,,
93790,Marlon Freitas,PAL,MEI,16,0.9,,,,,,1,2,,,,,,,,,,,,,
93988,Breno Lopes,CFC,ATA,16,21,,,,,,2,,,,2,,2,,,,,,1,,
94154,Maycon,CAM,MEI,16,10.7,,,,,,1,,1,,,,1,,,,,,,,
94514,Lucas Oliveira,MIR,ZAG,16,3,,,,,,2,,,,,,,,,,,,,,
94583,Pedro,FLA,ATA,16,8.8,,,,,,,,,1,,,1,,,,,,,,
94930,Lucas Paquetá,FLA,MEI,16,4.5,,,,,,2,1,,1,2,,,,,,,,,,
94968,Juninho Capixaba,RBB,LAT,16,6.1,,1,,,,,3,,,,1,,,,,,,,1,
95332,Marcinho,CHA,ATA,16,2.5,,,,,,,,1,1,1,,,,,,,,,,
95362,Cassierra,CAM,ATA,16,1.6,,,,,,,,,1,2,,,,,2,,,,,
95556,Raniele,COR,MEI,16,8.2,,,,,,3,1,,,2,1,,,,,,,,,
95620,Bruno Leonardo,CHA,ZAG,16,-3,,,,,,,,,,,,,1,,,,,,,
95799,Artur,SAO,ATA,16,6.9,1,1,,,,1,1,1,,1,,,,,,,,,,
96591,Renan Lodi,CAM,LAT,16,8.6,,,,,,4,2,,1,3,,,,,1,,,1,,
96610,Matheus Pereira,CRU,MEI,16,1.3,,1,,,,,1,1,,3,,,,,1,,,,,
96652,Allan,COR,MEI,16,0,,,,,,,,,,,,,,,,,,,,
96870,Emerson Royal,FLA,LAT,16,0,,,,,,,,,,,,,,,,,,,,
97095,Carlos Cuesta,VAS,ZAG,16,-0.6,,,1,,,2,2,,,,,,,,,,,,,
97321,Alesson,MIR,ATA,16,6.7,,,,,,4,,,1,,,,,,1,,,,,
97341,Rogério Ceni,BAH,TEC,16,3.55,,,,,,,,,,,,,,,,,,,,
97460,João Victor,MIR,ZAG,16,1.2,,,,,,1,1,,,,,,,,,,,,,
97520,Shaylon,MIR,MEI,16,-0.3,,,,,,,1,,,,,,,,,,,,,
97653,Murilo,PAL,ZAG,16,1.4,,1,,,,2,2,,,,,,,,,,,,,
97795,Marcelinho,REM,LAT,16,5,,1,,,,1,1,1,2,4,,,,,,,,,,
97810,Erick,VIT,ATA,16,1.5,,,,,,,,,,3,,,,,,,,,,
97867,Léo Ortiz,FLA,ZAG,16,2.9,,,,,,2,2,,,1,,,,,,,,,,
97868,Iago,BAH,LAT,16,-0.6,,,,,,,2,,,,,,,,,,,,,
97899,Matheus Bahia,INT,LAT,16,4.8,,1,,,,3,,,,3,,,,,2,,,,,
97900,Vitão,FLA,ZAG,16,0,,,,,,,,,,,,,,,,,,,,
97911,Lucas Silva,VIT,ATA,16,0.5,,,,,,,,,,1,,,,,,,,,,
97969,Marcos Vinícius,?,?,16,2.6,,,,,,2,1,,,,,,,,1,,,,,
98022,Erick,BAH,MEI,16,0.4,,1,,,,1,2,,,1,,,,,,,,,,
98225,Pedro Raul,COR,ATA,16,0,,,,,,,,,,,,,,,,,,,,
98484,Kanu,BAH,ZAG,16,-1.4,,1,,,,,1,,,,,,,,1,,,,,
98672,Savarino,FLU,MEI,16,-0.2,,1,,,,,,,1,,,,,,,,,,,
98873,Samuel Lino,FLA,ATA,16,1.4,,,,,,,1,1,,1,,,,,,,,,,
98909,Cuello,CAM,ATA,16,6,,,,,,3,1,,1,2,,,,,,,,,,
99213,Puma Rodríguez,VAS,LAT,16,1.2,,,,,,1,1,,,,,,,,,,,,,
99274,Alexander Barboza,PAL,ZAG,16,4.7,,1,,,,4,5,1,,,,,,,,,,,,
99366,Luis Zubeldía,FLU,TEC,16,5.53,,,,,,,,,,,,,,,,,,,,1
99440,Baralhas,VIT,MEI,16,4.2,,,,,,3,1,,,,,,,,,,,,,
99552,Rossi,FLA,GOL,16,4.2,,,,4,,,,,,,,,,1,,,,,,
99789,Brenner,VAS,ATA,16,1.8,,,,,,,,,1,2,,,,,,,,,,
99815,Arias,PAL,MEI,16,11.5,,,,,,6,1,,1,4,,,,,,,,,,
99818,Paulinho,PAL,ATA,16,1.3,,,,,,,,,1,1,,,,,,,,,,
100652,Yuri Alberto,COR,ATA,17,0.2,,1,,,,1,1,,,,,,,,,,,,,
100695,Fernando,RBB,ATA,17,9.5,,,,,,1,,,,,,1,,,,,,,,
100742,Matheus Henrique,CRU,MEI,17,0,,,,,,,,,,,,,,,,,,,,
100804,Tchamba,REM,ZAG,17,1,,,,,,,,,,2,,,,,,,,,,
100842,Ruan,CAM,ZAG,17,-0.3,,1,,,,,1,,,2,,,,,,,,,,
100848,Luan Cândido,VIT,LAT,17,9.7,1,,,,,,1,,,,,,,,,,,,1,
100898,Vitinho,BOT,LAT,17,3.8,,,,,,2,2,,,3,,,,,1,,,,,
100987,Nonato,FLU,MEI,17,-0.1,,1,,,,1,2,,,,,,,,,,,,,
101254,Alef Manga,REM,ATA,17,2,,,,,,1,2,,1,1,,,,,2,,,,,
101290,Ferreira,SAO,ATA,17,3.8,,,,,,1,1,,2,2,,,,,,,,,,
101314,Ademir,BAH,ATA,17,-0.8,,1,,,,,2,,1,,,,,,,,,,,
101393,Eduardo Doma,CHA,ZAG,17,0.5,,1,,,,1,,,,,,,,,,,,,,
101405,Wallisson,MIR,MEI,17,0,,,,,,,,,,,,,,,,,,,,
101574,Hugo Souza,COR,GOL,17,5,,,,,,,,,,,,,,,,,,,1,
101594,Hugo Moura,?,?,17,0,,,,,,,,,,,,,,,,,,,,
101715,Alerrandro,INT,ATA,17,3,,,,,,,2,2,1,1,,,,,1,,,,,
101727,Matheuzinho,COR,LAT,17,10.9,1,,,,,,1,1,,,,,,,,,,,1,
101729,Fabinho,CFC,ATA,17,0,,,,,,,,,,,,,,,,,,,,
101820,Mayk,REM,LAT,17,0.5,,,,,,,,,,1,,,,,,,,,,
101908,Willian Machado,MIR,ZAG,17,10.4,,,,,,3,1,1,,,,,,,,,,,1,
101960,Vitinho,INT,ATA,17,2.8,,,,,,1,1,,2,,,,,,,,,,,
102318,Caio Paulista,GRE,LAT,17,-0.3,,,,,,,1,,,,,,,,,,,,,
102340,Cacá,VIT,ZAG,17,3.7,,1,,,,,1,,,,,,,,,,,,1,
102667,Nathan Fogaça,?,?,17,-0.2,,,,,,,,,,,,,,,2,,,,,
102796,Julimar,?,?,17,5,,,,,,2,,1,1,,,,,,,,,,,
102877,Gabriel Poveda,REM,ATA,17,2,,,,,,1,,,,1,,,,,,,,,,
102906,Anderson,CHA,GOL,17,4.5,,,,5,,,,,,,,,,2,,,,,,
102911,Zé Ricardo,REM,MEI,17,0,,,,,,,,,,,,,,,,,,,,
102975,Escobar,SAN,LAT,17,5.2,,,,,,2,,1,,2,,,,,,,,,,
103056,Gabriel Brazão,SAN,GOL,17,-0.4,,,,2,,,,,,,,,,3,,,,,,
103179,Chris Ramos,?,?,17,-0.5,,1,,,,,1,,1,,,,,,,,,,,
103295,Eric Ramires,RBB,MEI,17,2.7,,,,,,1,1,,,1,,,,,,,,1,,
103347,Matheus Alexandre,REM,LAT,17,1.2,,,,,,1,1,,,,,,,,,,,,,
103388,Emmanuel Martínez,VIT,MEI,17,2.4,,,,,,,1,1,,3,,,,,,,,,,
103445,Kaio Jorge,CRU,ATA,17,9.7,,,,,,,1,1,1,,,1,,,,,,,,
103987,Higor Meritão,?,?,17,0.6,,,,,,,2,1,,,,,,,,,,,,
104027,Rafael Guanaes,MIR,TEC,17,8.2,,,,,,,,,,,,,,,,,,,,1
104036,Labyad,COR,MEI,17,7.4,,,,,,,2,,,,,1,,,,,,,,
104075,Sabino,SAO,ZAG,17,1.2,,,,,,1,1,,,,,,,,,,,,,
104084,Carlos Miguel,PAL,GOL,17,7.9,,1,,3,,,,,,,,,,,,,,,1,
104118,Lucas Arcanjo,VIT,GOL,17,7.6,,,,2,,,,,,,,,,,,,,,1,
104204,Edson Carioca,MIR,ATA,17,3.4,,,,,,2,3,,1,1,,,,,,,,,,
104470,Everton,CHA,LAT,17,0.5,,,,,,,,,,1,,,,,,,,,,
104502,Christian,?,?,17,6.2,1,,,,,1,1,,,,,,,,,,,,,
104666,Moisés,SAN,ATA,17,0,,,,,,,,,,,,,,,,,,,,
104783,Acevedo,BAH,MEI,17,-1.9,,1,,,,,3,,,,,,,,,,,,,
104811,Sebastián Gómez,CFC,MEI,17,6.2,,,,,,3,2,,1,3,,,,,,,,,,
104994,Wagner Leonardo,GRE,ZAG,17,1.5,,,,,,1,,,,,,,,,,,,,,
105048,Jajá,REM,ATA,17,5,,,1,,,,,,,,,1,,,,,,,,
105089,Tetê,GRE,ATA,17,9.2,,,,,,1,1,,,,,1,,,,,,,,
105157,Villagra,INT,MEI,17,1.7,,,,,,,1,,,4,,,,,,,,,,
105213,Sant'Anna,RBB,LAT,17,6.4,,,,,,,1,1,,1,,,,,,,,,1,
105214,Santi Rodríguez,BOT,MEI,17,4.9,,,,,,2,2,,,5,,,,,,,,,,
105300,Ferraresi,BOT,ZAG,17,2.2,,,,,,1,2,,1,1,,,,,,,,,,
105436,Carrascal,FLA,MEI,17,-3.3,,,1,,,,1,,,,,,,,,,,,,
105518,Renan Peixoto,CAP,ATA,17,-0.4,,,,,,,1,,,,,,,,1,,,,,
105531,Matheus Bidu,COR,LAT,17,8.5,,,,,,2,3,,,3,,,,,1,,,,1,
105563,Carlos Vinícius,GRE,ATA,17,16.9,,,,,,,,,,2,,2,,,1,,,,,
105584,Lucas Piton,VAS,LAT,17,0,,,,,,,,,,,,,,,,,,,,
105647,Maurício,PAL,MEI,17,0.9,,,,,,,1,1,,,,,,,,,,,,
105903,Aldo Filho,MIR,MEI,17,5,,,,,,3,,,,1,,,,,,,,,,
106104,Enamorado,GRE,ATA,17,1.4,,,,,,1,2,,,1,,,,,,,,,,
106202,Bruno Gomes,INT,MEI,17,6.2,,1,,,,3,2,,1,5,,,,,,,,,,
107173,Michel Araújo,BAH,MEI,17,2.3,,,,,,1,,,1,,,,,,,,,,,
107174,Bruno Tabata,?,?,17,0,,,,,,,,,,,,,,,,,,,,
107236,Vanderlan,RBB,LAT,17,-1,,1,,,,,,,,,,,,,,,,,,
107453,João Paulo,CHA,ZAG,17,12.3,,,,,,2,1,,2,,,1,,,,,,,,
107516,Ênio,CHA,ATA,17,4.9,,,,,,2,3,,1,4,,,,,,,,,,
107554,Natanael,CAM,LAT,17,3.7,,,,,,2,1,,,2,,,,,,,,,,
108131,Garcez,CHA,ATA,17,0.2,,,,,,,1,,,1,,,,,,,,,,
108133,Isidro Pitta,RBB,ATA,17,15.5,1,,,,,,1,1,2,,,1,,,,,,,,
108469,Adonis Frías,SAN,ZAG,17,0.8,,,,,,,,,1,,,,,,,,,,,
108588,Tapia,SAO,ATA,17,0.6,,1,,,,,,,2,,,,,,,,,,,
108683,Emiliano Martínez,PAL,MEI,17,4.5,,,,,,3,,,,,,,,,,,,,,
109096,Plata,FLA,ATA,17,1.3,,,,,,,,,1,1,,,,,,,,,,
109127,Tiago Cóser,CFC,ZAG,17,0.9,,,,,,1,2,,,,,,,,,,,,,
109336,Rafael Carvalheira,CHA,MEI,17,-2,,1,,,,,,,,,,,,,,1,,,,
109401,Erick Pulga,BAH,ATA,17,7.7,,,,,,,1,,,,,1,,,,,,,,
110144,Spinelli,VAS,ATA,17,5.2,,,,,,1,1,2,2,,,,,,,,,,,
110426,Bernabei,INT,LAT,17,-0.1,,,1,,,1,5,,3,1,,,,,,,,,,
110506,Abel Ferreira,PAL,TEC,17,9.71,,,,,,,,,,,,,,,,,,,,1
110605,Vinícius Balieiro,CHA,MEI,17,1,,,,,,,,,,2,,,,,,,,,,
110708,Pedro Rangel,CFC,GOL,17,-2,,,,,,,,,,,,,,2,,,,,,
110750,Gustavo Marques,RBB,ZAG,17,6.5,,,,,,1,,,,,,,,,,,,,1,
110759,John Kennedy,FLU,ATA,17,3,,,,,,1,2,,2,1,,,,,,,,,,
111246,Alix Vinicius,RBB,ZAG,17,9.7,,,,,,3,2,,1,,,,,,,,,,1,
111466,Victor Gabriel,INT,ZAG,17,0,,,,,,,,,,,,,,,,,,,,
111682,Adson,VAS,MEI,17,4.6,,,,,,2,2,1,,2,,,,,,,,,,
111683,Anthoni,INT,GOL,17,0.6,,,,2,,,,,,,,,,2,,,,,,
111832,Jefté,PAL,LAT,17,9.6,1,,,,,,1,,,,,,,,1,,,,1,
111945,Diego Hernández,?,?,17,0.9,,,,,,,1,1,,,,,,,,,,,,
112017,Felipinho,CAP,MEI,17,-1.9,,1,,,,,3,,,,,,,,,,,,,
112576,Vini Paulista,CFC,MEI,17,0.4,,,,,,,,,,1,,,,,1,,,,,
112709,Kaiki Bruno,?,?,17,4.3,,,,,,2,1,,2,,,,,,,,,,,
113034,Freytes,FLU,ZAG,17,0.5,,1,,,,1,,,,,,,,,,,,,,
113103,Flaco López,PAL,ATA,17,11.3,,1,,,,2,1,1,,1,,1,,,1,,,,,
113113,Benavídez,CAP,LAT,17,0.4,,,,,,,2,,,2,,,,,,,,,,
113125,Picco,REM,MEI,17,3,,,,,,2,,,,,,,,,,,,,,
113157,Nathan Mendes,VIT,LAT,17,8.5,,,,,,2,,,,1,,,,,,,,,1,
113359,Pablo Maia,SAO,MEI,17,1.1,,,,,,1,3,,,1,,,,,,,,,,
113397,Cristian Olivera,BAH,ATA,17,1.8,,,,,,,,,1,2,,,,,,,,,,
114040,Minda,CAM,ATA,17,0,,,,,,,,,,,,,,,,,,,,
114405,Sinisterra,CRU,ATA,17,9.7,,,,,,,1,1,1,,,1,,,,,,,,
115025,Miguelito,SAN,MEI,17,12.9,1,,,,,5,2,,,2,,,,,,,,,,
115479,Paulo Pezzolano,INT,TEC,17,2.6,,,,,,,,,,,,,,,,,,,,
115914,Evertton Araújo,FLA,MEI,17,3.5,,,,,,2,1,,1,,,,,,,,,,,
115986,Denilson,MIR,MEI,17,13.7,,1,,,,3,1,1,1,1,,1,,,,,,,,
116034,Victor Hugo,CAM,MEI,17,1,,,,,,,,,,2,,,,,,,,,,
116065,Cuiabano,VAS,LAT,17,3.2,,,,,,,,1,,4,,,,,,,,,,
116447,Hércules,FLU,MEI,17,0.2,,,,,,,2,,1,,,,,,,,,,,
116461,Jamerson,VIT,LAT,17,7.8,,,,,,1,,,1,1,,,,,,,,,1,
116706,Andrés Gómez,VAS,ATA,17,2,,1,,,,1,1,,1,2,,,,,,,,,,
117330,Robert Renan,VAS,ZAG,17,-0.3,,,,,,,1,,,,,,,,,,,,,
117404,Otávio,CRU,GOL,17,2.9,,,,3,,,,,,,,,,1,,,,,,
117632,Garro,COR,MEI,17,3.8,,,,,,1,3,1,,4,,,,,,,,,,
117910,Breno Bidon,COR,MEI,17,0.6,,,,,,,2,,1,1,,,,,1,,,,,
117930,Lavega,CFC,ATA,17,13.5,1,,,,,,,,,1,,1,,,,,,,,
118563,Rodriguinho,RBB,MEI,17,9.9,,1,,,,,2,,,1,1,1,,,,,,,,
118655,Saldivia,VAS,ZAG,17,1.2,,,,,,1,1,,,,,,,,,,,,,
118775,Lautaro Díaz,SAN,ATA,17,0,,,,,,,,,,,,,,,,,,,,
118844,Kaio César,COR,ATA,17,4.2,,,,,,1,1,1,1,2,,,,,,,,,,
122394,Gustavinho,RBB,MEI,17,0,,,,,,,,,,,,,,,,,,,,
122485,Barros,VAS,MEI,17,1.7,,,,,,1,2,,1,2,,,,,,1,,,,
122573,Wallace Yan,FLA,ATA,17,-0.5,,1,,,,,,,,1,,,,,,,,,,
123101,Leozinho,CAP,ATA,17,1.5,,1,,,,,,1,1,1,,,,,,,,,,
123738,Herrera,RBB,ATA,17,0.2,,,,,,,1,,,1,,,,,,,,,,
123869,Aguirre,CAP,ZAG,17,3.8,,,,,,2,1,1,,,,,,,1,,,,,
124239,Henry Mosquera,RBB,ATA,17,7.1,1,1,,,,,2,2,1,1,,,,,,,,,,
124270,Allex,INT,MEI,17,0.8,,,,,,,,,1,,,,,,,,,,,
124526,Giay,PAL,LAT,17,6.7,,1,,,,1,5,1,,3,,,,,,,,,1,
124912,Jonathan Jesus,CRU,ZAG,17,5.8,,,,,,3,,,1,1,,,,,,,,,,
125467,Viery,?,?,17,6.7,,,,,,3,1,1,1,1,,,,,,,,,,
125926,Zapelli,CAP,MEI,17,-0.4,,1,,,,,2,1,,,,,,,,,,,,
126977,Fernando Seabra,CFC,TEC,17,6.25,,,,,,,,,,,,,,,,,,,,1
127273,Artur Jorge,CRU,TEC,17,6.77,,,,,,,,,,,,,,,,,,,,1
128433,Johan Rojas,VAS,MEI,17,0.8,,,,,,1,2,,,,,,,,1,,,,,
130048,Noriega,GRE,ZAG,17,3.3,,,,,,1,,,1,2,,,,,,,,,,
130209,Renê,VIT,ATA,17,10.4,,,,,,1,2,,,3,,1,,,,,,,,
130620,Edenílson,VIT,MEI,17,0,,,,,,,,,,,,,,,,,,,,
130650,Bernal,?,?,17,4.2,,,,,,2,,1,,,,,,,,,,,,
130843,Arthur Dias,CAP,ZAG,17,1.5,,,,,,1,,,,,,,,,,,,,,
130847,Zé Breno,?,?,17,0,,,,,,,,,,,,,,,,,,,,
130906,Riquelme,CAP,MEI,17,2.9,,1,,,,2,1,1,,,,,,,,,,,,
131516,JP Chermont,CFC,LAT,17,0.2,,,,,,,1,,,1,,,,,,,,,,
131967,Villarreal,CRU,ATA,17,0,,,,,,,,,,,,,,,,,,,,
132071,Serna,FLU,ATA,17,1.9,,,,,,1,2,,,2,,,,,,,,,,
132274,Ignacio Sosa,RBB,MEI,17,-0.3,,,,,,,1,,,,,,,,,,,,,
132412,Román Gómez,BAH,LAT,17,0.1,,1,,,,1,4,,1,,,,,,,,,,,
132553,Jemmes,FLU,ZAG,17,6.5,,,,,,3,1,,1,3,,,,,,,,,,
136955,Sanabria,BAH,ATA,17,3.5,,,,,,1,2,,2,2,,,,,,,,,,
137542,Kaique Kenji,CRU,ATA,17,1.9,,1,,,,,1,2,1,,,,,,,,,,,
140484,Riquelme Felipe,FLU,ATA,17,0.2,,,,,,,1,,,1,,,,,,,,,,
141337,Lucas Taverna,CFC,LAT,17,1.2,,,,,,1,1,,,,,,,,,,,,,
141400,Huguinho,BOT,MEI,17,3.4,,,,,,2,2,,,2,,,,,,,,,,
141451,Allan,PAL,MEI,17,18.1,1,,,,,4,3,,,,,1,,,,,,,,
141615,Pedro Ferreira,SAO,MEI,17,1.9,,,,,,,1,1,,2,,,,,,,,,,
141754,Gabriel Bontempo,SAN,MEI,17,6.3,1,,,,,,,,1,1,,,,,,,,,,
141776,Gustavo Henrique,SAN,MEI,17,0.6,,,1,,,2,3,,,3,,,,,,,,,,
142004,Amuzu,GRE,ATA,17,6.3,1,,,,,,,,1,1,,,,,,,,,,
142086,Kauan Toledo,BOT,ATA,17,3.4,,,,,,2,2,,,2,,,,,,,,,,
142257,Luis Eduardo,GRE,ZAG,17,-0.3,,,,,,,1,,,,,,,,,,,,,
142484,Barrera,BOT,MEI,17,11.7,,,,,,1,,1,,2,,1,,,,,,,,
142867,Robinho Jr.,SAN,ATA,17,0,,,,,,,,,,,,,,,,,,,,
142877,Villalba,BOT,ATA,17,2,,,,,,1,,,,1,,,,,,,,,,
142890,Montoro,BOT,MEI,17,-1,,1,,,,,,,,,,,,,,,,,,
143153,Tarzia,VIT,ATA,17,8.5,,,,,,,1,,1,,,1,,,,,,,,
143173,Leonel Pérez,GRE,MEI,17,7.1,,,,,,4,3,1,1,,,,,,,,,,,
143193,Viveros,CAP,ATA,17,17.4,,,,,,,3,2,,,,2,,,1,,,,,
143463,Wesley Natã,FLU,ATA,17,-0.3,,,,,,,1,,,,,,,,,,,,,
143600,Kauã Moraes,CRU,LAT,17,6.1,,,,,,4,3,,,2,,,,,,,,,,
145404,Arthur,PAL,LAT,17,10.4,,,,,,4,2,,,,,,,,,,,,1,
145744,André,COR,MEI,17,3.8,,,,,,2,,,1,,,,,,,,,,,
146374,Gilberto Junior,CAP,LAT,17,1.4,,,,,,1,,,,,,,,,1,,,,,
146375,Kadir,BOT,ATA,17,5.7,,,,,,1,2,2,3,,,,,,,,,,,
146430,Justino,BOT,ZAG,17,1.5,,1,,,,1,,,,2,,,,,,,,,,
147088,Cissé,CAM,MEI,17,0.2,,,,,,,1,,,1,,,,,,,,,,
147089,Cauã Soares,CAM,ATA,17,0,,,,,,,,,,,,,,,,,,,,
147192,Claudinho,CAP,LAT,17,10.4,1,,,,,2,1,1,,3,,,,,,,,,,
147883,João Vitor,VAS,ATA,17,10.5,,,,,,7,,,,,,,,,,,,,,
148124,Vinicius,CHA,ZAG,17,-1.3,,1,,,,,1,,,,,,,,,,,,,
148215,Djhordney,SAO,MEI,17,1.2,,,,,,1,1,,,,,,,,,,,,,
149990,Franclim Carvalho,BOT,TEC,17,4,,,,,,,,,,,,,,,,,,,,
150197,Osorio,SAO,ZAG,17,1.2,,,,,,1,1,,,,,,,,,,,,,
150757,Samuel Pierri,SAN,MEI,17,0,,,,,,,,,,,,,,,,,,,,
150825,Breno,RBB,ZAG,17,6.7,,,,,,1,1,,,1,,,,,,,,,1,
150959,Davizinho,SAN,LAT,17,0,,,,,,,,,,,,,,,,,,,,
37457,Léo Condé,REM,TEC,17,4.19,,,,,,,,,,,,,,,,,,,,
37656,Fábio,FLU,GOL,17,8.1,,,,7,,,,,,,,,,1,,,,,,
39656,Alan Franco,CAM,MEI,17,0.9,,,,,,1,2,,,,,,,,,,,,,
39850,Vagner Mancini,RBB,TEC,17,10.21,,,,,,,,,,,,,,,,,,,,1
40990,Dorival Júnior,SAO,TEC,17,3.5,,,,,,,,,,,,,,,,,,,,
41929,Renato Gaúcho,?,?,17,3.65,,,,,,,,,,,,,,,,,,,,
42411,Cuca,SAN,TEC,17,4.86,,,,,,,,,,,,,,,,,,,,
42500,Fagner,CRU,LAT,17,-0.3,,,,,,,1,,,,,,,,,,,,,
51413,Walter,MIR,GOL,17,6.3,,,,1,,,,,,,,,,,,,,,1,
51772,Everton Ribeiro,BAH,MEI,17,9,1,,,,,2,1,,1,1,,,,,,,,,,
61987,Alex Sandro,FLA,LAT,17,1.5,,,,,,,,,,3,,,,,,,,,,
63013,Marcos Rocha,GRE,LAT,17,0,,,,,,,,,,,,,,,,,,,,
63289,Edenílson,BOT,MEI,17,0,,,,,,,,,,,,,,,,,,,,
68685,Alan Patrick,INT,MEI,17,0,,,,,,,,,,,,,,,,,,,,
68708,Eduardo,MIR,MEI,17,0.5,,,,,,,,,,1,,,,,,,,,,
68806,Neto,?,?,17,1.6,,,,2,,,,,,,,,,1,,,,,,
68928,Rafael,SAO,GOL,17,4.5,,1,,5,,,,,,,,,,1,,,,,,
68952,Marinho,VIT,ATA,17,2.5,,,,,,1,,,,2,,,,,,,,,,
68996,Willian José,BAH,ATA,17,6.5,1,,,,,1,,,,,,,,,,,,,,
69012,Santos,CAP,GOL,17,0.3,,,,1,,,,,,,,,,1,,,,,,
69208,Gabriel Paulista,COR,ZAG,17,7,,,,,,1,,,,1,,,,,,,,,1,
70360,Eduardo Sasha,RBB,ATA,17,-1.2,,,,,,1,,,1,1,,,,,,,1,,,
70592,Felipe Anderson,PAL,MEI,17,1.5,,,,,,1,,,,,,,,,,,,,,
70666,Marllon,REM,ZAG,17,2.7,,,,,,2,1,,,,,,,,,,,,,
70944,Bruno Henrique,INT,MEI,17,2,,,,,,1,1,,1,,,,,,,,,,,
70958,Jean Carlos,?,?,17,0.7,,,,,,,,,1,,,,,,1,,,,,
71043,Léo Vieira,BAH,GOL,17,1.8,,,,1,,,,,,1,,,,,,,,,,
71123,Thiago Mendes,VAS,MEI,17,2.9,,,,,,,1,1,,4,,,,,,,,,,
71631,Weverton,GRE,GOL,17,0.6,,,,2,,,,,,,,,,2,,,,,,
71684,Gustavo Gómez,PAL,ZAG,17,6.5,,,,,,1,,,,,,,,,,,,,1,
72018,Tiago Volpi,RBB,GOL,17,12.8,,,,6,,,,,,,,,,,,,,,1,
72294,Everson,CAM,GOL,17,2.9,,,,3,,,,,,,,,,1,,,,,,
72391,Fernando Diniz,COR,TEC,17,7.16,,,,,,,,,,,,,,,,,,,,1
72460,Bernard,CAM,MEI,17,4.1,,,,,,2,2,,1,2,,,,,1,,,,,
72951,Mercado,INT,ZAG,17,0.9,,,,,,1,2,,,,,,,,,,,,,
73318,Daniel Borges,MIR,LAT,17,7.9,,,,,,1,1,1,,1,,,,,,,,,1,
73384,Samuel Xavier,FLU,LAT,17,4,,,,,,2,1,,1,1,,,,,,,,,,
77485,Carrillo,COR,MEI,17,0,,,,,,,,,,,,,,,,,,,,
78117,Everaldo,BAH,ATA,17,8,,,,,,,,,,,,1,,,,,,,,
78248,Gustavo Henrique,COR,ZAG,17,8.8,,,,,,2,,,1,,,,,,,,,,1,
78445,Renê,FLU,LAT,17,10,,,,,,6,,,,2,,,,,,,,,,
78478,Willian Arão,SAN,MEI,17,3,,,,,,,,,,,1,,,,,,,,,
78605,Gabriel,RBB,MEI,17,4.5,,,,,,3,,,,,,,,,,,,,,
78850,Reinaldo,MIR,LAT,17,6.4,,1,,,,,1,1,,3,,,,,,,,,1,
78855,Thiago Santos,CFC,ZAG,17,5.4,,,,,,3,2,,,3,,,,,,,,,,
79631,Cano,FLU,ATA,17,0,,,,,,,,,,,,,,,,,,,,
80061,Saúl,FLA,MEI,17,1.5,,,,,,1,,,,,,,,,,,,,,
80129,Jadson,CAP,MEI,17,16,1,,,,,7,,,,1,,,,,,,,,,
80196,Yago Pikachu,REM,MEI,17,0.5,,,,,,,,,,1,,,,,,,,,,
80287,Luciano,SAO,ATA,17,7,,1,,,,,,,,,,1,,,,,,,,
80570,Wendell,SAO,LAT,17,1.8,,1,,,,2,4,,,2,,,,,,,,,,
81720,Lingard,COR,ATA,17,3.4,,,,,,2,1,,1,,,,,,1,,,,,
81952,Willian Oliveira,?,?,17,0,,,,,,,,,,,,,,,,,,,,
82407,Chico Kim,MIR,MEI,17,1.5,,,,,,1,,,,,,,,,,,,,,
82730,Marcelo Rangel,REM,GOL,17,11.5,,,,10,,,,,,1,,,,2,,,,,,
82775,Lucas Ramon,SAO,LAT,17,5.2,,,,,,3,1,,,2,,,,,,,,,,
83257,Gabriel,SAN,ATA,17,16.2,,,,,,,1,,,1,,2,,,,,,,,
83433,Patrick,REM,MEI,17,6.5,,,,,,4,,,,1,,,,,,,,,,
83528,Léo Pereira,FLA,ZAG,17,2.8,,1,,,,2,,,1,,,,,,,,,,,
84339,Bruno Melo,CFC,LAT,17,9.5,,,,,,1,,,,,,1,,,,,,,,
84558,Lucas Romero,CRU,MEI,17,2,,,,,,1,,,,1,,,,,,,,,,
84626,Josué,CFC,MEI,17,6.9,1,,,,,1,2,,,2,,,,,,,,,,
84674,Lucas Evangelista,PAL,MEI,17,1.5,,,,,,1,,,,,,,,,,,,,,
84735,Jorginho,FLA,MEI,17,6.4,,,,,,3,2,,,5,,,,,,,,,,
84816,Varela,FLA,LAT,17,1.5,,1,,,,1,,,,2,,,,,,,,,,
85048,Memphis Depay,COR,ATA,17,1,,,,,,,,,,2,,,,,,,,,,
85403,Danielzinho,SAO,MEI,17,2.2,,,,,,1,1,,,2,,,,,,,,,,
85425,João Paulo,SAN,GOL,17,-0.4,,,,2,,,,,,,,,,3,,,,,,
86292,Bolasie,CHA,ATA,17,2.8,,,,,,,2,2,,2,,,,,,,,,,
86410,Victor Luis,MIR,LAT,17,5,,,,,,,,,,,,,,,,,,,1,
86859,José Welison,REM,MEI,17,5,,,,,,3,,,,1,,,,,,,,,,
87008,Léo Jardim,VAS,GOL,17,7.4,,,,8,,,,,,,,,,3,,,,,,
87228,Guilherme Arana,FLU,LAT,17,0,,,,,,,,,,,,,,,,,,,,
87258,Soteldo,FLU,ATA,17,1.5,,,,,,1,,,,,,,,,,,,,,
87552,Vitor Bueno,REM,MEI,17,0.2,,,,,,,1,,,1,,,,,,,,,,
88037,Luís Castro,GRE,TEC,17,7.2,,,,,,,,,,,,,,,,,,,,1
88312,Junior Alonso,?,?,17,-0.9,,,,,,,3,,,,,,,,,,,,,
88717,Celso Rodrigues,?,?,17,3.67,,,,,,,,,,,,,,,,,,,,
88963,Leonardo Jardim,FLA,TEC,17,3.26,,,,,,,,,,,,,,,,,,,,
89256,Gerson,CRU,MEI,17,2.1,,,,,,1,4,,1,2,,,,,,,,,,
89274,Andreas Pereira,PAL,MEI,17,2.5,,1,,,,1,2,,2,2,,,,,,,,,,
89368,Braithwaite,GRE,ATA,17,0.4,,,,,,,,,,1,,,,,1,,,,,
89637,Thiago Maia,INT,MEI,17,1.5,,,,,,1,,,,,,,,,,,,,,
89837,Lucho Acosta,FLU,MEI,17,0.5,,1,,,,,2,,2,1,,,,,,,,,,
89840,Calleri,SAO,ATA,17,0.8,,,,,,,5,,1,3,,,,,,,,,,
90031,Mendoza,CAP,ATA,17,7,,,,,,3,,1,1,1,,,,,,,,,,
90061,Bruno Pacheco,CHA,LAT,17,12,1,,,,,4,,,,2,,,,,,,,,,
90285,Bruno Henrique,FLA,ATA,17,0.9,,1,,,,1,2,,,2,,,,,,,,,,
90302,Pedro Rocha,CFC,ATA,17,3.2,,,,,,,,2,1,,,,,,,,,,,
90309,David,VAS,ATA,17,-0.3,,,,,,,1,,,,,,,,,,,,,
90532,Arthur Melo,?,?,17,1,,,,,,,,,,2,,,,,,,,,,
90588,Caíque,VIT,MEI,17,0.4,,1,,,,1,2,,,1,,,,,,,,,,
90703,Matheuzinho,VIT,MEI,17,1.4,,,,,,,1,1,,1,,,,,,,,,,
90768,Fabrício Bruno,CRU,ZAG,17,3,,,,,,2,,,,,,,,,,,,,,
90917,Carlos Eduardo,MIR,ATA,17,5.8,,,,,,3,,,1,1,,,,,,,,,,
91607,Rony,SAN,ATA,17,5.5,,,,,,2,3,1,1,3,,,,,1,,,,,
91772,David Duarte,BAH,ZAG,17,1.5,,,,,,1,,,,,,,,,,,,,,
91908,Pavón,GRE,ATA,17,14.4,2,1,,,,3,3,,1,2,,,,,,,,,,
92171,Arthur Cabral,BOT,ATA,17,1.3,,,,,,,2,,2,1,,,,,2,,,,,
92180,Jair Ventura,VIT,TEC,17,7.26,,,,,,,,,,,,,,,,,,,,1
92182,Juninho,INT,ZAG,17,1.5,,,,,,1,,,,,,,,,,,,,,
92273,Odair Hellmann,CAP,TEC,17,6.9,,,,,,,,,,,,,,,,,,,,1
92696,Renato Kayzer,VIT,ATA,17,-0.3,,,,,,,1,,,,,,,,,,,,,
92747,Eduardo Domínguez,CAM,TEC,17,1.85,,,,,,,,,,,,,,,,,,,,
92811,Bruno Rodrigues,CRU,ATA,17,2,,,,,,1,,,,1,,,,,,,,,,
92854,Borré,?,?,17,2.5,,,,,,,2,,2,3,,,,,,,,,,
93368,Lucas Veríssimo,SAN,ZAG,17,3.2,,,,,,2,2,,1,,,,,,,,,,,
93790,Marlon Freitas,PAL,MEI,17,0.8,,,,,,,,,1,,,,,,,,,,,
93988,Breno Lopes,CFC,ATA,17,11.7,,,,,,1,,1,,2,,1,,,,,,,,
94154,Maycon,CAM,MEI,17,2.7,,,,,,2,1,,,,,,,,,,,,,
94514,Lucas Oliveira,MIR,ZAG,17,5,,,,,,,,,,,,,,,,,,,1,
94583,Pedro,FLA,ATA,17,2.1,,,,,,,,,2,1,,,,,,,,,,
94930,Lucas Paquetá,FLA,MEI,17,7.7,,1,,,,2,1,1,6,,,,,,,,,,,
94968,Juninho Capixaba,RBB,LAT,17,12.3,,1,,,,4,2,2,,1,,,,,,,,,1,
95332,Marcinho,CHA,ATA,17,0.2,,,,,,,1,,,1,,,,,,,,,,
95362,Cassierra,CAM,ATA,17,-0.3,,,,,,,1,,,,,,,,,,,,,
95466,Igor Vinícius,SAN,LAT,17,0.2,,1,,,,1,1,,,,,,,,,,,,,
95556,Raniele,COR,MEI,17,3.2,,,,,,2,1,,,1,,,,,,,,,,
95620,Bruno Leonardo,CHA,ZAG,17,3.8,,,,,,3,2,,,,,,,,1,,,,,
95799,Artur,SAO,ATA,17,4.7,,,,,,1,1,1,1,3,,,,,,,,,,
96353,Joaquín Correa,BOT,ATA,17,-1,,1,,,,,,,,,,,,,,,,,,
96591,Renan Lodi,CAM,LAT,17,2.5,,,,,,1,,,,2,,,,,,,,,,
96610,Matheus Pereira,CRU,MEI,17,8.1,,,,,,,,1,3,7,,,,,,,,1,,
96652,Allan,COR,MEI,17,0,,,,,,,,,,,,,,,,,,,,
97321,Alesson,MIR,ATA,17,1.7,,1,,,,,4,2,,3,,,,,,,,,,
97341,Rogério Ceni,BAH,TEC,17,4.17,,,,,,,,,,,,,,,,,,,,
97460,João Victor,MIR,ZAG,17,5.9,,,,,,,,,,2,,,,,1,,,,1,
97468,Marçal,BOT,LAT,17,5,,,,,,2,4,2,1,,,,,,,,,,,
97520,Shaylon,MIR,MEI,17,0.9,,,,,,,1,1,,,,,,,,,,,,
97653,Murilo,PAL,ZAG,17,5.2,,,,,,,1,,,1,,,,,,,,,1,
97795,Marcelinho,REM,LAT,17,4.1,1,1,,,,,3,,,2,,,,,,,,,,
97810,Erick,VIT,ATA,17,7,1,,,,,,1,,1,3,,,,,,,,,,
97867,Léo Ortiz,FLA,ZAG,17,1.2,,,,,,1,1,,,,,,,,,,,,,
97868,Iago,BAH,LAT,17,4.7,,,,,,1,1,,,1,1,,,,,,,,,
97878,Jacy,CFC,ZAG,17,0.7,,,,,,,1,,,2,,,,,,,,,,
97899,Matheus Bahia,INT,LAT,17,5.2,,,,,,3,2,,1,1,,,,,,,,,,
97969,Marcos Vinícius,?,?,17,-0.3,,,,,,,1,,,,,,,,,,,,,
98484,Kanu,BAH,ZAG,17,0.5,,,,,,,,,,1,,,,,,,,,,
98517,Jean Lucas,BAH,MEI,17,1.6,,,,,,1,3,,,2,,,,,,,,,,
98873,Samuel Lino,FLA,ATA,17,9.2,,,,,,3,,2,1,3,,,,,,,,,,
98909,Cuello,CAM,ATA,17,3.9,,1,,,,2,2,,2,2,,,,,1,,,,,
99228,De la Cruz,FLA,MEI,17,-0.8,,1,,,,,1,,,1,,,,,,,,,,
99366,Luis Zubeldía,FLU,TEC,17,3.65,,,,,,,,,,,,,,,,,,,,
99440,Baralhas,VIT,MEI,17,-0.7,,,,,,,4,,,1,,,,,,,,,,
99552,Rossi,FLA,GOL,17,0.9,,,,3,,,,,,,,,,3,,,,,,
99789,Brenner,VAS,ATA,17,1.2,,,,,,,,1,,,,,,,,,,,,
99815,Arias,PAL,MEI,17,0.4,,1,,,,1,3,,1,,,,,,,,,,,
99818,Paulinho,PAL,ATA,17,8,,1,,,,,,,,2,,1,,,,,,,,
99889,Alan Franco,?,?,17,1.3,,,,,,,,,1,1,,,,,,,,,,
100652,Yuri Alberto,COR,ATA,18,14.5,2,,,,,1,5,2,2,1,,,,,,,,,,
100695,Fernando,RBB,ATA,18,16.1,,,,,,2,3,1,1,2,1,1,,,,,,,,
100742,Matheus Henrique,CRU,MEI,18,3.7,,,,,,2,2,,1,1,,,,,,,,,,
100804,Tchamba,REM,ZAG,18,8,,,,,,2,,,,,,,,,,,,,1,
100848,Luan Cândido,VIT,LAT,18,3.7,,1,,,,3,1,,,1,,,,,,,,,,
101254,Alef Manga,REM,ATA,18,5.4,,,,,,3,,,,2,,,,,1,,,,,
101290,Ferreira,SAO,ATA,18,5.2,,,,,,3,2,,1,1,,,,,,,,,,
101314,Ademir,BAH,ATA,18,4.2,1,1,,,,,5,1,,1,,,,,,,,,,
101319,Guga,FLU,LAT,18,3,,,,,,2,,,,,,,,,,,,,,
101405,Wallisson,MIR,MEI,18,0.5,,,,,,,,,,1,,,,,,,,,,
101574,Hugo Souza,COR,GOL,18,0.3,,,,1,,,,,,,,,,1,,,,,,
101708,Felipe Jonatan,CFC,LAT,18,1,,,,,,,,,,2,,,,,,,,,,
101715,Alerrandro,INT,ATA,18,-0.3,,1,,,,,1,,,2,,,,,,,,,,
101727,Matheuzinho,COR,LAT,18,5.2,,,,,,3,2,,1,1,,,,,,,,,,
101752,Claudinho,?,?,18,0,,,,,,,,,,,,,,,,,,,,
101807,Oliva,SAN,MEI,18,4.7,1,,,,,,1,,,,,,,,,,,,,
101820,Mayk,REM,LAT,18,6.5,,,,,,1,,,,,,,,,,,,,1,
101908,Willian Machado,MIR,ZAG,18,1.2,,1,,,,1,2,,1,1,,,,,,,,,,
101960,Vitinho,INT,ATA,18,2.9,,,,,,1,3,,1,3,,,,,,,,,,
102256,Rollheiser,SAN,MEI,18,1.5,,,,,,1,,,,,,,,,,,,,,
102796,Julimar,?,?,18,2.3,,,,,,1,,,1,,,,,,,,,,,
102877,Gabriel Poveda,REM,ATA,18,2,,,,,,1,,,,1,,,,,,,,,,
102906,Anderson,CHA,GOL,18,2.9,,,,3,,,,,,,,,,1,,,,,,
102911,Zé Ricardo,REM,MEI,18,5.2,,,,,,3,1,,,2,,,,,,,,,,
102975,Escobar,SAN,LAT,18,5.4,,,,,,4,2,,,,,,,,,,,,,
103056,Gabriel Brazão,SAN,GOL,18,8.9,,1,,8,,,,,,1,,,,1,,,,,,
103179,Chris Ramos,?,?,18,0,,,,,,,,,,,,,,,,,,,,
103295,Eric Ramires,RBB,MEI,18,0.2,,,,,,,1,,,1,,,,,,,,,,
103347,Matheus Alexandre,REM,LAT,18,5,,,,,,,,,,,,,,,,,,,1,
103388,Emmanuel Martínez,VIT,MEI,18,0.3,,1,,,,1,2,,,1,,,,,1,,,,,
104027,Rafael Guanaes,MIR,TEC,18,2.87,,,,,,,,,,,,,,,,,,,,
104036,Labyad,COR,MEI,18,0,,,,,,,,,,,,,,,,,,,,
104085,Bruno Fuchs,PAL,ZAG,18,9.5,,,,,,3,,,,,,,,,,,,,1,
104191,Raul,?,?,18,7.1,,,,7,,,,,,,,,,2,,,,,,
104204,Edson Carioca,MIR,ATA,18,1.3,,1,,,,1,1,1,,,,,,,1,,,,,
104470,Everton,CHA,LAT,18,0.5,,,,,,,,,,1,,,,,,,,,,
104502,Christian,?,?,18,2.7,,,,,,2,1,,,,,,,,,,,,,
104519,Camilo,CHA,MEI,18,6.9,,,,,,5,2,,,,,,,,,,,,,
104693,Newton,SAO,MEI,18,-1,,1,,,,,,,,,,,,,,,,,,
104758,Enzo Díaz,SAO,LAT,18,7.8,,1,,,,5,3,1,,2,,,,,,,,,,
104811,Sebastián Gómez,CFC,MEI,18,3.1,,,,,,1,,,2,,,,,,,,,,,
104994,Wagner Leonardo,GRE,ZAG,18,-1.4,,1,,,,,3,,,1,,,,,,,,,,
105068,Reinier,CAM,MEI,18,3.8,,,,,,1,2,2,,1,,,,,,,,,,
105089,Tetê,GRE,ATA,18,1.2,,,,,,,2,,1,2,,,,,,,,,,
105157,Villagra,INT,MEI,18,0.5,,,,,,,,,,1,,,,,,,,,,
105175,Khellven,PAL,LAT,18,7.2,,,,,,2,1,,,1,,,,,,1,,,1,
105213,Sant'Anna,RBB,LAT,18,4.4,,,,,,2,1,1,,1,,,,,,,,,,
105214,Santi Rodríguez,BOT,MEI,18,1.2,,,,,,1,1,,,,,,,,,,,,,
105300,Ferraresi,BOT,ZAG,18,-2.9,,1,,,,1,3,,,1,,,1,,,,,,,
105373,Gabriel Xavier,?,?,18,-1,,1,,,,,,,,,,,,,,,,,,
105531,Matheus Bidu,COR,LAT,18,6.8,,,,,,3,2,,,6,,,,,1,,,,,
105563,Carlos Vinícius,GRE,ATA,18,2,,,,,,,1,1,1,1,,,,,2,,,,,
105903,Aldo Filho,MIR,MEI,18,2.1,,,,,,1,2,1,,,,,,,,,,,,
105990,Santiago Mingo,BAH,ZAG,18,6.6,,,,,,2,,3,,,,,,,,,,,,
106104,Enamorado,GRE,ATA,18,0.4,,1,,,,1,2,,,1,,,,,,,,,,
106202,Bruno Gomes,INT,MEI,18,3.9,,,,,,2,2,,,3,,,,,,,,,,
106294,Marcos Antônio,SAO,MEI,18,0,,,,,,,,,,,,,,,,,,,,
106323,Caio Alexandre,BAH,MEI,18,0.7,,,,,,,1,,,2,,,,,,,,,,
106822,Rodrigo Nestor,BAH,MEI,18,4.4,,,,,,1,1,,4,,,,,,,,,,,
106907,Rafael Lacerda,CHA,TEC,18,3.5,,,,,,,,,,,,,,,,,,,,
107174,Bruno Tabata,?,?,18,0,,,,,,,,,,,,,,,,,,,,
107236,Vanderlan,RBB,LAT,18,-0.3,,,,,,,1,,,,,,,,,,,,,
107256,Zé Vitor,VIT,MEI,18,10.2,,,,,,4,,,4,2,,,,,,,,,,
107453,João Paulo,CHA,ZAG,18,1.7,,,,,,1,1,,,1,,,,,,,,,,
107516,Ênio,CHA,ATA,18,2.5,,,,,,1,,,,2,,,,,,,,,,
107554,Natanael,CAM,LAT,18,8.4,,,,,,1,,,,4,,,,,1,,,,1,
107985,Terán,CAP,ZAG,18,5,,,,,,,,,,,,,,,,,,,1,
107989,Carbonero,INT,ATA,18,1.9,,,,,,,1,,1,3,,,,,1,,,,,
108133,Isidro Pitta,RBB,ATA,18,5.9,,,,,,,,1,4,1,,,,,,,,1,,
108588,Tapia,SAO,ATA,18,0,,,,,,,,,,,,,,,,,,,,
109127,Tiago Cóser,CFC,ZAG,18,1.2,,,,,,1,1,,,,,,,,,,,,,
109336,Rafael Carvalheira,CHA,MEI,18,7,,,,,,4,2,,2,,,,,,,,,,,
109401,Erick Pulga,BAH,ATA,18,2.1,,,,,,1,1,,,2,,,,,1,,,,,
109573,Martinelli,FLU,MEI,18,1.7,,,,,,1,1,,,1,,,,,,,,,,
109987,Medina,BOT,MEI,18,7.4,,1,,,,4,1,1,,3,,,,,,,,,,
110144,Spinelli,VAS,ATA,18,4.2,,,,,,,5,1,,3,1,,,,,,,,,
110506,Abel Ferreira,PAL,TEC,18,7.65,,,,,,,,,,,,,,,,,,,,1
110510,Aguirre,INT,LAT,18,8,,,,,,,,,,,,1,,,,,,,,
110633,Gustavo,CFC,MEI,18,2.3,,,,,,1,,,1,,,,,,,,,,,
110668,Esquivel,CAP,LAT,18,6.5,,,,,,1,,,,,,,,,,,,,1,
110708,Pedro Rangel,CFC,GOL,18,6.3,,,,6,,1,,,,,,,,3,,,,,,
110750,Gustavo Marques,RBB,ZAG,18,-0.1,,1,,,,1,2,,,,,,,,,,,,,
110759,John Kennedy,FLU,ATA,18,10,,,,,,1,,,,1,,1,,,,,,,,
111246,Alix Vinicius,RBB,ZAG,18,1.4,,,,,,,1,1,,1,,,,,,,,,,
111466,Victor Gabriel,INT,ZAG,18,1.7,,,,,,2,1,,,,,,,,,1,,,,
111682,Adson,VAS,MEI,18,4.7,,,,,,1,1,1,1,3,,,,,,,,,,
111683,Anthoni,INT,GOL,18,3.5,,,,5,,,,,,,,,,3,,,,,,
111831,Matheus Martins,BOT,ATA,18,1.7,,,,,,,,1,,1,,,,,,,,,,
111832,Jefté,PAL,LAT,18,6.5,,,,,,1,,,,,,,,,,,,,1,
111945,Diego Hernández,?,?,18,0,,,,,,,,,,,,,,,,,,,,
112017,Felipinho,CAP,MEI,18,7.5,,,,,,5,,,,,,,,,,,,,,
112576,Vini Paulista,CFC,MEI,18,1.5,,,,,,1,,,,,,,,,,,,,,
112709,Kaiki Bruno,?,?,18,7.1,,,,,,4,3,1,1,,,,,,,,,,,
112886,Lucas Barbosa,RBB,ATA,18,8.3,1,,,,,1,2,,2,2,,,,,2,,,,,
113113,Benavídez,CAP,LAT,18,5.2,,1,,,,1,1,,,,,,,,,,,,1,
113125,Picco,REM,MEI,18,0,,,,,,,,,,,,,,,,,,,,
113359,Pablo Maia,SAO,MEI,18,0.7,,,,,,,1,,,2,,,,,,,,,,
113397,Cristian Olivera,BAH,ATA,18,0.2,,,,,,,1,,,1,,,,,,,,,,
114405,Sinisterra,CRU,ATA,18,1.6,,,,,,,,,2,,,,,,,,,,,
115025,Miguelito,SAN,MEI,18,17.1,1,,,,,2,2,1,,1,,1,,,,,,,,
115479,Paulo Pezzolano,INT,TEC,18,2.75,,,,,,,,,,,,,,,,,,,,
115537,Marcos Victor,BAH,ZAG,18,0,,,,,,,,,,,,,,,,,,,,
115914,Evertton Araújo,FLA,MEI,18,-1.3,,1,,,,,1,,,,,,,,,,,,,
115986,Denilson,MIR,MEI,18,6,,,,,,3,1,,1,2,,,,,,,,,,
116034,Victor Hugo,CAM,MEI,18,1.5,,,,,,,1,,1,2,,,,,,,,,,
116065,Cuiabano,VAS,LAT,18,12,,,,,,7,1,,1,2,,,,,,,,,,
116066,Rubens,CHA,ATA,18,0,,,,,,,,,,,,,,,,,,,,
116067,Thiago Beltrame,GRE,GOL,18,0.7,,,1,5,,,1,,,1,,,,3,,,,,,
116447,Hércules,FLU,MEI,18,-0.6,,,,,,,2,,,,,,,,,,,,,
116461,Jamerson,VIT,LAT,18,3.2,,,,,,2,1,,,1,,,,,,,,,,
117330,Robert Renan,VAS,ZAG,18,-0.3,,,,,,,1,,,,,,,,,,,,,
117404,Otávio,CRU,GOL,18,4.2,,,,4,,,,,,,,,,1,,,,,,
117632,Garro,COR,MEI,18,4.6,,1,,,,,1,3,1,3,,,,,,,,,,
117910,Breno Bidon,COR,MEI,18,4.7,,,,,,1,3,,2,5,,,,,,,,,,
117930,Lavega,CFC,ATA,18,1.5,,,,,,1,,,,,,,,,,,,,,
118774,Alexsander,CAM,MEI,18,1.7,,,,,,1,1,,,1,,,,,,,,,,
118844,Kaio César,COR,ATA,18,10.6,,1,,,,1,2,1,,3,,1,,,,,,,,
121792,André,?,?,18,-0.3,,,,,,,1,,,,,,,,,,,,,
122394,Gustavinho,RBB,MEI,18,0,,,,,,,,,,,,,,,,,,,,
122485,Barros,VAS,MEI,18,2.3,,1,,,,2,5,,1,2,,,,,,,,,,
122573,Wallace Yan,FLA,ATA,18,0,,,,,,,,,,,,,,,,,,,,
123016,David Braga,REM,MEI,18,-0.8,,1,,,,,1,,,1,,,,,,,,,,
123101,Leozinho,CAP,ATA,18,1.5,,,,,,1,,,,,,,,,,,,,,
123625,Ítalo,?,?,18,0.2,,1,,,,1,1,,,,,,,,,,,,,
123717,Zé Guilherme,BAH,LAT,18,4,,,,,,2,1,,1,1,,,,,,,,,,
123738,Herrera,RBB,ATA,18,-0.4,,,,,,,4,,1,,,,,,,,,,,
123869,Aguirre,CAP,ZAG,18,10.3,,,,,,3,,,1,,,,,,,,,,1,
124219,Millán,FLU,ZAG,18,1.2,,1,,,,,2,1,2,,,,,,,,,,,
124270,Allex,INT,MEI,18,0.5,,,,,,,,,,1,,,,,,,,,,
124481,Mateo Ponte,BOT,LAT,18,4.4,,,,,,3,,,,,,,,,1,,,,,
124661,Iván Román,CAM,ZAG,18,6.4,,1,,,,2,2,,,,,,,,,,,,1,
124912,Jonathan Jesus,CRU,ZAG,18,6.8,,,,,,4,,,1,,,,,,,,,,,
125467,Viery,?,?,18,6.4,,1,,,,5,2,,,1,,,,,,,,,,
125926,Zapelli,CAP,MEI,18,0,,,,,,,,,,,,,,,,,,,,
126120,Marcelinho,RBB,MEI,18,0.1,,,,,,,1,,,1,,,,,1,,,,,
126182,Paulinho,INT,MEI,18,1.2,,,,,,1,1,,,,,,,,,,,,,
126189,Tomás Pérez,CAM,MEI,18,3.9,,,,,,2,1,1,,,,,,,,,,,,
126471,Barreal,SAN,MEI,18,10.9,,,,,,2,2,,,1,,1,,,,,,,,
126977,Fernando Seabra,CFC,TEC,18,2.51,,,,,,,,,,,,,,,,,,,,
127273,Artur Jorge,CRU,TEC,18,5.44,,,,,,,,,,,,,,,,,,,,
128431,João Cruz,CAP,MEI,18,11.2,1,,,,,3,,1,,1,,,,,,,,,,
128433,Johan Rojas,VAS,MEI,18,3.1,,,,,,1,1,1,1,,,,,,1,,,,,
130209,Renê,VIT,ATA,18,18.1,,1,,,,1,2,3,2,4,1,1,,,,,,,,
130279,Lukas Zuccarello,VAS,MEI,18,1.3,,,,,,,,,1,1,,,,,,,,,,
130608,Riquelme Fillipi,PAL,ATA,18,4.7,,,,,,2,,1,,1,,,,,,,,,,
130612,Luighi,?,?,18,3.4,,,,,,1,2,1,1,1,,,,,,,,,,
130650,Bernal,?,?,18,5.2,,,,,,3,2,,1,1,,,,,,,,,,
130843,Arthur Dias,CAP,ZAG,18,3.7,,1,,,,,1,,,,,,,,,,,,1,
130906,Riquelme,CAP,MEI,18,0,,,,,,,,,,,,,,,,,,,,
131516,JP Chermont,CFC,LAT,18,2,,,,,,1,,,,1,,,,,,,,,,
131617,André Silva,SAO,ATA,18,-0.6,,,,,,,2,,,,,,,,,,,,,
131967,Villarreal,CRU,ATA,18,6.4,,,,,,2,,,3,2,,,,,,,,,,
132071,Serna,FLU,ATA,18,10.4,,,,,,5,2,1,,5,,,,,2,,,,,
132264,Arroyo,CRU,ATA,18,0.5,,,,,,,,,,1,,,,,,,,,,
132274,Ignacio Sosa,RBB,MEI,18,2,,,,,,1,,,,1,,,,,,,,,,
132553,Jemmes,FLU,ZAG,18,7.7,1,,,,,2,1,,,,,,,,,,,,,
133679,Benedetti,PAL,ZAG,18,5,,,,,,,,,,,,,,,,,,,1,
133690,Bruno Lopes,VAS,ATA,18,1.7,,,,,,,1,1,1,,,,,,,,,,,
136156,Larson,PAL,MEI,18,0.5,,,,,,,,,,1,,,,,,,,,,
136955,Sanabria,BAH,ATA,18,1.7,,,,,,1,1,,,1,,,,,,,,,,
137542,Kaique Kenji,CRU,ATA,18,-0.3,,,,,,,1,,,,,,,,,,,,,
140492,João Victor,FLA,ZAG,18,6.5,,,,,,1,,,,,,,,,,,,,1,
141337,Lucas Taverna,CFC,LAT,18,0,,,,,,,,,,,,,,,,,,,,
141400,Huguinho,BOT,MEI,18,10.6,,1,,,,2,3,,,3,,1,,,,,,,,
141451,Allan,PAL,MEI,18,-2.1,,,1,,,,1,1,,,,,,,,,,,,
141594,Pedro Gabriel,GRE,LAT,18,2.4,,,,,,2,2,,,,,,,,,,,,,
141595,Gabriel Mec,GRE,ATA,18,14.5,,,,,,2,,1,1,3,,1,,,,,,,,
141606,Hugo Leonardo,SAO,MEI,18,0,,,,,,,,,,,,,,,,,,,,
141609,Lucca,SAO,ATA,18,0,,,,,,,,,,,,,,,,,,,,
141754,Gabriel Bontempo,SAN,MEI,18,-0.3,,,,,,,1,,,,,,,,,,,,,
141995,Dieguinho,COR,MEI,18,0,,,,,,,,,,,,,,,,,,,,
142004,Amuzu,GRE,ATA,18,0.5,,,,,,,,,,1,,,,,,,,,,
142086,Kauan Toledo,BOT,ATA,18,1,,,,,,,1,,1,1,,,,,,,,,,
142279,Nuno Moreira,VAS,MEI,18,2.5,,,,,,1,1,,1,1,,,,,,,,,,
142877,Villalba,BOT,ATA,18,0,,,,,,,,,,,,,,,,,,,,
142890,Montoro,BOT,MEI,18,1.7,,1,,,,,2,1,2,1,,,,,,,,,,
143153,Tarzia,VIT,ATA,18,11,1,,,,,1,,2,2,1,,,,,,,,,,
143173,Leonel Pérez,GRE,MEI,18,1.3,,,,,,1,4,,,2,,,,,,,,,,
143193,Viveros,CAP,ATA,18,10.9,,,,,,,2,,2,4,,1,,,1,,,,,
143295,Joshua,FLA,MEI,18,-0.3,,,,,,,1,,,,,,,,,,,,,
145404,Arthur,PAL,LAT,18,6.3,,,,,,,1,,2,,,,,,,,,,1,
145563,João Ananias,SAN,ZAG,18,0.9,,,,,,1,2,,,,,,,,,,,,,
145744,André,COR,MEI,18,18.4,,,,,,2,2,,,,,2,,,,,,,,
146430,Justino,BOT,ZAG,18,0.5,,,,,,,,,,1,,,,,,,,,,
146623,Luis Pacheco,PAL,MEI,18,-1.3,,1,,,,,1,,,,,,,,,,,,,
147088,Cissé,CAM,MEI,18,-0.2,,,,,,,2,,,1,,,,,1,,,,,
147089,Cauã Soares,CAM,ATA,18,0,,,,,,,,,,,,,,,,,,,,
147090,Kauã Pascini,CAM,LAT,18,4.7,,,,,,,1,,,,,,,,,,,,1,
147192,Claudinho,CAP,LAT,18,16.9,,,,,,6,2,,,1,1,,,,,,,,1,
147544,Gabriel Menegon,GRE,GOL,18,0,,,,,,,,,,,,,,,,,,,,
148124,Vinicius,CHA,ZAG,18,1.5,,,,,,1,,,,,,,,,,,,,,
148717,Tetê,SAO,ATA,18,0,,,,,,,,,,,,,,,,,,,,
149990,Franclim Carvalho,BOT,TEC,18,3.59,,,,,,,,,,,,,,,,,,,,
150197,Osorio,SAO,ZAG,18,-1.6,,1,,,,,2,,,,,,,,,,,,,
150757,Samuel Pierri,SAN,MEI,18,0.9,,,,,,1,2,,,,,,,,,,,,,
150959,Davizinho,SAN,LAT,18,0,,,,,,,,,,,,,,,,,,,,
37457,Léo Condé,REM,TEC,18,9,,,,,,,,,,,,,,,,,,,,1
37656,Fábio,FLU,GOL,18,1.6,,,,2,,,,,,,,,,1,,,,,,
39850,Vagner Mancini,RBB,TEC,18,6.18,,,,,,,,,,,,,,,,,,,,1
40990,Dorival Júnior,SAO,TEC,18,1.76,,,,,,,,,,,,,,,,,,,,
41929,Renato Gaúcho,?,?,18,4.15,,,,,,,,,,,,,,,,,,,,
42222,Osvaldo,VIT,ATA,18,0,,,,,,,,,,,,,,,,,,,,
42411,Cuca,SAN,TEC,18,7.36,,,,,,,,,,,,,,,,,,,,1
42500,Fagner,CRU,LAT,18,2.7,,,,,,2,1,,,,,,,,,,,,,
51413,Walter,MIR,GOL,18,0.3,,,,1,,,,,,,,,,1,,,,,,
51772,Everton Ribeiro,BAH,MEI,18,3.1,,,,,,1,,,2,,,,,,,,,,,
63013,Marcos Rocha,GRE,LAT,18,1.2,,,,,,1,1,,,,,,,,,,,,,
68685,Alan Patrick,INT,MEI,18,2,,1,,,,,,1,1,2,,,,,,,,,,
68708,Eduardo,MIR,MEI,18,-1,,1,,,,,,,,,,,,,,,,,,
68806,Neto,?,?,18,-1.7,,,1,1,,,,,,,,,,,,,,,,
68872,Marcelo Lomba,PAL,GOL,18,8.9,,,,3,,,,,,,,,,,,,,,1,
68928,Rafael,SAO,GOL,18,0.3,,,,1,,,,,,,,,,1,,,,,,
68938,Giovanni Augusto,CHA,MEI,18,2,,,,,,1,,,,1,,,,,,,,,,
68952,Marinho,VIT,ATA,18,0,,,,,,,,,,,,,,,,,,,,
68996,Willian José,BAH,ATA,18,2.7,,,,,,,1,1,1,2,,,,,,,,,,
69012,Santos,CAP,GOL,18,8.9,,,,3,,,,,,,,,,,,,,,1,
69208,Gabriel Paulista,COR,ZAG,18,2.8,,,,,,1,,,1,1,,,,,,,,,,
70360,Eduardo Sasha,RBB,ATA,18,0,,,,,,,,,,,,,,,,,,,,
70449,Gabriel,VIT,GOL,18,-1.7,,,,1,,,,,,,,,,3,,,,,,
70592,Felipe Anderson,PAL,MEI,18,7.8,1,,,,,1,,,1,1,,,,,,,,,,
70666,Marllon,REM,ZAG,18,7.3,,,,,,1,,,1,,,,,,,,,,1,
70944,Bruno Henrique,INT,MEI,18,5.2,1,,,,,,1,,,1,,,,,,,,,,
70958,Jean Carlos,?,?,18,-0.3,,,,,,,1,,,,,,,,,,,,,
71123,Thiago Mendes,VAS,MEI,18,5,,,,,,1,,1,1,3,,,,,,,,,,
72018,Tiago Volpi,RBB,GOL,18,8.3,,,,1,,,,,,,,1,,1,,,,,,
72294,Everson,CAM,GOL,18,14.6,,,,7,,,,,,1,,,,,,,,,1,
72391,Fernando Diniz,COR,TEC,18,7.58,,,,,,,,,,,,,,,,,,,,1
72460,Bernard,CAM,MEI,18,8,1,,,,,2,,,,,,,,,,,,,,
72493,Alex Telles,BOT,LAT,18,3.5,,,,,,2,1,,1,,,,,,,,,,,
72605,Vitor Hugo,CAM,ZAG,18,14.5,,,,,,1,,,,,,1,,,,,,,1,
72951,Mercado,INT,ZAG,18,-1.9,,1,,,,,3,,,,,,,,,,,,,
73318,Daniel Borges,MIR,LAT,18,4.7,,,,,,3,1,,,1,,,,,,,,,,
73384,Samuel Xavier,FLU,LAT,18,-0.8,,1,,,,,1,,,1,,,,,,,,,,
77485,Carrillo,COR,MEI,18,0,,,,,,,,,,,,,,,,,,,,
78117,Everaldo,BAH,ATA,18,2.3,,,,,,1,,,1,,,,,,,,,,,
78248,Gustavo Henrique,COR,ZAG,18,0.2,,,,,,,2,,1,,,,,,,,,,,
78445,Renê,FLU,LAT,18,6.2,,,,,,4,1,,,1,,,,,,,,,,
78478,Willian Arão,SAN,MEI,18,7.7,,1,,,,6,1,,,,,,,,,,,,,
78605,Gabriel,RBB,MEI,18,0.9,,,,,,1,2,,,,,,,,,,,,,
78850,Reinaldo,MIR,LAT,18,0,,,,,,,,,,,,,,,,,,,,
78855,Thiago Santos,CFC,ZAG,18,3.2,,,,,,1,,1,,1,,,,,,,,,,
79631,Cano,FLU,ATA,18,1.2,,,,,,,,1,,,,,,,,,,,,
80061,Saúl,FLA,MEI,18,0,,,,,,,,,,,,,,,,,,,,
80129,Jadson,CAP,MEI,18,2.8,,,,,,2,5,,1,1,,,,,,,,,,
80196,Yago Pikachu,REM,MEI,18,2.3,,,,,,1,2,,,3,,,,,1,,,,,
80313,Gilberto,CAP,LAT,18,6.2,,,,,,1,,1,,1,1,,,,,,,,,
81005,André Luis,MIR,ATA,18,0.5,,,,,,,,,,1,,,,,,,,,,
82407,Chico Kim,MIR,MEI,18,-0.3,,,,,,,1,,,,,,,,,,,,,
82627,Luiz Araújo,FLA,ATA,18,5.7,,1,,,,3,2,1,2,,,,,,,,,,,
82775,Lucas Ramon,SAO,LAT,18,2.1,,,,,,1,2,1,,,,,,,,,,,,
83257,Gabriel,SAN,ATA,18,6,,1,1,,,1,,,,1,,1,,,,,,,,
83433,Patrick,REM,MEI,18,9.4,,,,,,4,2,,,2,1,,,,,,,,,
83786,Neris,?,?,18,3,,,,,,2,,,,,,,,,,,,,,
84339,Bruno Melo,CFC,LAT,18,0.5,,,,,,,,,,1,,,,,,,,,,
84558,Lucas Romero,CRU,MEI,18,3.4,,1,,,,2,1,1,,1,,,,,,,,,,
84626,Josué,CFC,MEI,18,1,,,,,,,,,,2,,,,,,,,,,
84674,Lucas Evangelista,PAL,MEI,18,1.2,,,,,,,1,,,3,,,,,,,,,,
84847,Luan Peres,SAN,ZAG,18,-0.1,,,,,,,2,,,1,,,,,,,,,,
85403,Danielzinho,SAO,MEI,18,-0.3,,,,,,,1,,,,,,,,,,,,,
86292,Bolasie,CHA,ATA,18,4.5,,,,,,1,,2,2,,1,,,,,,1,,,
86757,Everton,FLA,ATA,18,0.5,,,,,,,1,,1,,,,,,,,,,,
86859,José Welison,REM,MEI,18,9.5,,,,,,6,1,,1,,,,,,,,,,,
87008,Léo Jardim,VAS,GOL,18,4.2,,,,4,,,,,,,,,,1,,,,,,
87228,Guilherme Arana,FLU,LAT,18,-0.3,,,,,,,1,,,,,,,,,,,,,
87258,Soteldo,FLU,ATA,18,0.5,,,,,,,,,,1,,,,,,,,,,
87552,Vitor Bueno,REM,MEI,18,1.3,,,,,,,,,1,1,,,,,,,,,,
87742,Neto Moura,MIR,MEI,18,-0.3,,,,,,,1,,,,,,,,,,,,,
88037,Luís Castro,GRE,TEC,18,3.2,,,,,,,,,,,,,,,,,,,,
88136,Ivan,REM,GOL,18,10.2,,,,4,,,,,,,,,,,,,,,1,
88293,Neto Pessoa,CHA,ATA,18,0.7,,,,,,,1,,,,,,,,,,,1,,
88393,Ayrton Lucas,FLA,LAT,18,12.3,1,,,,,1,,,1,,,,,,,,,,1,
88963,Leonardo Jardim,FLA,TEC,18,10.2,,,,,,,,,,,,,,,,,,,,1
89256,Gerson,CRU,MEI,18,6.3,,,,,,3,,,1,2,,,,,,,,,,
89273,João Pedro,GRE,LAT,18,1.2,,,,,,1,1,,,,,,,,,,,,,
89368,Braithwaite,GRE,ATA,18,0.7,,,,,,,1,,,2,,,,,,,,,,
89837,Lucho Acosta,FLU,MEI,18,2.7,,,,,,2,1,,,,,,,,,,,,,
89840,Calleri,SAO,ATA,18,1.6,,,,,,,,,2,,,,,,,,,,,
90031,Mendoza,CAP,ATA,18,4.7,,,,,,2,,,1,2,,,,,1,,,,,
90061,Bruno Pacheco,CHA,LAT,18,1.5,,,,,,1,,,,,,,,,,,,,,
90285,Bruno Henrique,FLA,ATA,18,4.5,,,,,,2,2,,2,1,,,,,,,,,,
90302,Pedro Rocha,CFC,ATA,18,-1.8,,,1,,,1,1,,,,,,,,,,,,,
90309,David,VAS,ATA,18,1.4,,,,,,1,2,,,1,,,,,,,,,,
90370,Matheus Pereira,COR,MEI,18,0,,,,,,,,,,,,,,,,,,,,
90532,Arthur Melo,?,?,18,4.4,,,,,,2,2,,,4,,,,,,,,,,
90588,Caíque,VIT,MEI,18,0.2,,1,,,,1,1,,,,,,,,,,,,,
90608,Chico da Costa,CRU,ATA,18,-0.3,,,,,,,1,,,,,,,,,,,,,
90703,Matheuzinho,VIT,MEI,18,8.7,,,,,,3,,2,1,2,,,,,,,,,,
90768,Fabrício Bruno,CRU,ZAG,18,-1.3,,1,,,,,1,,,,,,,,,,,,,
90917,Carlos Eduardo,MIR,ATA,18,2,,,,,,,,1,1,,,,,,,,,,,
91101,Ronaldo,BAH,GOL,18,4.2,,,,4,,,,,,,,,,1,,,,,,
91473,Erick Pulgar,FLA,MEI,18,0.2,,1,,,,1,1,,,,,,,,,,,,,
91607,Rony,SAN,ATA,18,3,,,,,,2,,,,,,,,,,,,,,
91772,David Duarte,BAH,ZAG,18,11.9,,1,,,,2,1,1,,2,,1,,,,,,,,
92087,Lyanco,CAM,ZAG,18,10.4,,,,,,3,2,,,3,,,,,,,,,1,
92171,Arthur Cabral,BOT,ATA,18,6,,,,,,2,4,2,1,2,,,,,,,,,,
92180,Jair Ventura,VIT,TEC,18,6.07,,,,,,,,,,,,,,,,,,,,
92273,Odair Hellmann,CAP,TEC,18,9.85,,,,,,,,,,,,,,,,,,,,1
92696,Renato Kayzer,VIT,ATA,18,2.6,,,,,,2,1,,,,,,,,1,,,,,
92747,Eduardo Domínguez,CAM,TEC,18,9.25,,,,,,,,,,,,,,,,,,,,1
92811,Bruno Rodrigues,CRU,ATA,18,0.5,,,,,,,,,,1,,,,,,,,,,
92854,Borré,?,?,18,-0.8,,1,,,,,1,,,1,,,,,,,,,,
93368,Lucas Veríssimo,SAN,ZAG,18,2.9,,,,,,2,2,,,1,,,,,,,,,,
93716,Paulo Henrique,VAS,LAT,18,0,,,,,,,,,,,,,,,,,,,,
93790,Marlon Freitas,PAL,MEI,18,2.3,,,,,,1,,,1,,,,,,,,,,,
93988,Breno Lopes,CFC,ATA,18,2.2,,,,,,,,1,,2,,,,,,,,,,
94514,Lucas Oliveira,MIR,ZAG,18,1.5,,,,,,1,,,,,,,,,,,,,,
94583,Pedro,FLA,ATA,18,20.4,1,,,,,2,,3,1,,,1,,,,,,,,
94968,Juninho Capixaba,RBB,LAT,18,10.2,,1,,,,1,1,,,4,,1,,,,,,,,
95332,Marcinho,CHA,ATA,18,6.7,,,,,,3,,1,,2,,,,,,,,,,
95466,Igor Vinícius,SAN,LAT,18,0.5,,,,,,,,,,1,,,,,,,,,,
95556,Raniele,COR,MEI,18,2.8,,,,,,,1,,2,3,,,,,,,,,,
95620,Bruno Leonardo,CHA,ZAG,18,0.2,,,,,,,1,,,1,,,,,,,,,,
95799,Artur,SAO,ATA,18,3.7,,,,,,,,2,1,1,,,,,,,,,,
96591,Renan Lodi,CAM,LAT,18,11.9,,,,,,3,2,1,1,2,,,,,,,,,1,
96610,Matheus Pereira,CRU,MEI,18,15.8,,,,,,3,1,,2,4,,1,,,,,,,,
96652,Allan,COR,MEI,18,1.5,,,,,,1,,,,,,,,,,,,,,
96870,Emerson Royal,FLA,LAT,18,8.6,,,,,,2,2,1,,,,,,,,,,,1,
97095,Carlos Cuesta,VAS,ZAG,18,-0.6,,,,,,,2,,,,,,,,,,,,,
97321,Alesson,MIR,ATA,18,8.3,,,,,,4,,,1,3,,,,,,,,,,
97341,Rogério Ceni,BAH,TEC,18,6.24,,,,,,,,,,,,,,,,,,,,1
97460,João Victor,MIR,ZAG,18,1.7,,,,,,1,2,,1,,,,,,,,,,,
97520,Shaylon,MIR,MEI,18,3.6,,,,,,1,,,2,1,,,,,,,,,,
97653,Murilo,PAL,ZAG,18,5.2,,,,,,,1,,,1,,,,,,,,,1,
97795,Marcelinho,REM,LAT,18,16.7,,,,,,1,,1,,2,,1,,,,,,,1,
97810,Erick,VIT,ATA,18,4.7,,,,,,1,,1,,4,,,,,,,,,,
97867,Léo Ortiz,FLA,ZAG,18,5,,,,,,,,,,,,,,,,,,,1,
97878,Jacy,CFC,ZAG,18,3.1,,,,,,1,,,2,,,,,,,,,,,
97899,Matheus Bahia,INT,LAT,18,1.9,,,,,,1,2,,,2,,,,,,,,,,
97900,Vitão,FLA,ZAG,18,5.5,,,,,,,,,,1,,,,,,,,,1,
98022,Erick,BAH,MEI,18,4.3,,1,,,,2,1,1,,3,,,,,1,,,,,
98672,Savarino,FLU,MEI,18,0.9,,,,,,,1,1,,,,,,,,,,,,
98873,Samuel Lino,FLA,ATA,18,26,1,,,,,2,,1,1,,,2,,,,,,,,
98909,Cuello,CAM,ATA,18,1.1,,,,,,,3,,,4,,,,,,,,,,
99213,Puma Rodríguez,VAS,LAT,18,4.2,,,,,,2,,1,,,,,,,,,,,,
99366,Luis Zubeldía,FLU,TEC,18,4.6,,,,,,,,,,,,,,,,,,,,
99440,Baralhas,VIT,MEI,18,2.8,,,,,,1,,,1,1,,,,,,,,,,
99552,Rossi,FLA,GOL,18,7.6,,,,2,,,,,,,,,,,,,,,1,
99818,Paulinho,PAL,ATA,18,8,,,,,,,,,,,,1,,,,,,,,
99889,Alan Franco,?,?,18,0.5,,,,,,,1,,1,,,,,,,,,,,
100652,Yuri Alberto,COR,ATA,19,19.9,,,,,,2,2,,2,,,2,,,1,,,,,
100742,Matheus Henrique,CRU,MEI,19,6,,1,,,,4,,,,2,,,,,,,,,,
100842,Ruan,CAM,ZAG,19,9.5,,,,,,1,,,,,,1,,,,,,,,
101254,Alef Manga,REM,ATA,19,2.4,,,,,,2,2,,,,,,,,,,,,,
101290,Ferreira,SAO,ATA,19,1.3,,,,,,,,,1,1,,,,,,,,,,
101314,Ademir,BAH,ATA,19,13.2,,,,,,3,,,1,,,1,,,1,,,,,
101352,Bruno Matias,CHA,MEI,19,1,,,,,,,2,,2,,,,,,,,,,,
101393,Eduardo Doma,CHA,ZAG,19,4.3,,,,,,2,,,1,1,,,,,,,,,,
101574,Hugo Souza,COR,GOL,19,5,,,,,,,,,,,,,,,,,,,1,
101708,Felipe Jonatan,CFC,LAT,19,1.5,,,,,,1,,,,,,,,,,,,,,
101715,Alerrandro,INT,ATA,19,2.7,,,,,,,1,1,1,2,,,,,,,,,,
101727,Matheuzinho,COR,LAT,19,11.6,,,,,,3,1,1,1,1,,,,,1,,,,1,
101820,Mayk,REM,LAT,19,2,,,,,,1,,,,1,,,,,,,,,,
101960,Vitinho,INT,ATA,19,2.5,,,,,,1,1,,1,1,,,,,,,,,,
102130,Piquerez,PAL,LAT,19,7.5,1,,,,,1,1,,1,1,,,,,,,,,,
102911,Zé Ricardo,REM,MEI,19,0.7,,,,,,,1,,,2,,,,,,,,,,
103347,Matheus Alexandre,REM,LAT,19,1.5,,,,,,1,,,,,,,,,,,,,,
103445,Kaio Jorge,CRU,ATA,19,10.9,,,,,,,,1,1,2,,1,,,1,,,,,
103626,Ocampo,CFC,ATA,19,3.1,,,,,,1,,,2,,,,,,,,,,,
104027,Rafael Guanaes,MIR,TEC,19,0,,,,,,,,,,,,,,,,,,,,
104036,Labyad,COR,MEI,19,5.5,1,,,,,,,,,1,,,,,,,,,,
104084,Carlos Miguel,PAL,GOL,19,6,,,,5,,,,,,1,,,,1,,,,,,
104470,Everton,CHA,LAT,19,3.9,,,,,,3,2,,,,,,,,,,,,,
104519,Camilo,CHA,MEI,19,4.5,,,,,,3,,,,,,,,,,,,,,
104783,Acevedo,BAH,MEI,19,3.7,,,,,,1,1,1,1,1,,,,,,,,,,
104811,Sebastián Gómez,CFC,MEI,19,3.2,,,,,,2,1,,,1,,,,,,,,,,
105048,Jajá,REM,ATA,19,-0.4,,,,,,,1,,,,,,,,1,,,,,
105068,Reinier,CAM,MEI,19,0.2,,,,,,,1,,,1,,,,,,,,,,
105157,Villagra,INT,MEI,19,0.1,,,,,,,4,,1,1,,,,,,,,,,
105175,Khellven,PAL,LAT,19,3.2,,1,,,,1,1,,,,1,,,,,,,,,
105531,Matheus Bidu,COR,LAT,19,9.7,,,,,,3,1,,,1,,,,,,,,,1,
105647,Maurício,PAL,MEI,19,21.4,,,,,,2,,2,,,,2,,,,,,,,
105990,Santiago Mingo,BAH,ZAG,19,0.8,,,,,,,,,1,,,,,,,,,,,
106199,Gabriel Pec,CRU,ATA,19,4.1,,,,,,1,1,1,1,2,,,,,1,,,,,
106202,Bruno Gomes,INT,MEI,19,0.1,,,,,,,3,,,2,,,,,,,,,,
106294,Marcos Antônio,SAO,MEI,19,3.6,,,,,,1,,,2,1,,,,,,,,,,
106822,Rodrigo Nestor,BAH,MEI,19,14.1,1,,,,,5,4,1,2,,,,,,,,,,,
106907,Rafael Lacerda,CHA,TEC,19,3.52,,,,,,,,,,,,,,,,,,,,
107516,Ênio,CHA,ATA,19,1.8,,,,,,,,,1,2,,,,,,,,,,
107554,Natanael,CAM,LAT,19,4.2,,,,,,1,,,1,4,,,,,1,,,,,
107873,Bobadilla,SAO,MEI,19,1.2,,,,,,1,1,,,,,,,,,,,,,
107985,Terán,CAP,ZAG,19,1.5,,,,,,1,,,,,,,,,,,,,,
107989,Carbonero,INT,ATA,19,10.8,,,,,,,1,1,,4,,1,,,1,,,,,
108683,Emiliano Martínez,PAL,MEI,19,1.5,,,,,,1,,,,,,,,,,,,,,
108946,Victor Sá,SAO,ATA,19,-0.6,,,,,,,2,,,,,,,,,,,,,
109096,Plata,FLA,ATA,19,3.5,,,,,,2,,,,1,,,,,,,,,,
109127,Tiago Cóser,CFC,ZAG,19,0.2,,,,,,,1,,,1,,,,,,,,,,
109401,Erick Pulga,BAH,ATA,19,1.4,,,,,,,1,1,,1,,,,,,,,,,
110426,Bernabei,INT,LAT,19,3.1,,1,,,,,3,,5,2,,,,,,,,,,
110506,Abel Ferreira,PAL,TEC,19,7.74,,,,,,,,,,,,,,,,,,,,1
110510,Aguirre,INT,LAT,19,1.5,,,,,,1,,,,,,,,,,,,,,
110605,Vinícius Balieiro,CHA,MEI,19,4.2,,,,,,3,1,,,,,,,,,,,,,
110668,Esquivel,CAP,LAT,19,4.7,1,,,,,,1,,,,,,,,,,,,,
110708,Pedro Rangel,CFC,GOL,19,0.9,,,,3,,,,,,,,,,3,,,,,,
111466,Victor Gabriel,INT,ZAG,19,-3.6,,,1,,,,2,,,,,,,,,,,,,
111683,Anthoni,INT,GOL,19,0.6,,,,2,,,,,,,,,,2,,,,,,
112576,Vini Paulista,CFC,MEI,19,2.7,,,,,,2,1,,,,,,,,,,,,,
112863,Ramón Sosa,PAL,ATA,19,13.9,1,1,,,,,1,1,,2,,1,,,,,,,,
113125,Picco,REM,MEI,19,0,,,,,,,,,,,,,,,,,,,,
113359,Pablo Maia,SAO,MEI,19,2.7,,,,,,,1,1,1,2,,,,,,,,,,
114405,Sinisterra,CRU,ATA,19,5.1,,,,,,3,2,1,,,,,,,,,,,,
115479,Paulo Pezzolano,INT,TEC,19,3.6,,,,,,,,,,,,,,,,,,,,
115537,Marcos Victor,BAH,ZAG,19,0,,,,,,,,,,,,,,,,,,,,
115914,Evertton Araújo,FLA,MEI,19,0,,,,,,,,,,,,,,,,,,,,
116034,Victor Hugo,CAM,MEI,19,0.5,,,,,,,,,,1,,,,,,,,,,
116066,Rubens,CHA,ATA,19,1.2,,,,,,1,1,,,,,,,,,,,,,
117403,Renato Marques,CFC,ATA,19,1.3,,,,,,,,,1,1,,,,,,,,,,
117404,Otávio,CRU,GOL,19,1.6,,,,2,,,,,,,,,,1,,,,,,
117910,Breno Bidon,COR,MEI,19,7,1,,,,,,2,1,,3,,,,,1,,,,,
117930,Lavega,CFC,ATA,19,0,,,,,,,,,,,,,,,,,,,,
118844,Kaio César,COR,ATA,19,16.7,,,,,,5,,1,,,,1,,,,,,,,
122321,Lorran,FLA,MEI,19,14.6,,,,,,4,2,1,,,,1,,,,,,,,
122439,Isaac,CAP,ATA,19,1.5,,,,,,1,,,,,,,,,,,,,,
123101,Leozinho,CAP,ATA,19,27.6,,,,,,5,2,1,,1,1,2,,,,,,,,
123648,Lucas Ronier,CFC,ATA,19,5,,,,,,1,,1,1,3,,,,,,,,,,
123717,Zé Guilherme,BAH,LAT,19,-0.1,,1,,,,1,2,,,,,,,,,,,,,
123869,Aguirre,CAP,ZAG,19,4.2,,,,,,3,1,,,,,,,,,,,,,
124912,Jonathan Jesus,CRU,ZAG,19,2.6,,1,,,,3,3,,,,,,,,,,,,,
126182,Paulinho,INT,MEI,19,-0.3,,,,,,,1,,,,,,,,,,,,,
126189,Tomás Pérez,CAM,MEI,19,-0.3,,,,,,,1,,,,,,,,,,,,,
126977,Fernando Seabra,CFC,TEC,19,4.47,,,,,,,,,,,,,,,,,,,,
127273,Artur Jorge,CRU,TEC,19,7.65,,,,,,,,,,,,,,,,,,,,1
128177,Pedro Emanuel,VAS,TEC,19,0,,,,,,,,,,,,,,,,,,,,
128431,João Cruz,CAP,MEI,19,-0.3,,,,,,,1,,,,,,,,,,,,,
129663,Ruan Pablo,BAH,ATA,19,0,,,,,,,,,,,,,,,,,,,,
130608,Riquelme Fillipi,PAL,ATA,19,-0.3,,,,,,,1,,,,,,,,,,,,,
130843,Arthur Dias,CAP,ZAG,19,-0.4,,1,,,,1,3,,,,,,,,,,,,,
131516,JP Chermont,CFC,LAT,19,0,,,,,,,,,,,,,,,,,,,,
131617,André Silva,SAO,ATA,19,0,,,,,,,,,,,,,,,,,,,,
131967,Villarreal,CRU,ATA,19,2.4,,,,,,1,,,,2,,,,,1,,,,,
132412,Román Gómez,BAH,LAT,19,7.4,,,,,,3,,,3,1,,,,,,,,,,
140438,David,CHA,MEI,19,0,,,,,,,,,,,,,,,,,,,,
141339,Paulo Roberto,CFC,ATA,19,9.5,,,,,,1,,,,,,1,,,,,,,,
141991,Tico,REM,ATA,19,0.5,,,,,,,,,,1,,,,,,,,,,
141995,Dieguinho,COR,MEI,19,2,,,,,,1,,,,1,,,,,,,,,,
143193,Viveros,CAP,ATA,19,1.2,,,,,,,3,,2,1,,,,,,,,,,
145379,Kauê Furquim,BAH,ATA,19,0,,,,,,,,,,,,,,,,,,,,
145660,Luiz Felipe,INT,LAT,19,2.9,,,,,,2,,,,,,,,,1,,,,,
145744,André,COR,MEI,19,5,1,,,,,,,,,,,,,,,,,,,
146374,Gilberto Junior,CAP,LAT,19,0,,,,,,,,,,,,,,,,,,,,
146624,Heittor,PAL,ATA,19,1.1,,,,,,1,1,,,,,,,,1,,,,,
147088,Cissé,CAM,MEI,19,0,,,,,,,,,,,,,,,,,,,,
147192,Claudinho,CAP,LAT,19,3.7,,,,,,2,1,,,2,,,,,,,,,,
149990,Franclim Carvalho,BOT,TEC,19,0,,,,,,,,,,,,,,,,,,,,
150197,Osorio,SAO,ZAG,19,6.2,,,,,,4,1,,,1,,,,,,,,,,
151412,Kássio,CHA,ATA,19,1.5,,,,,,1,,,,,,,,,,,,,,
37457,Léo Condé,REM,TEC,19,2.26,,,,,,,,,,,,,,,,,,,,
39850,Vagner Mancini,RBB,TEC,19,0,,,,,,,,,,,,,,,,,,,,
40990,Dorival Júnior,SAO,TEC,19,4.17,,,,,,,,,,,,,,,,,,,,
42411,Cuca,SAN,TEC,19,0,,,,,,,,,,,,,,,,,,,,
42500,Fagner,CRU,LAT,19,13.4,2,1,,,,3,2,,,1,,,,,,,,,,
51772,Everton Ribeiro,BAH,MEI,19,0.5,,,,,,,,,,1,,,,,,,,,,
61987,Alex Sandro,FLA,LAT,19,5.9,,,,,,1,2,,,,,,,,,,,,1,
63008,Rafael Tolói,SAO,ZAG,19,0.5,,,,,,,,,,1,,,,,,,,,,
68920,Dudu,CAM,ATA,19,0,,,,,,,,,,,,,,,,,,,,
68928,Rafael,SAO,GOL,19,0.6,,,,2,,,,,,,,,,2,,,,,,
68938,Giovanni Augusto,CHA,MEI,19,4.4,,,,,,1,,2,,1,,,,,,,,,,
68996,Willian José,BAH,ATA,19,3,,,,,,,,,,,1,,,,,,,,,
69012,Santos,CAP,GOL,19,1.6,,,,2,,,,,,,,,,1,,,,,,
69208,Gabriel Paulista,COR,ZAG,19,5.2,,1,,,,1,1,,,,,,,,,,,,1,
69783,Danilo,FLA,ZAG,19,5,,,,,,,,,,,,,,,,,,,1,
70666,Marllon,REM,ZAG,19,1,,1,,,,1,,,,1,,,,,,,,,,
70944,Bruno Henrique,INT,MEI,19,2.3,,,,,,1,,,1,,,,,,,,,,,
71536,Luiz Gustavo,CAP,MEI,19,0.9,,,,,,,1,1,,,,,,,,,,,,
71684,Gustavo Gómez,PAL,ZAG,19,2.7,,,,,,2,1,,,,,,,,,,,,,
72294,Everson,CAM,GOL,19,2.9,,,,3,,,,,,,,,,1,,,,,,
72391,Fernando Diniz,COR,TEC,19,10.48,,,,,,,,,,,,,,,,,,,,1
72460,Bernard,CAM,MEI,19,9.7,1,,,,,3,2,,1,,,,,,,,,,,
72951,Mercado,INT,ZAG,19,3,,,,,,2,,,,,,,,,,,,,,
77485,Carrillo,COR,MEI,19,-0.1,,,,,,,,,,,,,,,1,,,,,
78248,Gustavo Henrique,COR,ZAG,19,6.2,,,,,,1,1,,,,,,,,,,,,1,
78855,Thiago Santos,CFC,ZAG,19,2.6,,1,,,,2,2,1,,,,,,,,,,,,
79701,Lucas Silva,CRU,MEI,19,-1.3,,1,,,,,1,,,,,,,,,,,,,
80129,Jadson,CAP,MEI,19,-0.6,,,,,,,2,,,,,,,,,,,,,
80196,Yago Pikachu,REM,MEI,19,2,,,,,,1,,,,1,,,,,,,,,,
80287,Luciano,SAO,ATA,19,3.7,,,,,,,,1,,5,,,,,,,,,,
80313,Gilberto,CAP,LAT,19,6.5,,,,,,4,,,,1,,,,,,,,,,
80570,Wendell,SAO,LAT,19,4.6,,,,,,3,2,,1,,,,,,1,,,,,
81720,Lingard,COR,ATA,19,0.2,,,,,,,2,,1,,,,,,,,,,,
82628,Tinga,CFC,LAT,19,0,,,,,,,,,,,,,,,,,,,,
82730,Marcelo Rangel,REM,GOL,19,2.2,,,,4,,,,,,,,,,3,,,,,,
82775,Lucas Ramon,SAO,LAT,19,5,,,,,,3,,,,1,,,,,,,,,,
83048,Rafael Thyere,CHA,ZAG,19,0,,,,,,2,,,,,,,1,,,,,,,
83433,Patrick,REM,MEI,19,5.5,,,,,,3,1,,1,1,,,,,,,,,,
83528,Léo Pereira,FLA,ZAG,19,5,,,,,,,,,,,,,,,,,,,1,
84339,Bruno Melo,CFC,LAT,19,0.5,,,,,,,1,,1,,,,,,,,,,,
84626,Josué,CFC,MEI,19,12.3,1,,,,,1,1,3,,5,,,,,,,,,,
84674,Lucas Evangelista,PAL,MEI,19,0,,,,,,,,,,,,,,,,,,,,
84735,Jorginho,FLA,MEI,19,2.5,,,,,,1,,,,2,,,,,,,,,,
85403,Danielzinho,SAO,MEI,19,1.5,,,,,,1,,,,,,,,,,,,,,
86292,Bolasie,CHA,ATA,19,2.8,,,,,,1,1,,2,,,,,,,,,,,
86859,José Welison,REM,MEI,19,3.1,,,,,,2,3,,,2,,,,,,,,,,
87552,Vitor Bueno,REM,MEI,19,1.2,,,,,,1,1,,,,,,,,,,,,,
87863,Arrascaeta,FLA,MEI,19,0.5,,,,,,,,,,1,,,,,,,,,,
88037,Luís Castro,GRE,TEC,19,0,,,,,,,,,,,,,,,,,,,,
88293,Neto Pessoa,CHA,ATA,19,1.6,,,,,,,,,2,,,,,,,,,,,
88393,Ayrton Lucas,FLA,LAT,19,7.3,,,,,,1,,,1,,,,,,,,,,1,
88963,Leonardo Jardim,FLA,TEC,19,10.98,,,,,,,,,,,,,,,,,,,,1
89256,Gerson,CRU,MEI,19,5.1,,1,,,,3,1,,,4,,,,,1,,,,,
89274,Andreas Pereira,PAL,MEI,19,3,,,,,,1,1,,1,2,,,,,,,,,,
89275,William,CRU,LAT,19,1.5,,,,,,1,,,,,,,,,,,,,,
89840,Calleri,SAO,ATA,19,2.6,,,,,,,,,2,2,,,,,,,,,,
90031,Mendoza,CAP,ATA,19,4,,,,,,,,,,2,1,,,,,,,,,
90061,Bruno Pacheco,CHA,LAT,19,2.7,,1,,,,2,1,,,2,,,,,,,,,,
90285,Bruno Henrique,FLA,ATA,19,7.2,1,,,,,1,1,,,2,,,,,,,,,,
90370,Matheus Pereira,COR,MEI,19,0,,,,,,,,,,,,,,,,,,,,
90768,Fabrício Bruno,CRU,ZAG,19,2.7,,,,,,2,1,,,,,,,,,,,,,
91101,Ronaldo,BAH,GOL,19,2.9,,,,3,,,,,,,,,,1,,,,,,
91473,Erick Pulgar,FLA,MEI,19,2.5,,,,,,1,,,,2,,,,,,,,,,
91573,Arboleda,SAO,ZAG,19,4.5,,,,,,3,,,,,,,,,,,,,,
91772,David Duarte,BAH,ZAG,19,4.2,,,,,,1,1,,,,1,,,,,,,,,
91866,Zé Ivaldo,REM,ZAG,19,2.3,,,,,,1,,,1,,,,,,,,,,,
92087,Lyanco,CAM,ZAG,19,0,,,,,,,,,,,,,,,,,,,,
92180,Jair Ventura,VIT,TEC,19,0,,,,,,,,,,,,,,,,,,,,
92273,Odair Hellmann,CAP,TEC,19,6.1,,,,,,,,,,,,,,,,,,,,1
92747,Eduardo Domínguez,CAM,TEC,19,3.88,,,,,,,,,,,,,,,,,,,,
92811,Bruno Rodrigues,CRU,ATA,19,0.8,,,,,,,,,1,,,,,,,,,,,
93478,Wanderson,CRU,ATA,19,0,,,,,,,,,,,,,,,,,,,,
93790,Marlon Freitas,PAL,MEI,19,6.4,,,,,,4,3,,1,1,,,,,,,,,,
93988,Breno Lopes,CFC,ATA,19,1.5,,,,,,,,,,3,,,,,,,,,,
94154,Maycon,CAM,MEI,19,1.5,,,,,,1,,,,,,,,,,,,,,
94583,Pedro,FLA,ATA,19,18.8,,,,,,,,1,2,,,2,,,,,,,,
95131,Gabriel Taliari,REM,ATA,19,0.5,,,,,,,,,,1,,,,,,,,,,
95332,Marcinho,CHA,ATA,19,4.9,,,,,,2,1,1,,2,,,,,,,,,,
95362,Cassierra,CAM,ATA,19,5.8,,,,,,,,1,2,,1,,,,,,,,,
95799,Artur,SAO,ATA,19,8.5,,,,,,,,,,1,,1,,,,,,,,
96591,Renan Lodi,CAM,LAT,19,3.4,,,,,,,,,3,2,,,,,,,,,,
96610,Matheus Pereira,CRU,MEI,19,13.9,,1,,,,3,1,,1,4,,1,,,1,,,,,
96652,Allan,COR,MEI,19,1.6,,,,,,,2,1,,2,,,,,,,,,,
96870,Emerson Royal,FLA,LAT,19,11.5,,,,,,4,,,,1,,,,,,,,,1,
97101,Gabriel Rojas,CRU,LAT,19,4.4,,,,,,3,2,,,1,,,,,,,,,,
97341,Rogério Ceni,BAH,TEC,19,4.75,,,,,,,,,,,,,,,,,,,,
97642,Félix Torres,INT,ZAG,19,3.7,,,,,,2,,,1,,,,,,1,,,,,
97653,Murilo,PAL,ZAG,19,1.2,,,,,,1,1,,,,,,,,,,,,,
97795,Marcelinho,REM,LAT,19,0.4,,,,,,,,,,1,,,,,1,,,,,
97868,Iago,BAH,LAT,19,-0.3,,,,,,,1,,,,,,,,,,,,,
97878,Jacy,CFC,ZAG,19,4.9,,,,,,3,3,,1,1,,,,,,,,,,
97899,Matheus Bahia,INT,LAT,19,9.5,1,,,,,3,,,,,,,,,,,,,,
97900,Vitão,FLA,ZAG,19,5,,,,,,,,,,,,,,,,,,,1,
97905,Matheus Aurélio,CHA,GOL,19,-0.1,,,,3,,,,,,,,,,4,,,,,,
98022,Erick,BAH,MEI,19,1.5,,1,,,,1,2,,2,,,,,,,,,,,
98617,Maripán,INT,ZAG,19,0.7,,,,,,,2,,1,1,,,,,,,,,,
98720,Angileri,COR,LAT,19,8.8,,,,,,2,,,1,,,,,,,,,,1,
98873,Samuel Lino,FLA,ATA,19,11.6,1,,,,,4,2,1,,,,,,,,,,,,
98909,Cuello,CAM,ATA,19,5.3,,,,,,1,,2,,3,,,,,1,,,,,
99274,Alexander Barboza,PAL,ZAG,19,1.1,,1,,,,2,3,,,,,,,,,,,,,
99366,Luis Zubeldía,FLU,TEC,19,0,,,,,,,,,,,,,,,,,,,,
99552,Rossi,FLA,GOL,19,8.9,,,,3,,,,,,,,,,,,,,,1,
99815,Arias,PAL,MEI,19,5.4,,,,,,1,2,,,3,1,,,,,,,,,
100084,Igor Gomes,CAM,MEI,20,9.5,,,,,,1,,,,,,1,,,,,,,,
100652,Yuri Alberto,COR,ATA,20,-0.6,,,,,,,2,,,,,,,,,,,,,
100695,Fernando,RBB,ATA,20,4,,,,,,1,1,1,2,,,,,,,,,,,
100742,Matheus Henrique,CRU,MEI,20,2.2,,,,,,,1,,,5,,,,,,,,,,
100842,Ruan,CAM,ZAG,20,4.7,,1,,,,4,1,,,,,,,,,,,,,
100848,Luan Cândido,VIT,LAT,20,0.5,,,,,,,1,,1,,,,,,,,,,,
100898,Vitinho,BOT,LAT,20,9.5,,,,,,3,,,,,,,,,,,,,1,
100987,Nonato,FLU,MEI,20,1.2,,,,,,1,1,,,,,,,,,,,,,
101254,Alef Manga,REM,ATA,20,10.6,,,,,,1,,1,,,,1,,,1,,,,,
101290,Ferreira,SAO,ATA,20,0.9,,,,,,1,2,,,,,,,,,,,,,
101314,Ademir,BAH,ATA,20,2.5,,,,,,1,,,,2,,,,,,,,,,
101319,Guga,FLU,LAT,20,0.2,,1,,,,1,1,,,,,,,,,,,,,
101352,Bruno Matias,CHA,MEI,20,-1.8,,1,,,,,1,,,1,,,,,,1,,,,
101393,Eduardo Doma,CHA,ZAG,20,1.5,,,,,,1,,,,,,,,,,,,,,
101574,Hugo Souza,COR,GOL,20,0.3,,,,1,,,,,,,,,,1,,,,,,
101597,Ramon,VIT,LAT,20,2,,,,,,1,1,,1,,,,,,,,,,,
101708,Felipe Jonatan,CFC,LAT,20,5.5,,,,,,,,,,1,,,,,,,,,1,
101715,Alerrandro,INT,ATA,20,3.9,,,,,,,,,3,3,,,,,,,,,,
101727,Matheuzinho,COR,LAT,20,2.4,,,,,,1,1,1,,,,,,,,,,,,
101807,Oliva,SAN,MEI,20,-0.3,,,,,,,1,,,,,,,,,,,,,
101820,Mayk,REM,LAT,20,12,1,,,,,1,1,,1,,,,,,,,,,1,
101960,Vitinho,INT,ATA,20,3.4,,,,,,,,,,1,1,,,,1,,,,,
102130,Piquerez,PAL,LAT,20,2,,,,,,1,,,,1,,,,,,,,,,
102256,Rollheiser,SAN,MEI,20,1,,,,,,,1,,1,1,,,,,,,,,,
102310,Matheus Felipe,REM,ZAG,20,4.9,,1,,,,1,2,,,,,,,,,,,,1,
102340,Cacá,VIT,ZAG,20,1.4,,1,,,,2,2,,,,,,,,,,,,,
102911,Zé Ricardo,REM,MEI,20,6,1,,,,,,4,1,,2,,,,,,,,,,
102928,Canobbio,FLU,ATA,20,3.7,,1,,,,2,1,,,4,,,,,,,,,,
102975,Escobar,SAN,LAT,20,4.7,,,,,,3,1,,,1,,,,,,,,,,
103056,Gabriel Brazão,SAN,GOL,20,0.6,,,,2,,,,,,,,,,2,,,,,,
103295,Eric Ramires,RBB,MEI,20,-0.3,,,,,,,1,,,,,,,,,,,,,
103347,Matheus Alexandre,REM,LAT,20,5,,,,,,,,,,,,,,,,,,,1,
103445,Kaio Jorge,CRU,ATA,20,3.1,,1,,,,,,1,3,1,,,,,,,,,,
103523,Ignácio,FLU,ZAG,20,0,,,,,,,,,,,,,,,,,,,,
103767,Gabriel Menino,SAN,MEI,20,3.9,,,,,,1,,2,,,,,,,,,,,,
103967,Bruno Santos,MIR,ATA,20,0.7,,,,,,,2,,1,1,,,,,,,,,,
104027,Rafael Guanaes,MIR,TEC,20,4.08,,,,,,,,,,,,,,,,,,,,
104036,Labyad,COR,MEI,20,0,,,,,,,,,,,,,,,,,,,,
104075,Sabino,SAO,ZAG,20,1.5,,,,,,1,,,,,,,,,,,,,,
104084,Carlos Miguel,PAL,GOL,20,0.6,,,,2,,,,,,,,,,2,,,,,,
104118,Lucas Arcanjo,VIT,GOL,20,7.1,,,,7,,,,,,,,,,2,,,,,,
104204,Edson Carioca,MIR,ATA,20,4,,,,,,2,,,,2,,,,,,,,,,
104519,Camilo,CHA,MEI,20,4.2,,1,,,,3,1,,,2,,,,,,,,,,
104783,Acevedo,BAH,MEI,20,2.4,,,,,,2,2,,,,,,,,,,,,,
105047,João Marcelo,CRU,ZAG,20,-0.3,,,,,,,1,,,,,,,,,,,,,
105048,Jajá,REM,ATA,20,11.9,,,,,,1,,2,,,,1,,,,,,,,
105089,Tetê,GRE,ATA,20,2.3,,,,,,1,1,1,,,,,,,1,,,,,
105157,Villagra,INT,MEI,20,3.9,,,,,,3,2,,,,,,,,,,,,,
105214,Santi Rodríguez,BOT,MEI,20,-0.3,,,,,,,1,,,,,,,,,,,,,
105300,Ferraresi,BOT,ZAG,20,3.9,,1,,,,,2,,,1,,,,,,,,,1,
105563,Carlos Vinícius,GRE,ATA,20,3.5,,1,,,,1,2,1,3,,,,,,,,,,,
105584,Lucas Piton,VAS,LAT,20,0.2,,,,,,,1,,,1,,,,,,,,,,
105647,Maurício,PAL,MEI,20,2,,,,,,1,,,,1,,,,,,,,,,
105901,Edson Fernando,REM,MEI,20,-0.3,,,,,,,1,,,,,,,,,,,,,
105903,Aldo Filho,MIR,MEI,20,-0.3,,,,,,,1,,,,,,,,,,,,,
105990,Santiago Mingo,BAH,ZAG,20,2.1,,,,,,2,3,,,,,,,,,,,,,
106104,Enamorado,GRE,ATA,20,0,,,,,,,,,,,,,,,,,,,,
106202,Bruno Gomes,INT,MEI,20,1.5,,,,,,,1,,1,2,,,,,,,,,,
106294,Marcos Antônio,SAO,MEI,20,2.1,,,,,,1,1,,,2,,,,,1,,,,,
106302,Preciado,CAM,LAT,20,-1.6,,1,,,,,2,,,,,,,,,,,,,
106708,Igor Formiga,MIR,LAT,20,13.3,,,,,,3,,,1,,,1,,,,,,,,
106822,Rodrigo Nestor,BAH,MEI,20,10.5,1,,,,,1,2,1,3,2,,,,,,,,,,
106907,Rafael Lacerda,CHA,TEC,20,3.36,,,,,,,,,,,,,,,,,,,,
106950,Fernando,CHA,LAT,20,5,,,,,,3,,,,1,,,,,,,,,,
107093,Luciano Juba,BAH,LAT,20,1.5,,,,,,1,,,,,,,,,,,,,,
107203,Max,CHA,MEI,20,3.2,,,,,,2,2,,1,,,,,,,,,,,
107231,Danilo,BOT,MEI,20,1.2,,,,,,1,1,,,,,,,,,,,,,
107256,Zé Vitor,VIT,MEI,20,8.7,,,,,,5,1,,,3,,,,,,,,,,
107516,Ênio,CHA,ATA,20,-0.1,,,,,,,2,,,1,,,,,,,,,,
107554,Natanael,CAM,LAT,20,2.2,,,,,,1,1,,,2,,,,,,,,,,
107985,Terán,CAP,ZAG,20,6.2,,,,,,1,1,,,,,,,,,,,,1,
107989,Carbonero,INT,ATA,20,1.7,,,,,,,1,,1,3,,,,,3,,,,,
108133,Isidro Pitta,RBB,ATA,20,0.8,,,,,,,,,1,,,,,,,,,,,
108162,Nardoni,GRE,MEI,20,2.5,,1,,,,2,4,1,,1,,,,,,,,,,
108683,Emiliano Martínez,PAL,MEI,20,3.6,,,,,,2,2,1,,,,,,,,,,,,
108946,Victor Sá,SAO,ATA,20,1.5,,,,,,1,,,,,,,,,,,,,,
109097,Jovane Cabral,GRE,ATA,20,5.8,1,,,,,,,,1,,,,,,,,,,,
109127,Tiago Cóser,CFC,ZAG,20,5.5,,,,,,,,,,1,,,,,,,,,1,
109401,Erick Pulga,BAH,ATA,20,0.8,,,,,,,1,,1,1,,,,,2,,,,,
109573,Martinelli,FLU,MEI,20,0,,,,,,,,,,,,,,,,,,,,
109987,Medina,BOT,MEI,20,1.4,,,,,,1,2,,,1,,,,,,,,,,
110144,Spinelli,VAS,ATA,20,5.8,,,,,,1,1,1,3,2,,,,,,,,,,
110426,Bernabei,INT,LAT,20,1.4,,,,,,,2,1,1,,,,,,,,,,,
110506,Abel Ferreira,PAL,TEC,20,5.02,,,,,,,,,,,,,,,,,,,,
110510,Aguirre,INT,LAT,20,2.6,,,,,,1,,1,,,,,,,1,,,,,
110605,Vinícius Balieiro,CHA,MEI,20,0,,,,,,,,,,,,,,,,,,,,
110668,Esquivel,CAP,LAT,20,7.6,,,,,,2,3,,,1,,,,,,,,,1,
110708,Pedro Rangel,CFC,GOL,20,8.9,,,,3,,,,,,,,,,,,,,,1,
110715,Andrés Hurtado,RBB,LAT,20,6.2,,,,,,1,1,,,,,,,,,,,,1,
110750,Gustavo Marques,RBB,ZAG,20,4,,1,,,,,,,,,,,,,,,,,1,
111246,Alix Vinicius,RBB,ZAG,20,6.7,,,,,,1,1,,,1,,,,,,,,,1,
111309,Gustavo Martins,GRE,ZAG,20,1.5,,,,,,1,,,,,,,,,,,,,,
111682,Adson,VAS,MEI,20,3.5,,,,,,2,,,,1,,,,,,,,,,
111683,Anthoni,INT,GOL,20,-0.7,,,,1,,,,,,,,,,2,,,,,,
111831,Matheus Martins,BOT,ATA,20,1.2,,,,,,,2,,1,2,,,,,,,,,,
112576,Vini Paulista,CFC,MEI,20,0.5,,1,,,,1,,,,,,,,,,,,,,
112616,Gabriel Grando,GRE,GOL,20,0.3,,,,1,,,,,,,,,,1,,,,,,
112886,Lucas Barbosa,RBB,ATA,20,3.5,,1,,,,2,3,,3,,,,,,,,,,,
113034,Freytes,FLU,ZAG,20,2,,,,,,1,,,,1,,,,,,,,,,
113113,Benavídez,CAP,LAT,20,6.3,,,,,,,,,1,1,,,,,,,,,1,
113125,Picco,REM,MEI,20,2.9,,,,,,2,2,,,1,,,,,,,,,,
113158,Marquinhos,CRU,ATA,20,1.5,,,,,,,,,,3,,,,,,,,,,
113359,Pablo Maia,SAO,MEI,20,1.2,,,,,,1,1,,,,,,,,,,,,,
114040,Minda,CAM,ATA,20,5.8,1,,,,,,,,1,,,,,,,,,,,
114208,Alejo Véliz,BAH,ATA,20,1,,,,,,,2,,2,,,,,,,,,,,
114405,Sinisterra,CRU,ATA,20,2.4,,,,,,2,2,,,,,,,,,,,,,
114802,Vitor Roque,PAL,ATA,20,1.3,,,,,,,,,1,1,,,,,,,,,,
115479,Paulo Pezzolano,INT,TEC,20,2.48,,,,,,,,,,,,,,,,,,,,
115914,Evertton Araújo,FLA,MEI,20,0,,,,,,,,,,,,,,,,,,,,
115986,Denilson,MIR,MEI,20,3.2,,,,,,2,1,,,1,,,,,,,,,,
116034,Victor Hugo,CAM,MEI,20,9,,,,,,,,,,2,,1,,,,,,,,
116065,Cuiabano,VAS,LAT,20,3.9,,,,,,3,2,,,,,,,,,,,,,
116447,Hércules,FLU,MEI,20,0,,1,,,,,2,,2,,,,,,,,,,,
116461,Jamerson,VIT,LAT,20,3,,,,,,2,,,,,,,,,,,,,,
116706,Andrés Gómez,VAS,ATA,20,13.4,,,,,,2,,,3,,,1,,,,,,,,
117061,Gabriel Knesowitsch,MIR,ZAG,20,1.5,,,,,,1,,,,,,,,,,,,,,
117330,Robert Renan,VAS,ZAG,20,7.5,,,,,,5,,,,,,,,,,,,,,
117404,Otávio,CRU,GOL,20,1.6,,,,2,,,,,,,,,,1,,,,,,
117632,Garro,COR,MEI,20,1.7,,,,,,,1,,,4,,,,,,,,,,
117910,Breno Bidon,COR,MEI,20,-1.1,,1,,,,,2,,,1,,,,,,,,,,
117930,Lavega,CFC,ATA,20,1,,,,,,,,,,2,,,,,,,,,,
118563,Rodriguinho,RBB,MEI,20,5.5,,,,,,3,2,,2,,,,,,,,,,,
118774,Alexsander,CAM,MEI,20,0,,,,,,,,,,,,,,,,,,,,
118844,Kaio César,COR,ATA,20,8.9,,,,,,5,2,,,4,,,,,,,,,,
121823,Kauê,COR,GOL,20,-1,,1,,,,,,,,,,,,,,,,,,
122321,Lorran,FLA,MEI,20,3.9,,,,,,1,,2,,,,,,,,,,,,
122439,Isaac,CAP,ATA,20,-0.3,,,,,,,1,,,,,,,,,,,,,
122485,Barros,VAS,MEI,20,2.6,,,,,,2,3,,,1,,,,,,,,,,
122573,Wallace Yan,FLA,ATA,20,-0.1,,,,,,,,,,,,,,,1,,,,,
122660,Japa,MIR,MEI,20,7.4,,,,,,2,1,2,1,3,,,,,,,,,,
122670,Diego Caito,GRE,LAT,20,8.8,,,,,,,,,1,,,1,,,,,,,,
122781,Caballero,SAN,ATA,20,3,,,,,,1,,,,1,,,,,,,,1,,
122897,Guzmán Rodríguez,RBB,ZAG,20,-1,,1,,,,,,,,,,,,,,,,,,
123101,Leozinho,CAP,ATA,20,15.1,,,,,,3,1,,3,1,,1,,,,,,,,
123648,Lucas Ronier,CFC,ATA,20,2.5,,,,,,1,,,,2,,,,,,,,,,
123689,Milans,COR,LAT,20,1.8,,,,,,1,2,,,2,,,,,1,,,,,
123717,Zé Guilherme,BAH,LAT,20,1.2,,1,,,,1,1,,,2,,,,,,,,,,
123738,Herrera,RBB,ATA,20,8.5,,,,,,4,1,1,2,,,,,,,,,,,
123869,Aguirre,CAP,ZAG,20,4.1,,,,,,,3,,,,,,,,,,,,1,
124239,Henry Mosquera,RBB,ATA,20,1.4,,,,,,,1,1,,1,,,,,,,,,,
124526,Giay,PAL,LAT,20,3.2,,,,,,2,1,,,1,,,,,,,,,,
124912,Jonathan Jesus,CRU,ZAG,20,2.4,,1,,,,2,3,,1,1,,,,,,,,,,
126189,Tomás Pérez,CAM,MEI,20,4.5,,,,,,3,,,,,,,,,,,,,,
126471,Barreal,SAN,MEI,20,8.2,1,1,,,,3,1,,,,,,,,,,,,,
126977,Fernando Seabra,CFC,TEC,20,5.55,,,,,,,,,,,,,,,,,,,,
127273,Artur Jorge,CRU,TEC,20,3.77,,,,,,,,,,,,,,,,,,,,
128177,Pedro Emanuel,VAS,TEC,20,4.31,,,,,,,,,,,,,,,,,,,,
128431,João Cruz,CAP,MEI,20,0,,,,,,,,,,,,,,,,,,,,
128433,Johan Rojas,VAS,MEI,20,0.8,,,,,,,,,1,,,,,,,,,,,
130048,Noriega,GRE,ZAG,20,2.9,,,,,,2,2,,,1,,,,,,,,,,
130209,Renê,VIT,ATA,20,3,,,,,,,,1,1,2,,,,,,,,,,
131617,André Silva,SAO,ATA,20,-0.3,,,,,,,1,,,,,,,,,,,,,
131832,Portilla,CAP,MEI,20,0,,,,,,,,,,,,,,,,,,,,
132071,Serna,FLU,ATA,20,2.9,,,,,,2,2,,,1,,,,,,,,,,
132264,Arroyo,CRU,ATA,20,1.5,,1,,,,,,1,1,1,,,,,,,,,,
132274,Ignacio Sosa,RBB,MEI,20,0.4,,1,,,,1,2,,,1,,,,,,,,,,
132412,Román Gómez,BAH,LAT,20,1.6,,,,,,1,3,,,2,,,,,,,,,,
132580,Vinicinho,RBB,ATA,20,0,,,,,,,,,,,,,,,,,,,,
136955,Sanabria,BAH,ATA,20,2.5,,,,,,1,,,,2,,,,,,,,,,
140438,David,CHA,MEI,20,1.5,,,,,,1,,,,,,,,,,,,,,
141339,Paulo Roberto,CFC,ATA,20,-1.3,,1,,,,,1,,,,,,,,,,,,,
141344,Vitor Tissi,CFC,MEI,20,0,,,,,,,,,,,,,,,,,,,,
141400,Huguinho,BOT,MEI,20,5.4,,1,,,,4,2,,,2,,,,,,,,,,
141594,Pedro Gabriel,GRE,LAT,20,0,,,,,,,,,,,,,,,,,,,,
141754,Gabriel Bontempo,SAN,MEI,20,5.8,,,,,,3,,,1,1,,,,,,,,,,
141763,Fabiano Souza,VIT,LAT,20,1.2,,,,,,1,1,,,,,,,,,,,,,
142004,Amuzu,GRE,ATA,20,3,,,,,,1,,,,3,,,,,,,,,,
142086,Kauan Toledo,BOT,ATA,20,0.2,,,,,,,1,,,1,,,,,,,,,,
142279,Nuno Moreira,VAS,MEI,20,-1.3,,1,,,,,1,,,,,,,,,,,,,
142877,Villalba,BOT,ATA,20,-0.3,,,,,,,1,,,,,,,,,,,,,
142890,Montoro,BOT,MEI,20,4.7,,,,,,1,,1,,4,,,,,,,,,,
143153,Tarzia,VIT,ATA,20,3.2,,,,,,1,2,2,,,,,,,1,,,,,
143193,Viveros,CAP,ATA,20,19.2,1,,,,,1,1,1,3,3,,1,,,1,,,,,
143600,Kauã Moraes,CRU,LAT,20,2.7,,,,,,1,,1,,,,,,,,,,,,
145379,Kauê Furquim,BAH,ATA,20,1.5,,,,,,,,,,3,,,,,,,,,,
145404,Arthur,PAL,LAT,20,0.5,,,,,,,,,,1,,,,,,,,,,
145563,João Ananias,SAN,ZAG,20,2.2,,,,,,3,2,,1,1,,,1,,,,,,,
145744,André,COR,MEI,20,4.7,1,,,,,,1,,,,,,,,,,,,,
146375,Kadir,BOT,ATA,20,-0.1,,1,,,,1,2,,,,,,,,,,,,,
146430,Justino,BOT,ZAG,20,14.2,,,,,,1,1,,,,,1,,,,,,,1,
146624,Heittor,PAL,ATA,20,0,,,,,,,,,,,,,,,,,,,,
147088,Cissé,CAM,MEI,20,2.2,,,,,,1,2,,1,1,,,,,,,,,,
147192,Claudinho,CAP,LAT,20,5.9,,,,,,1,2,,,,,,,,,,,,1,
147202,João Bezerra,INT,ATA,20,1.2,,,,,,,,1,,,,,,,,,,,,
149990,Franclim Carvalho,BOT,TEC,20,7.33,,,,,,,,,,,,,,,,,,,,1
150180,Ramon Rique,VAS,MEI,20,3.9,,,,,,2,1,1,,,,,,,,,,,,
150197,Osorio,SAO,ZAG,20,6.4,1,,,,,1,2,,,1,,,,,,,,,,
37457,Léo Condé,REM,TEC,20,9.31,,,,,,,,,,,,,,,,,,,,1
37656,Fábio,FLU,GOL,20,4.2,,,,4,,,,,,,,,,1,,,,,,
37715,Thiago Silva,FLU,ZAG,20,-0.8,,1,,,,,1,,,1,,,,,,,,,,
39148,Hulk,FLU,ATA,20,10.3,,,,,,1,,,,2,,1,,,2,,,,,
39850,Vagner Mancini,RBB,TEC,20,5.31,,,,,,,,,,,,,,,,,,,,
40990,Dorival Júnior,SAO,TEC,20,4.13,,,,,,,,,,,,,,,,,,,,
42411,Cuca,SAN,TEC,20,6.21,,,,,,,,,,,,,,,,,,,,
42500,Fagner,CRU,LAT,20,-0.8,,1,,,,,1,,,1,,,,,,,,,,
51413,Walter,MIR,GOL,20,0.6,,1,,2,,,,,,,,,,1,,,,,,
51772,Everton Ribeiro,BAH,MEI,20,-0.3,,,,,,,1,,,,,,,,,,,,,
61987,Alex Sandro,FLA,LAT,20,2.4,,1,,,,2,2,,,2,,,,,,,,,,
63007,Neymar,SAN,MEI,20,22.8,,1,,,,1,,3,1,4,,2,,,1,,,,,
68685,Alan Patrick,INT,MEI,20,0.5,,,,,,,,,,1,,,,,,,,,,
68708,Eduardo,MIR,MEI,20,0.8,,,,,,,,,1,,,,,,,,,,,
68928,Rafael,SAO,GOL,20,4.7,,,,4,,,,,,1,,,,1,,,,,,
68938,Giovanni Augusto,CHA,MEI,20,5.8,1,,,,,,2,,,3,,,,,1,,,,,
68996,Willian José,BAH,ATA,20,0,,,,,,,,,,,,,,,,,,,,
69012,Santos,CAP,GOL,20,10.2,,,,4,,,,,,,,,,,,,,,1,
69208,Gabriel Paulista,COR,ZAG,20,1,,,,,,,,,,2,,,,,,,,,,
70360,Eduardo Sasha,RBB,ATA,20,0.8,,,,,,,,,1,,,,,,,,,,,
70592,Felipe Anderson,PAL,MEI,20,10,,,,,,1,,,,1,,1,,,,,,,,
70944,Bruno Henrique,INT,MEI,20,1.5,,,,,,1,,,,,,,,,,,,,,
71536,Luiz Gustavo,CAP,MEI,20,4,,,,,,2,1,,1,1,,,,,,,,,,
71684,Gustavo Gómez,PAL,ZAG,20,3.1,,,,,,1,,,2,,,,,,,,,,,
72018,Tiago Volpi,RBB,GOL,20,7.6,,,,2,,,,,,,,,,,,,,,1,
72294,Everson,CAM,GOL,20,5.5,,,,5,,,,,,,,,,1,,,,,,
72391,Fernando Diniz,COR,TEC,20,3.28,,,,,,,,,,,,,,,,,,,,
72460,Bernard,CAM,MEI,20,2,,,,,,1,,,,1,,,,,,,,,,
72493,Alex Telles,BOT,LAT,20,9.5,1,1,,,,,1,,1,,,,,,,,,,1,
72605,Vitor Hugo,CAM,ZAG,20,0,,,,,,,,,,,,,,,,,,,,
77485,Carrillo,COR,MEI,20,3.8,,,,,,2,,,1,,,,,,,,,,,
78248,Gustavo Henrique,COR,ZAG,20,3,,,,,,2,,,,,,,,,,,,,,
78445,Renê,FLU,LAT,20,3.5,,,,,,2,,,,1,,,,,,,,,,
78478,Willian Arão,SAN,MEI,20,7.5,,,,,,5,,,,,,,,,,,,,,
78850,Reinaldo,MIR,LAT,20,5,1,,,,,,,,,,,,,,,,,,,
78855,Thiago Santos,CFC,ZAG,20,7.2,,,,,,1,1,,,2,,,,,,,,,1,
79631,Cano,FLU,ATA,20,2,,,,,,,,1,1,,,,,,,,,,,
80129,Jadson,CAP,MEI,20,6,,,,,,4,,,,,,,,,,,,,,
80196,Yago Pikachu,REM,MEI,20,1,,1,,,,1,,,,1,,,,,,,,,,
80287,Luciano,SAO,ATA,20,-0.1,,,,,,,2,,,1,,,,,,,,,,
80313,Gilberto,CAP,LAT,20,8.8,,,,,,2,,,1,,,,,,,,,,1,
80570,Wendell,SAO,LAT,20,3,,1,,,,2,1,,1,1,,,,,,,,,,
81091,Jair,VAS,MEI,20,3,,,,,,2,,,,,,,,,,,,,,
82407,Chico Kim,MIR,MEI,20,0.5,,,,,,,,,,1,,,,,,,,,,
82628,Tinga,CFC,LAT,20,7,,,,,,1,,,,1,,,,,,,,,1,
82730,Marcelo Rangel,REM,GOL,20,11.5,,,,5,,,,,,,,,,,,,,,1,
82775,Lucas Ramon,SAO,LAT,20,2.8,,1,,,,2,4,,,4,,,,,,,,,,
83257,Gabriel,SAN,ATA,20,2,,,,,,1,1,,1,,,,,,,,,,,
83433,Patrick,REM,MEI,20,6,,,,,,2,,,,,1,,,,,,,,,
83528,Léo Pereira,FLA,ZAG,20,7.7,,,,,,,1,,,,,1,,,,,,,,
84339,Bruno Melo,CFC,LAT,20,5,,,,,,,,,,,,,,,,,,,1,
84558,Lucas Romero,CRU,MEI,20,12.4,,,,,,7,1,1,,2,,,,,,,,,,
84626,Josué,CFC,MEI,20,5.7,,,,,,1,1,,,3,1,,,,,,,,,
84674,Lucas Evangelista,PAL,MEI,20,0,,,,,,,,,,,,,,,,,,,,
84735,Jorginho,FLA,MEI,20,5.7,1,,,,,,1,,,2,,,,,,,,,,
85403,Danielzinho,SAO,MEI,20,3.2,,,,,,2,1,,,1,,,,,,,,,,
86292,Bolasie,CHA,ATA,20,3.4,,,,,,1,1,1,,2,,,,,,,,,,
86485,Keno,CFC,ATA,20,0.5,,,,,,,,,,1,,,,,,,,,,
86686,Tchê Tchê,VAS,MEI,20,0.5,,,,,,,,,,1,,,,,,,,,,
86757,Everton,FLA,ATA,20,2,,,,,,1,,,,1,,,,,,,,,,
86859,José Welison,REM,MEI,20,4.9,,,,,,3,3,,1,1,,,,,,,,,,
87008,Léo Jardim,VAS,GOL,20,1.6,,,,2,,,,,,,,,,1,,,,,,
87225,Pedro Henrique,RBB,ZAG,20,4.7,,,,,,,1,,,,,,,,,,,,1,
87228,Guilherme Arana,FLU,LAT,20,0,,,,,,,,,,,,,,,,,,,,
87258,Soteldo,FLU,ATA,20,1.5,,,,,,1,,,,,,,,,,,,,,
87342,Kannemann,GRE,ZAG,20,0.2,,,,,,1,1,,,,,,,,,1,,,,
87470,Thaciano,SAN,MEI,20,1.5,,,,,,1,,,,,,,,,,,,,,
87552,Vitor Bueno,REM,MEI,20,0.9,,,,,,,1,1,,,,,,,,,,,,
87863,Arrascaeta,FLA,MEI,20,1.2,,,,,,,,1,,,,,,,,,,,,
88037,Luís Castro,GRE,TEC,20,3.15,,,,,,,,,,,,,,,,,,,,
88479,Walace,VIT,MEI,20,0.8,,,,,,,,,1,,,,,,,,,,,
88963,Leonardo Jardim,FLA,TEC,20,4.93,,,,,,,,,,,,,,,,,,,,
89274,Andreas Pereira,PAL,MEI,20,1.7,,,,,,,,1,,1,,,,,,,,,,
89275,William,CRU,LAT,20,0,,,,,,,,,,,,,,,,,,,,
89368,Braithwaite,GRE,ATA,20,0,,,,,,,,,,,,,,,,,,,,
89837,Lucho Acosta,FLU,MEI,20,-0.3,,,,,,,1,,,,,,,,,,,,,
89840,Calleri,SAO,ATA,20,9.9,,1,,,,2,2,,,1,,1,,,,,,,,
90031,Mendoza,CAP,ATA,20,-0.1,,,,,,,,,,,,,,,1,,,,,
90061,Bruno Pacheco,CHA,LAT,20,0,,,,,,,,,,,,,,,,,,,,
90285,Bruno Henrique,FLA,ATA,20,3.2,,,,,,1,3,1,,3,,,,,1,,,,,
90302,Pedro Rocha,CFC,ATA,20,5.2,,,,,,1,,2,1,1,,,,,,,,,,
90309,David,VAS,ATA,20,-0.4,,,,,,,1,,,,,,,,1,,,,,
90370,Matheus Pereira,COR,MEI,20,-0.3,,,,,,,1,,,,,,,,,,,,,
90588,Caíque,VIT,MEI,20,4.5,,,,,,2,,,,3,,,,,,,,,,
90703,Matheuzinho,VIT,MEI,20,1.8,,,,,,,,,1,2,,,,,,,,,,
90768,Fabrício Bruno,CRU,ZAG,20,1.2,,,,,,1,1,,,,,,,,,,,,,
90917,Carlos Eduardo,MIR,ATA,20,1.3,,,,,,,,,1,1,,,,,,,,,,
91101,Ronaldo,BAH,GOL,20,0.3,,,,1,,,,,,,,,,1,,,,,,
91130,Fernandinho,MIR,ATA,20,3.5,,,,,,2,,,,1,,,,,,,,,,
91204,Warleson,BOT,GOL,20,11,,1,,5,,,,,,1,,,,,,,,,1,
91473,Erick Pulgar,FLA,MEI,20,11,,,,,,4,1,,1,3,1,,,,,,,,,
91573,Arboleda,SAO,ZAG,20,7.4,,,,,,5,,,,,,,,,1,,,,,
91607,Rony,SAN,ATA,20,2.1,,,,,,,,,2,1,,,,,,,,,,
91706,Marlon,GRE,LAT,20,0.7,,,,,,,1,,,2,,,,,,,,,,
91772,David Duarte,BAH,ZAG,20,9,,1,,,,1,,,,1,,1,,,,,,,,
91866,Zé Ivaldo,REM,ZAG,20,7.2,,1,,,,1,1,1,1,,,,,,,,,,1,
91908,Pavón,GRE,ATA,20,2,,,,,,1,,,,1,,,,,,,,,,
92087,Lyanco,CAM,ZAG,20,0.8,,,,,,,,,1,,,,,,,,,,,
92171,Arthur Cabral,BOT,ATA,20,3.1,,,,,,1,2,1,,2,,,,,,,,,,
92180,Jair Ventura,VIT,TEC,20,4.2,,,,,,,,,,,,,,,,,,,,
92182,Juninho,INT,ZAG,20,0,,,,,,,,,,,,,,,,,,,,
92273,Odair Hellmann,CAP,TEC,20,9.45,,,,,,,,,,,,,,,,,,,,1
92696,Renato Kayzer,VIT,ATA,20,0.5,,,,,,,,,,1,,,,,,,,,,
92747,Eduardo Domínguez,CAM,TEC,20,5.23,,,,,,,,,,,,,,,,,,,,1
92811,Bruno Rodrigues,CRU,ATA,20,1.7,,,,,,1,2,,,2,,,,,2,,,,,
93368,Lucas Veríssimo,SAN,ZAG,20,1.9,,1,,,,2,2,,,1,,,,,,,,,,
93478,Wanderson,CRU,ATA,20,7.7,,,,,,4,1,1,1,,,,,,,,,,,
93637,Bruno Tubarão,CHA,LAT,20,1.1,,1,,,,1,2,1,,,,,,,,,,,,
93790,Marlon Freitas,PAL,MEI,20,1.7,,,,,,1,1,,,1,,,,,,,,,,
93988,Breno Lopes,CFC,ATA,20,0.9,,,,,,,,,,2,,,,,1,,,,,
94034,Kevin Ramírez,CHA,ATA,20,0.5,,,,,,,,,,1,,,,,,,,,,
94154,Maycon,CAM,MEI,20,-0.3,,,,,,,1,,,,,,,,,,,,,
94514,Lucas Oliveira,MIR,ZAG,20,1.2,,,,,,1,1,,,,,,,,,,,,,
94583,Pedro,FLA,ATA,20,1.7,,,,,,1,2,,1,,,,,,,,,,,
94968,Juninho Capixaba,RBB,LAT,20,5.6,,,,,,1,3,,,,,,,,,,,,1,
95131,Gabriel Taliari,REM,ATA,20,-0.3,,,,,,,1,,,,,,,,,,,,,
95332,Marcinho,CHA,ATA,20,7.7,,,,,,,1,,,,,1,,,,,,,,
95362,Cassierra,CAM,ATA,20,2.4,,,,,,,,2,,,,,,,,,,,,
95466,Igor Vinícius,SAN,LAT,20,1.4,,,,,,1,2,,,1,,,,,,,,,,
95556,Raniele,COR,MEI,20,3.2,,1,,,,2,1,,,3,,,,,,,,,,
95620,Bruno Leonardo,CHA,ZAG,20,1.5,,,,,,1,,,,,,,,,,,,,,
95799,Artur,SAO,ATA,20,1.2,,,,,,,2,,1,2,,,,,,,,,,
96591,Renan Lodi,CAM,LAT,20,-0.2,,1,,,,1,4,,,1,,,,,,,,,,
96652,Allan,COR,MEI,20,-0.1,,1,,,,1,2,,,,,,,,,,,,,
96870,Emerson Royal,FLA,LAT,20,7.4,,,,,,5,2,,,1,,,,,,,,,,
97095,Carlos Cuesta,VAS,ZAG,20,-0.3,,,,,,,1,,,,,,,,,,,,,
97101,Gabriel Rojas,CRU,LAT,20,2.2,,,,,,1,1,,,2,,,,,,,,,,
97145,Villasanti,GRE,MEI,20,1.2,,,,,,,,1,,,,,,,,,,,,
97341,Rogério Ceni,BAH,TEC,20,3.55,,,,,,,,,,,,,,,,,,,,
97450,Gustavo Mosquito,MIR,ATA,20,0.2,,,,,,,1,,,1,,,,,,,,,,
97460,João Victor,MIR,ZAG,20,2,,,,,,1,,,,1,,,,,,,,,,
97468,Marçal,BOT,LAT,20,5,,,,,,,,,,,,,,,,,,,1,
97642,Félix Torres,INT,ZAG,20,4.5,,,,,,3,,,,,,,,,,,,,,
97653,Murilo,PAL,ZAG,20,1.8,,,,,,,2,2,,,,,,,,,,,,
97795,Marcelinho,REM,LAT,20,7.2,,,,,,,,1,,2,,,,,,,,,1,
97810,Erick,VIT,ATA,20,1.5,,,,,,,,,,3,,,,,,,,,,
97878,Jacy,CFC,ZAG,20,7,,,,,,1,,,,1,,,,,,,,,1,
97899,Matheus Bahia,INT,LAT,20,2,,,,,,1,,,,1,,,,,,,,,,
97900,Vitão,FLA,ZAG,20,0.2,,,,,,,2,,1,,,,,,,,,,,
97905,Matheus Aurélio,CHA,GOL,20,3.5,,1,,5,,,,,,,,,,2,,,,,,
98517,Jean Lucas,BAH,MEI,20,2.4,,,,,,2,2,,,,,,,,,,,,,
98617,Maripán,INT,ZAG,20,-0.1,,,,,,,2,,,1,,,,,,,,,,
98720,Angileri,COR,LAT,20,8.4,,1,,,,1,2,,,1,,1,,,,,,,,
98873,Samuel Lino,FLA,ATA,20,8.9,,,,,,2,1,,4,6,,,,,,,,,,
99213,Puma Rodríguez,VAS,LAT,20,2.7,,,,,,2,1,,,,,,,,,,,,,
99267,Pochettino,VIT,MEI,20,2,,,,,,,,1,1,,,,,,,,,,,
99366,Luis Zubeldía,FLU,TEC,20,2.76,,,,,,,,,,,,,,,,,,,,
99440,Baralhas,VIT,MEI,20,5,,,,,,2,,1,1,,,,,,,,,,,
99552,Rossi,FLA,GOL,20,-1,,,,,,,,,,,,,,1,,,,,,
99815,Arias,PAL,MEI,20,20.4,1,,,,,7,,1,4,1,,,,,,,,,,
99818,Paulinho,PAL,ATA,20,3.3,,,,,,1,1,,2,1,,,,,,,,,,
100652,Yuri Alberto,COR,ATA,21,3.5,,,,,,1,1,2,,,,,,,1,,,,,
100742,Matheus Henrique,CRU,MEI,21,-1.3,,1,,,,,1,,,,,,,,,,,,,
100848,Luan Cândido,VIT,LAT,21,-3,,,1,,,,,,,,,,,,,,,,,
100987,Nonato,FLU,MEI,21,2.7,,,,,,2,1,,,,,,,,,,,,,
101254,Alef Manga,REM,ATA,21,3.5,,,,,,1,,1,1,,,,,,,,,,,
101314,Ademir,BAH,ATA,21,3.8,,,,,,2,,,1,,,,,,,,,,,
101574,Hugo Souza,COR,GOL,21,7.8,,,,1,,1,,,,,,,,,,,,,1,
101597,Ramon,VIT,LAT,21,0.2,,,,,,,1,,,1,,,,,,,,,,
101708,Felipe Jonatan,CFC,LAT,21,0.5,,,,,,,,,,1,,,,,,,,,,
101715,Alerrandro,INT,ATA,21,0,,,,,,,,,,,,,,,,,,,,
101727,Matheuzinho,COR,LAT,21,11.7,,1,,,,4,,1,,1,,,,,,,,,1,
101820,Mayk,REM,LAT,21,0.5,,,,,,,,,,1,,,,,,,,,,
101908,Willian Machado,MIR,ZAG,21,1.5,,,,,,1,,,,,,,,,,,,,,
101960,Vitinho,INT,ATA,21,14.2,,,,,,4,1,,,1,,1,,,,,,,,
101995,Brítez,VIT,ZAG,21,1.2,,1,,,,1,2,,1,1,,,,,,,,,,
102130,Piquerez,PAL,LAT,21,13.7,1,,,,,2,,,1,,,,,,1,,,,1,
102340,Cacá,VIT,ZAG,21,-2.8,,,1,,,,1,,,1,,,,,,,,,,
102877,Gabriel Poveda,REM,ATA,21,0,,,,,,,,,,,,,,,,,,,,
102911,Zé Ricardo,REM,MEI,21,3.4,,,,,,1,1,,1,3,,,,,1,,,,,
102928,Canobbio,FLU,ATA,21,4.9,,,,,,1,1,2,1,1,,,,,,,,,,
103347,Matheus Alexandre,REM,LAT,21,0.5,,1,,,,1,,,,,,,,,,,,,,
103388,Emmanuel Martínez,VIT,MEI,21,-1.9,,1,,,,,3,,,,,,,,,,,,,
103445,Kaio Jorge,CRU,ATA,21,0,,,,,,,,,,,,,,,,,,,,
103523,Ignácio,FLU,ZAG,21,6.2,,1,,,,1,1,,,2,,,,,,,,,1,
103626,Ocampo,CFC,ATA,21,0.2,,,,,,,1,,,1,,,,,,,,,,
103967,Bruno Santos,MIR,ATA,21,-0.3,,,,,,,2,,,1,,,,,2,,,,,
104027,Rafael Guanaes,MIR,TEC,21,5.56,,,,,,,,,,,,,,,,,,,,1
104036,Labyad,COR,MEI,21,1.1,,,,,,1,3,,,1,,,,,,,,,,
104084,Carlos Miguel,PAL,GOL,21,8.9,,,,3,,,,,,,,,,,,,,,1,
104118,Lucas Arcanjo,VIT,GOL,21,-0.1,,,,3,,,,,,,,,,4,,,,,,
104204,Edson Carioca,MIR,ATA,21,3.3,,,,,,2,3,1,,,,,,,,,,,,
104783,Acevedo,BAH,MEI,21,3.5,,,,,,2,,,,1,,,,,,,,,,
104811,Sebastián Gómez,CFC,MEI,21,2.5,,,,,,1,1,,1,1,,,,,,,,,,
105048,Jajá,REM,ATA,21,4.6,,,,,,2,,,2,,,,,,,,,,,
105157,Villagra,INT,MEI,21,1.7,,,,,,1,1,,,1,,,,,,,,,,
105175,Khellven,PAL,LAT,21,5,,,,,,,,,,,,,,,,,,,1,
105436,Carrascal,FLA,MEI,21,3.7,,,,,,1,,1,,2,,,,,,,,,,
105647,Maurício,PAL,MEI,21,8.4,,1,,,,,2,1,1,,,1,,,,,,,,
105990,Santiago Mingo,BAH,ZAG,21,5,,,,,,,,,,,,,,,,,,,1,
106202,Bruno Gomes,INT,MEI,21,6,,,,,,3,,,,3,,,,,,,,,,
106593,Villalba,CRU,ZAG,21,5,,,,,,,,,,,,,,,,,,,1,
106708,Igor Formiga,MIR,LAT,21,3.2,,1,,,,3,1,,,,,,,,,,,,,
106822,Rodrigo Nestor,BAH,MEI,21,4.6,,,,,,3,2,,1,,,,,,1,,,,,
106907,Rafael Lacerda,CHA,TEC,21,0,,,,,,,,,,,,,,,,,,,,
107093,Luciano Juba,BAH,LAT,21,9.2,,,,,,3,1,,,,,,,,,,,,1,
107173,Michel Araújo,BAH,MEI,21,0.5,,,,,,,1,,1,,,,,,,,,,,
107256,Zé Vitor,VIT,MEI,21,0.5,,,,,,,,,,1,,,,,,,,,,
107985,Terán,CAP,ZAG,21,10.5,,,,,,3,,,,2,,,,,,,,,1,
107989,Carbonero,INT,ATA,21,5.8,,,,,,1,2,1,3,3,,,,,2,,,,,
108683,Emiliano Martínez,PAL,MEI,21,0.9,,,,,,1,2,,,,,,,,,,,,,
109127,Tiago Cóser,CFC,ZAG,21,1.2,,,,,,1,1,,,,,,,,,,,,,
109401,Erick Pulga,BAH,ATA,21,1.7,,1,,,,1,1,,,3,,,,,,,,,,
109461,Calebe,INT,MEI,21,0.5,,,,,,,,,,1,,,,,,,,,,
109573,Martinelli,FLU,MEI,21,1.3,,,,,,,1,,2,,,,,,,,,,,
110426,Bernabei,INT,LAT,21,4,,,,,,1,,1,1,1,,,,,,,,,,
110506,Abel Ferreira,PAL,TEC,21,9.38,,,,,,,,,,,,,,,,,,,,1
111690,Matheus Cunha,INT,GOL,21,2.9,,,,3,,,,,,,,,,1,,,,,,
112863,Ramón Sosa,PAL,ATA,21,9.4,,,,,,,1,,1,2,,1,,,1,,,,,
113034,Freytes,FLU,ZAG,21,5.2,,,,,,,1,,,1,,,,,,,,,1,
113103,Flaco López,PAL,ATA,21,2.2,,,,,,1,1,,,2,,,,,,,,,,
113113,Benavídez,CAP,LAT,21,5.2,,1,,,,,1,,,3,,,,,,,,,1,
113125,Picco,REM,MEI,21,15.7,,,,,,5,1,,,1,,1,,,,,,,,
113158,Marquinhos,CRU,ATA,21,-0.6,,,,,,,2,,,,,,,,,,,,,
114208,Alejo Véliz,BAH,ATA,21,1.3,,,,,,,2,,2,1,,,,,2,,,,,
114802,Vitor Roque,PAL,ATA,21,0.2,,,,,,,2,,1,,,,,,,,,,,
115479,Paulo Pezzolano,INT,TEC,21,5.16,,,,,,,,,,,,,,,,,,,,
115537,Marcos Victor,BAH,ZAG,21,8,,,,,,2,,,,,,,,,,,,,1,
115914,Evertton Araújo,FLA,MEI,21,0.9,,,,,,1,2,,,,,,,,,,,,,
115986,Denilson,MIR,MEI,21,14.1,,,,,,9,3,,,3,,,,,,,,,,
116447,Hércules,FLU,MEI,21,7.4,,,,,,3,,2,,1,,,,,,,,,,
116461,Jamerson,VIT,LAT,21,1.5,,,,,,1,,,,,,,,,,,,,,
117061,Gabriel Knesowitsch,MIR,ZAG,21,-1.6,,1,,,,,2,,,,,,,,,,,,,
117404,Otávio,CRU,GOL,21,8.1,,,,2,,,,,,1,,,,,,,,,1,
117632,Garro,COR,MEI,21,0.4,,1,,,,1,2,,,1,,,,,,,,,,
117910,Breno Bidon,COR,MEI,21,0,,,,,,,,,,,,,,,,,,,,
118844,Kaio César,COR,ATA,21,2.8,,,,,,1,,,1,1,,,,,,,,,,
120433,Léo Derik,CAP,LAT,21,8,,,,,,2,,,,,,,,,,,,,1,
122660,Japa,MIR,MEI,21,3.6,,,,,,2,2,1,,,,,,,,,,,,
123016,David Braga,REM,MEI,21,0.5,,,,,,,,,,1,,,,,,,,,,
123101,Leozinho,CAP,ATA,21,2.2,,,,,,1,1,,,2,,,,,,,,,,
123648,Lucas Ronier,CFC,ATA,21,7.5,,,,,,1,,1,1,8,,,,,,,,,,
123689,Milans,COR,LAT,21,6.5,,,,,,1,,,,,,,,,,,,,1,
123869,Aguirre,CAP,ZAG,21,5,,,,,,,,,,,,,,,,,,,1,
124912,Jonathan Jesus,CRU,ZAG,21,7.4,,,,,,1,1,1,,,,,,,,,,,1,
125746,Dudu,CAP,MEI,21,1.5,,,,,,1,,,,,,,,,,,,,,
125803,Pedro Morisco,CFC,GOL,21,4.2,,,,4,,,,,,,,,,1,,,,,,
126182,Paulinho,INT,MEI,21,1.4,,,,,,,1,1,,1,,,,,,,,,,
126977,Fernando Seabra,CFC,TEC,21,2.7,,,,,,,,,,,,,,,,,,,,
127273,Artur Jorge,CRU,TEC,21,7.65,,,,,,,,,,,,,,,,,,,,1
128177,Pedro Emanuel,VAS,TEC,21,0,,,,,,,,,,,,,,,,,,,,
128431,João Cruz,CAP,MEI,21,1.2,,,,,,,,1,,,,,,,,,,,,
130209,Renê,VIT,ATA,21,0.8,,,,,,,,,1,,,,,,,,,,,
130843,Arthur Dias,CAP,ZAG,21,4.1,,,,,,,3,,,,,,,,,,,,1,
131832,Portilla,CAP,MEI,21,1.7,,1,,,,1,1,,,3,,,,,,,,,,
132264,Arroyo,CRU,ATA,21,2.4,,,,,,1,1,1,,,,,,,,,,,,
132412,Román Gómez,BAH,LAT,21,9.5,,,,,,3,,,,,,,,,,,,,1,
137542,Kaique Kenji,CRU,ATA,21,0,,,,,,,,,,,,,,,,,,,,
140726,David Martins,BAH,MEI,21,0,,,,,,,,,,,,,,,,,,,,
141344,Vitor Tissi,CFC,MEI,21,0.7,,,,,,,1,,,2,,,,,,,,,,
141451,Allan,PAL,MEI,21,3.7,,,,,,,1,,,2,1,,,,,,,,,
141763,Fabiano Souza,VIT,LAT,21,-1.8,,1,,,,1,1,,,2,,,1,,,,,,,
141995,Dieguinho,COR,MEI,21,0.5,,,,,,,,,,1,,,,,,,,,,
143153,Tarzia,VIT,ATA,21,4.5,,,,,,2,,,,3,,,,,,,,,,
143193,Viveros,CAP,ATA,21,2.2,,,,,,,4,,,1,1,,,,1,,,,,
145379,Kauê Furquim,BAH,ATA,21,0.5,,,,,,,,,,1,,,,,,,,,,
145744,André,COR,MEI,21,0,,,,,,,,,,,,,,,,,,,,
147192,Claudinho,CAP,LAT,21,7.7,,,,,,2,1,,,,,,,,,,,,1,
149990,Franclim Carvalho,BOT,TEC,21,0,,,,,,,,,,,,,,,,,,,,
151120,Jorge Rivaldo,CAP,ATA,21,-0.3,,,,,,,1,,,,,,,,,,,,,
151292,Felipe Morais,CRU,MEI,21,2.7,,,,,,1,3,,2,1,,,,,,,,,,
37457,Léo Condé,REM,TEC,21,3.81,,,,,,,,,,,,,,,,,,,,
37656,Fábio,FLU,GOL,21,5,,,,,,,,,,,,,,,,,,,1,
37715,Thiago Silva,FLU,ZAG,21,5.8,,,,,,,,,1,,,,,,,,,,1,
39148,Hulk,FLU,ATA,21,3.2,,,,,,,,2,1,,,,,,,,,,,
39850,Vagner Mancini,RBB,TEC,21,0,,,,,,,,,,,,,,,,,,,,
40990,Dorival Júnior,SAO,TEC,21,0,,,,,,,,,,,,,,,,,,,,
42411,Cuca,SAN,TEC,21,0,,,,,,,,,,,,,,,,,,,,
51772,Everton Ribeiro,BAH,MEI,21,3.5,,,,,,2,1,,1,,,,,,,,,,,
61987,Alex Sandro,FLA,LAT,21,-0.3,,,,,,,1,,,,,,,,,,,,,
68685,Alan Patrick,INT,MEI,21,6.8,,,,,,3,1,,2,2,,,,,,,,,,
68708,Eduardo,MIR,MEI,21,0.5,,,,,,,1,,1,,,,,,,,,,,
68996,Willian José,BAH,ATA,21,0,,,,,,,,,,,,,,,,,,,,
69012,Santos,CAP,GOL,21,9.7,,1,,4,,,,,,1,,,,,,,,,1,
69783,Danilo,FLA,ZAG,21,1.5,,,,,,1,,,,,,,,,,,,,,
70666,Marllon,REM,ZAG,21,-3,,,,,,,,,,,,,1,,,,,,,
70944,Bruno Henrique,INT,MEI,21,0.2,,,,,,,2,,1,,,,,,,,,,,
71684,Gustavo Gómez,PAL,ZAG,21,6.5,,,,,,1,,,,,,,,,,,,,1,
72279,Thomazella,MIR,GOL,21,0.3,,,,1,,,,,,,,,,1,,,,,,
72391,Fernando Diniz,COR,TEC,21,5.09,,,,,,,,,,,,,,,,,,,,
72951,Mercado,INT,ZAG,21,4,,1,,,,3,,,,1,,,,,,,,,,
73384,Samuel Xavier,FLU,LAT,21,12.4,,,,,,4,1,1,,1,,,,,,,,,1,
77485,Carrillo,COR,MEI,21,3.2,,,,,,2,1,,,1,,,,,,,,,,
78445,Renê,FLU,LAT,21,9.2,,,,,,3,1,,,,,,,,,,,,1,
78850,Reinaldo,MIR,LAT,21,7,1,,,,,1,1,,1,,,,,,,,,,,
78855,Thiago Santos,CFC,ZAG,21,0.1,,1,,,,1,4,,1,,,,,,,,,,,
79631,Cano,FLU,ATA,21,2,,,,,,,,1,1,,,,,,,,,,,
80129,Jadson,CAP,MEI,21,5.2,,1,,,,3,1,,,4,,,,,,,,,,
80196,Yago Pikachu,REM,MEI,21,0,,,,,,,,,,,,,,,,,,,,
80313,Gilberto,CAP,LAT,21,7.3,,,,,,2,2,,,,,,,,1,,,,1,
81720,Lingard,COR,ATA,21,3.3,,,,,,1,3,1,,3,,,,,,,,,,
82407,Chico Kim,MIR,MEI,21,0,,,,,,,,,,,,,,,,,,,,
82628,Tinga,CFC,LAT,21,4.7,,,,,,3,1,,,1,,,,,,,,,,
82730,Marcelo Rangel,REM,GOL,21,1.9,,,,3,,,,,,,,,,2,,,,,,
83433,Patrick,REM,MEI,21,8.7,,,,,,5,1,,,3,,,,,,,,,,
83528,Léo Pereira,FLA,ZAG,21,1,,,,,,,,,,2,,,,,,,,,,
84339,Bruno Melo,CFC,LAT,21,0.8,,,,,,,,,1,,,,,,,,,,,
84558,Lucas Romero,CRU,MEI,21,3,,,,,,1,,,,3,,,,,,,,,,
84626,Josué,CFC,MEI,21,4.2,,,,,,1,1,1,1,2,,,,,,,,,,
84674,Lucas Evangelista,PAL,MEI,21,0,,,,,,,,,,,,,,,,,,,,
84735,Jorginho,FLA,MEI,21,4.1,,,,,,3,3,,,1,,,,,,,,,,
84816,Varela,FLA,LAT,21,-0.3,,,,,,,1,,,,,,,,,,,,,
86485,Keno,CFC,ATA,21,0.5,,,,,,,,,,1,,,,,,,,,,
87258,Soteldo,FLU,ATA,21,7.3,,,,,,3,,1,2,,,,,,,,,,,
87552,Vitor Bueno,REM,MEI,21,0,,,,,,,,,,,,,,,,,,,,
87863,Arrascaeta,FLA,MEI,21,1.8,,,,,,,,,1,2,,,,,,,,,,
88037,Luís Castro,GRE,TEC,21,0,,,,,,,,,,,,,,,,,,,,
88479,Walace,VIT,MEI,21,0,,,,,,,,,,,,,,,,,,,,
88963,Leonardo Jardim,FLA,TEC,21,3.2,,,,,,,,,,,,,,,,,,,,
89256,Gerson,CRU,MEI,21,6.3,1,,,,,1,4,,,2,,,,,,,,,,
89274,Andreas Pereira,PAL,MEI,21,6.6,,,,,,3,,,2,1,,,,,,,,,,
89275,William,CRU,LAT,21,10.2,,,,,,2,1,1,1,1,,,,,,,,,1,
89493,Igor Rabello,FLU,ZAG,21,8.8,,,,,,2,,,1,,,,,,,,,,1,
89837,Lucho Acosta,FLU,MEI,21,4.7,,,,,,2,,1,,1,,,,,,,,,,
90031,Mendoza,CAP,ATA,21,-0.3,,,,,,,1,,,,,,,,,,,,,
90285,Bruno Henrique,FLA,ATA,21,6.5,1,,,,,1,,,,,,,,,,,,,,
90302,Pedro Rocha,CFC,ATA,21,0.7,,,,,,,,,1,,,,,,1,,,,,
90370,Matheus Pereira,COR,MEI,21,2.6,,,,,,2,3,,,1,,,,,,,,,,
90588,Caíque,VIT,MEI,21,7,,,,,,4,,,,2,,,,,,,,,,
90703,Matheuzinho,VIT,MEI,21,2.9,,,,,,,,2,,1,,,,,,,,,,
90768,Fabrício Bruno,CRU,ZAG,21,6.5,,,,,,1,,,,,,,,,,,,,1,
90917,Carlos Eduardo,MIR,ATA,21,1.5,,,,,,1,,,,,,,,,,,,,,
91101,Ronaldo,BAH,GOL,21,16.7,,,,9,,,,,,,,,,,,,,,1,
91473,Erick Pulgar,FLA,MEI,21,-0.1,,1,,,,1,2,,,,,,,,,,,,,
91866,Zé Ivaldo,REM,ZAG,21,0.2,,1,,,,1,1,,,,,,,,,,,,,
92180,Jair Ventura,VIT,TEC,21,1.28,,,,,,,,,,,,,,,,,,,,
92182,Juninho,INT,ZAG,21,0,,,,,,,,,,,,,,,,,,,,
92273,Odair Hellmann,CAP,TEC,21,6.45,,,,,,,,,,,,,,,,,,,,
92440,André Ramalho,COR,ZAG,21,4.5,,1,,,,,,,,1,,,,,,,,,1,
92747,Eduardo Domínguez,CAM,TEC,21,0,,,,,,,,,,,,,,,,,,,,
92811,Bruno Rodrigues,CRU,ATA,21,0,,,,,,,,,,,,,,,,,,,,
93371,Rodrigo Rodrigues,CFC,ATA,21,-0.9,,,,,,,3,,,,,,,,,,,,,
93790,Marlon Freitas,PAL,MEI,21,-1.3,,1,,,,,1,,,,,,,,,,,,,
93988,Breno Lopes,CFC,ATA,21,2.3,,,,,,1,,,1,,,,,,,,,,,
94583,Pedro,FLA,ATA,21,1.9,,,,,,,1,1,,2,,,,,,,,,,
95131,Gabriel Taliari,REM,ATA,21,2.8,,,,,,,1,,2,3,,,,,,,,,,
95541,Gustavo Cazonatti,MIR,MEI,21,0,,,,,,,,,,,,,,,,,,,,
95556,Raniele,COR,MEI,21,6.9,,,,,,4,2,,,3,,,,,,,,,,
96610,Matheus Pereira,CRU,MEI,21,15.2,,,,,,2,1,1,1,5,,1,,,,,,,,
96652,Allan,COR,MEI,21,1.2,,,,,,1,1,,,,,,,,,,,,,
96870,Emerson Royal,FLA,LAT,21,1.5,,,,,,1,,,,,,,,,,,,,,
97101,Gabriel Rojas,CRU,LAT,21,8.3,,,,,,3,4,,,,,,,,,,,,1,
97341,Rogério Ceni,BAH,TEC,21,6.39,,,,,,,,,,,,,,,,,,,,
97450,Gustavo Mosquito,MIR,ATA,21,3.1,,,,,,1,,1,,1,,,,,1,,,,,
97460,João Victor,MIR,ZAG,21,12.5,,,,,,3,,,,,,1,,,,,,,,
97520,Shaylon,MIR,MEI,21,1.5,,,,,,1,,,,,,,,,,,,,,
97642,Félix Torres,INT,ZAG,21,1.2,,,,,,1,1,,,,,,,,,,,,,
97653,Murilo,PAL,ZAG,21,5.9,,,,,,1,2,,,,,,,,,,,,1,
97795,Marcelinho,REM,LAT,21,2.6,,,,,,,,,2,2,,,,,,,,,,
97878,Jacy,CFC,ZAG,21,0.5,,,,,,,,,,1,,,,,,,,,,
97899,Matheus Bahia,INT,LAT,21,5.7,,,,,,4,1,,,,,,,,,,,,,
97900,Vitão,FLA,ZAG,21,-0.1,,1,,,,1,2,,,,,,,,,,,,,
98517,Jean Lucas,BAH,MEI,21,2.5,,,,,,1,1,,1,1,,,,,,,,,,
98617,Maripán,INT,ZAG,21,2.4,,,,,,1,1,1,,,,,,,,,,,,
98672,Savarino,FLU,MEI,21,1.3,,,,,,,,,1,1,,,,,,,,,,
98873,Samuel Lino,FLA,ATA,21,10.2,,,,,,,1,1,1,1,,1,,,,,,,,
99228,De la Cruz,FLA,MEI,21,-1.3,,1,,,,,1,,,,,,,,,,,,,
99267,Pochettino,VIT,MEI,21,1.2,,,,,,,,1,,,,,,,,,,,,
99274,Alexander Barboza,PAL,ZAG,21,4.4,,,,,,,2,,,,,,,,,,,,1,
99366,Luis Zubeldía,FLU,TEC,21,7.95,,,,,,,,,,,,,,,,,,,,
99440,Baralhas,VIT,MEI,21,3.9,,,,,,2,2,,,3,,,,,,,,,,
99552,Rossi,FLA,GOL,21,4.2,,,,4,,,,,,,,,,1,,,,,,
99815,Arias,PAL,MEI,21,17.7,1,,,,,1,1,1,1,3,,1,,,,,,,,
100084,Igor Gomes,CAM,MEI,22,1.7,,,,,,1,1,,,1,,,,,,,,,,
100842,Ruan,CAM,ZAG,22,3,,,,,,2,,,,,,,,,,,,,,
100898,Vitinho,BOT,LAT,22,5.1,,,,,,4,3,,,,,,,,,,,,,
100987,Nonato,FLU,MEI,22,2.8,,1,,,,2,3,1,,1,,,,,,,,,,
101254,Alef Manga,REM,ATA,22,4.2,,,,,,2,2,,1,2,,,,,,,,,,
101290,Ferreira,SAO,ATA,22,7.4,,,,,,2,,2,,4,,,,,,,,,,
101314,Ademir,BAH,ATA,22,2,,1,,,,,,1,1,2,,,,,,,,,,
101352,Bruno Matias,CHA,MEI,22,4.5,,,,,,3,,,,,,,,,,,,,,
101393,Eduardo Doma,CHA,ZAG,22,1.5,,,,,,1,,,,,,,,,,,,,,
101405,Wallisson,MIR,MEI,22,3.2,,,,,,1,2,,1,3,,,,,,,,,,
101574,Hugo Souza,COR,GOL,22,7.6,,,,2,,,,,,,,,,,,,,,1,
101708,Felipe Jonatan,CFC,LAT,22,-0.3,,,,,,,1,,,,,,,,,,,,,
101727,Matheuzinho,COR,LAT,22,18.5,1,,,,,5,,,,2,,,,,,,,,1,
101807,Oliva,SAN,MEI,22,0.6,,,,,,1,3,,,,,,,,,,,,,
101820,Mayk,REM,LAT,22,-0.3,,,,,,,1,,,,,,,,,,,,,
101960,Vitinho,INT,ATA,22,3.8,,,,,,2,,,1,,,,,,,,,,,
101995,Brítez,VIT,ZAG,22,3,,,,,,2,,,,,,,,,,,,,,
102130,Piquerez,PAL,LAT,22,8,,,,,,2,,,,,,,,,,,,,1,
102256,Rollheiser,SAN,MEI,22,1,,,,,,,1,,1,1,,,,,,,,,,
102310,Matheus Felipe,REM,ZAG,22,0.5,,1,,,,1,,,,,,,,,,,,,,
102906,Anderson,CHA,GOL,22,0.6,,,,2,,,,,,,,,,2,,,,,,
102911,Zé Ricardo,REM,MEI,22,1.5,,,,,,,1,1,1,,,,,,2,,,,,
102928,Canobbio,FLU,ATA,22,2,,,,,,1,,,,1,,,,,,,,,,
102975,Escobar,SAN,LAT,22,1.7,,,,,,1,1,,,1,,,,,,,,,,
103056,Gabriel Brazão,SAN,GOL,22,0.6,,,,2,,,,,,,,,,2,,,,,,
103295,Eric Ramires,RBB,MEI,22,2.6,,1,,,,2,3,,,3,,,,,,,,,,
103347,Matheus Alexandre,REM,LAT,22,1.5,,,,,,1,,,,,,,,,,,,,,
103388,Emmanuel Martínez,VIT,MEI,22,5.9,,,,,,3,1,1,,1,,,,,,,,,,
103445,Kaio Jorge,CRU,ATA,22,8.5,,,,,,,,,,1,,1,,,,,,,,
103523,Ignácio,FLU,ZAG,22,12.7,,1,,,,3,2,,1,2,,1,,,,,,,,
103626,Ocampo,CFC,ATA,22,0,,,,,,,,,,,,,,,,,,,,
103767,Gabriel Menino,SAN,MEI,22,8.5,,,,,,5,,,,2,,,,,,,,,,
103967,Bruno Santos,MIR,ATA,22,1.4,,,,,,,2,,2,1,,,,,1,,,,,
104027,Rafael Guanaes,MIR,TEC,22,2.5,,,,,,,,,,,,,,,,,,,,
104084,Carlos Miguel,PAL,GOL,22,8.1,,,,2,,,,,,1,,,,,,,,,1,
104118,Lucas Arcanjo,VIT,GOL,22,1.9,,,,3,,,,,,,,,,2,,,,,,
104134,Fabri,VIT,ATA,22,0,,,,,,,,,,,,,,,,,,,,
104204,Edson Carioca,MIR,ATA,22,0,,,,,,,,,,,,,,,,,,,,
104470,Everton,CHA,LAT,22,0,,,,,,,,,,,,,,,,,,,,
104519,Camilo,CHA,MEI,22,-0.3,,,,,,,1,,,,,,,,,,,,,
104783,Acevedo,BAH,MEI,22,3.4,,,,,,2,2,,,2,,,,,,,,,,
104811,Sebastián Gómez,CFC,MEI,22,1.2,,,,,,1,1,,,,,,,,,,,,,
105047,João Marcelo,CRU,ZAG,22,10.4,,,,,,2,2,,,,,1,,,,,,,,
105048,Jajá,REM,ATA,22,10.2,,,,,,,,1,,2,,1,,,,,,,,
105068,Reinier,CAM,MEI,22,9.5,,,,,,1,,,,,,1,,,,,,,,
105300,Ferraresi,BOT,ZAG,22,0.2,,1,,,,1,1,,,,,,,,,,,,,
105436,Carrascal,FLA,MEI,22,14.5,1,,,,,5,,1,1,,,,,,,,,,,
105531,Matheus Bidu,COR,LAT,22,7,,,,,,1,1,,1,,,,,,,,,,1,
105563,Carlos Vinícius,GRE,ATA,22,7.9,1,,,,,,,1,1,2,,,,,1,,,,,
105647,Maurício,PAL,MEI,22,2.4,,,,,,,1,1,,3,,,,,,,,,,
105990,Santiago Mingo,BAH,ZAG,22,5,,,,,,,,,,,,,,,,,,,1,
106202,Bruno Gomes,INT,MEI,22,1.7,,,,,,1,1,,,1,,,,,,,,,,
106294,Marcos Antônio,SAO,MEI,22,2.9,,,,,,1,1,1,,1,,,,,,,,,,
106302,Preciado,CAM,LAT,22,13.6,1,,,,,5,3,,,4,,,,,,,,,,
106323,Caio Alexandre,BAH,MEI,22,1.5,,,,,,1,,,,,,,,,,,,,,
106593,Villalba,CRU,ZAG,22,4.7,1,,,,,,1,,,,,,,,,,,,,
106708,Igor Formiga,MIR,LAT,22,1.5,,,,,,1,,,,,,,,,,,,,,
106822,Rodrigo Nestor,BAH,MEI,22,7.1,,,,,,4,2,1,,1,,,,,,,,,,
106907,Rafael Lacerda,CHA,TEC,22,3.15,,,,,,,,,,,,,,,,,,,,
106950,Fernando,CHA,LAT,22,1.2,,,,,,,1,,,3,,,,,,,,,,
107093,Luciano Juba,BAH,LAT,22,4.7,,,,,,,1,,,,,,,,,,,,1,
107173,Michel Araújo,BAH,MEI,22,2,,,,,,1,1,,1,,,,,,,,,,,
107203,Max,CHA,MEI,22,0.5,,,,,,,,,,1,,,,,,,,,,
107231,Danilo,BOT,MEI,22,7.1,,,,,,3,,,2,2,,,,,,,,,,
107256,Zé Vitor,VIT,MEI,22,0.9,,1,,,,1,2,,,2,,,,,,,,,,
107516,Ênio,CHA,ATA,22,0.8,,,,,,,,,1,,,,,,,,,,,
107873,Bobadilla,SAO,MEI,22,1.2,,,,,,,,1,,,,,,,,,,,,
107989,Carbonero,INT,ATA,22,2.8,,,,,,,1,1,,4,,,,,1,,,,,
108133,Isidro Pitta,RBB,ATA,22,0.7,,,,,,,1,1,,,,,,,2,,,,,
108162,Nardoni,GRE,MEI,22,1.8,,,,,,,,,1,2,,,,,,,,,,
108469,Adonis Frías,SAN,ZAG,22,2.1,,1,,,,2,3,,,2,,,,,,,,,,
108683,Emiliano Martínez,PAL,MEI,22,5.9,,,,,,4,2,,,1,,,,,,,,,,
108946,Victor Sá,SAO,ATA,22,0,,,,,,,,,,,,,,,,,,,,
109096,Plata,FLA,ATA,22,-1.3,,1,,,,,1,,,,,,,,,,,,,
109097,Jovane Cabral,GRE,ATA,22,2.9,,,,,,1,1,1,,1,,,,,,,,,,
109127,Tiago Cóser,CFC,ZAG,22,8.2,,,,,,,2,,1,,,1,,,,,,,,
109987,Medina,BOT,MEI,22,3.3,,,,,,1,1,,2,1,,,,,,,,,,
110144,Spinelli,VAS,ATA,22,0,,,,,,,,,,,,,,,,,,,,
110426,Bernabei,INT,LAT,22,11.4,,,,,,2,1,1,2,2,,,,,1,,,,1,
110506,Abel Ferreira,PAL,TEC,22,6.31,,,,,,,,,,,,,,,,,,,,
110510,Aguirre,INT,LAT,22,4.9,,1,,,,1,2,,,,,,,,,,,,1,
110598,Marino Hinestroza,VAS,ATA,22,1,,,,,,,,,,2,,,,,,,,,,
110698,Mycael,CAP,GOL,22,7.6,,,,2,,,,,,,,,,,,,,,1,
110715,Andrés Hurtado,RBB,LAT,22,1.5,,,,,,1,,,,,,,,,,,,,,
111246,Alix Vinicius,RBB,ZAG,22,0.8,,,,,,,,,1,,,,,,,,,,,
111309,Gustavo Martins,GRE,ZAG,22,-1.3,,,,,,1,1,,,1,,,1,,,,,,,
111682,Adson,VAS,MEI,22,5.3,,,,,,3,,,1,,,,,,,,,,,
111690,Matheus Cunha,INT,GOL,22,7.1,,1,,2,,,,,,1,,,,,,,,,1,
111831,Matheus Martins,BOT,ATA,22,1.9,,,,,,,1,1,,2,,,,,,,,,,
112017,Felipinho,CAP,MEI,22,1.7,,,,,,1,1,,,1,,,,,,,,,,
112576,Vini Paulista,CFC,MEI,22,2.4,,,,,,,2,,,,1,,,,,,,,,
112863,Ramón Sosa,PAL,ATA,22,-0.4,,,,,,,1,,,,,,,,1,,,,,
112886,Lucas Barbosa,RBB,ATA,22,2.8,,,,,,1,1,1,,1,,,,,1,,,,,
113103,Flaco López,PAL,ATA,22,0.5,,,,,,,1,,1,,,,,,,,,,,
113113,Benavídez,CAP,LAT,22,7.4,,,,,,1,,,,2,,,,,1,,,,1,
113125,Picco,REM,MEI,22,1.2,,,,,,1,1,,,,,,,,,,,,,
113359,Pablo Maia,SAO,MEI,22,2.7,,,,,,1,3,,2,1,,,,,,,,,,
114040,Minda,CAM,ATA,22,5.8,1,,,,,,,,1,,,,,,,,,,,
114208,Alejo Véliz,BAH,ATA,22,-0.3,,,,,,,2,,,1,,,,,2,,,,,
114801,Danilo Pereira,BOT,ATA,22,1.2,,,,,,,,1,,,,,,,,,,,,
114802,Vitor Roque,PAL,ATA,22,4,,,,,,1,,1,1,1,,,,,,,,,,
115479,Paulo Pezzolano,INT,TEC,22,5.54,,,,,,,,,,,,,,,,,,,,
115914,Evertton Araújo,FLA,MEI,22,2.3,,,,,,1,,,1,,,,,,,,,,,
115986,Denilson,MIR,MEI,22,0.9,,,,,,1,2,,,,,,,,,,,,,
116034,Victor Hugo,CAM,MEI,22,0.7,,1,,,,1,1,,,1,,,,,,,,,,
116065,Cuiabano,VAS,LAT,22,13.6,,1,,,,5,3,1,1,2,,,,,,,,,1,
116066,Rubens,CHA,ATA,22,-0.2,,1,,,,1,4,,,1,,,,,,,,,,
116447,Hércules,FLU,MEI,22,0.5,,,,,,,,,,1,,,,,,,,,,
116461,Jamerson,VIT,LAT,22,2.3,,,,,,1,,,1,,,,,,,,,,,
117061,Gabriel Knesowitsch,MIR,ZAG,22,0,,,,,,,,,,,,,,,,,,,,
117314,Thiago Borbas,CAM,ATA,22,-0.3,,,,,,,1,,,,,,,,,,,,,
117330,Robert Renan,VAS,ZAG,22,8.5,,,,,,2,1,,1,,,,,,,,,,1,
117404,Otávio,CRU,GOL,22,1.6,,,,2,,,,,,,,,,1,,,,,,
117632,Garro,COR,MEI,22,9.3,,1,,,,1,2,,,3,,1,,,1,,,,,
117909,Wesley,CRU,ATA,22,9.5,,1,,,,1,1,,1,1,,1,,,,,,,,
117910,Breno Bidon,COR,MEI,22,2.9,,,,,,2,2,,,1,,,,,,,,,,
117930,Lavega,CFC,ATA,22,8.6,1,,,,,2,2,1,,,,,,,,,,,,
118563,Rodriguinho,RBB,MEI,22,4.8,,,,,,2,2,,3,,,,,,,,,,,
118655,Saldivia,VAS,ZAG,22,8,,,,,,2,,,,,,,,,,,,,1,
118844,Kaio César,COR,ATA,22,2.9,,,,,,1,1,1,,1,,,,,,,,,,
122121,Túlio Eduardo,CHA,ATA,22,9.4,,,,,,,1,,1,2,,1,,,1,,,,,
122321,Lorran,FLA,MEI,22,-0.7,,,,,,,4,,,1,,,,,,,,,,
122394,Gustavinho,RBB,MEI,22,0,,,,,,,,,,,,,,,,,,,,
122485,Barros,VAS,MEI,22,3,,,,,,2,,,,,,,,,,,,,,
122670,Diego Caito,GRE,LAT,22,1.9,,1,,,,1,3,,1,3,,,,,,,,,,
122781,Caballero,SAN,ATA,22,3,,,,,,,1,1,2,1,,,,,,,,,,
123016,David Braga,REM,MEI,22,0.5,,,,,,,,,,1,,,,,,,,,,
123101,Leozinho,CAP,ATA,22,2.5,,,,,,1,,,,2,,,,,,,,,,
123360,Cauly,SAO,MEI,22,1.4,,,,,,1,3,,1,,,,,,,,,,,
123445,Dantas,CAP,MEI,22,1.5,,,,,,1,,,,,,,,,,,,,,
123717,Zé Guilherme,BAH,LAT,22,6.5,,,,,,1,,,,,,,,,,,,,1,
123869,Aguirre,CAP,ZAG,22,8,,,,,,2,,,,,,,,,,,,,1,
124239,Henry Mosquera,RBB,ATA,22,2.8,,,,,,2,3,,1,,,,,,1,,,,,
124424,Rodrigo Castillo,FLU,ATA,22,6.4,,,,,,4,2,,,2,,,,,,,,,,
124526,Giay,PAL,LAT,22,5.5,,,,,,,,,,1,,,,,,,,,1,
124912,Jonathan Jesus,CRU,ZAG,22,2.3,,,,,,1,,,1,,,,,,,,,,,
125746,Dudu,CAP,MEI,22,0,,,,,,,,,,,,,,,,,,,,
125803,Pedro Morisco,CFC,GOL,22,1.6,,,,2,,,,,,,,,,1,,,,,,
126120,Marcelinho,RBB,MEI,22,2,,,,,,1,,,,1,,,,,,,,,,
126182,Paulinho,INT,MEI,22,-0.2,,1,,,,1,4,,,1,,,,,,,,,,
126471,Barreal,SAN,MEI,22,6.4,,,,,,2,1,,4,1,,,,,,,,,,
126977,Fernando Seabra,CFC,TEC,22,5.65,,,,,,,,,,,,,,,,,,,,1
127273,Artur Jorge,CRU,TEC,22,6.91,,,,,,,,,,,,,,,,,,,,1
127871,Vargas,CAP,ATA,22,0,,,,,,,,,,,,,,,,,,,,
128177,Pedro Emanuel,VAS,TEC,22,7.3,,,,,,,,,,,,,,,,,,,,
128431,João Cruz,CAP,MEI,22,9.5,1,,,,,2,1,,1,2,,,,,,,,,,
130048,Noriega,GRE,ZAG,22,6.7,,,,,,4,1,,,2,,,,,,,,,,
130121,João Costa,CRU,ATA,22,-0.3,,,,,,,1,,,,,,,,,,,,,
130209,Renê,VIT,ATA,22,0.8,,,,,,,,,1,,,,,,,,,,,
130307,Wallace,GRE,ZAG,22,8.7,,,,,,,2,,1,1,,1,,,,,,,,
130620,Edenílson,VIT,MEI,22,0,,,,,,,,,,,,,,,,,,,,
130806,Kauan,CHA,ZAG,22,-0.6,,,,,,,2,,,,,,,,,,,,,
130843,Arthur Dias,CAP,ZAG,22,7,,,,,,1,,,,1,,,,,,,,,1,
130906,Riquelme,CAP,MEI,22,3,,,,,,2,,,,,,,,,,,,,,
131617,André Silva,SAO,ATA,22,-1,,1,,,,,,,,,,,,,,,,,,
132071,Serna,FLU,ATA,22,7.9,1,,,,,,,2,,1,,,,,,,,,,
132264,Arroyo,CRU,ATA,22,0.5,,,,,,,1,,1,,,,,,,,,,,
132412,Román Gómez,BAH,LAT,22,8.9,,,,,,2,3,,1,2,,,,,,,,,1,
132553,Jemmes,FLU,ZAG,22,3.5,,,,,,2,1,,1,,,,,,,,,,,
132580,Vinicinho,RBB,ATA,22,3,,,,,,1,,,,3,,,,,,,,,,
136955,Sanabria,BAH,ATA,22,2.2,,,,,,1,,,1,,,,,,1,,,,,
137542,Kaique Kenji,CRU,ATA,22,0.7,,1,,,,1,1,,,1,,,,,,,,,,
141160,Zé Lucas,CRU,MEI,22,2.9,,,,,,1,2,,,4,,,,,,,,,,
141382,Gustavo Santana,SAO,ATA,22,0,,,,,,,,,,,,,,,,,,,,
141451,Allan,PAL,MEI,22,3.3,,,,,,1,1,1,,2,,,,,1,,,,,
141536,Yuri Alves,RBB,MEI,22,1.5,,,,,,1,,,,,,,,,,,,,,
141754,Gabriel Bontempo,SAN,MEI,22,4,,,,,,2,,,,2,,,,,,,,,,
141763,Fabiano Souza,VIT,LAT,22,1.3,,,,,,,,,1,1,,,,,,,,,,
142004,Amuzu,GRE,ATA,22,2.5,,,,,,1,,,,2,,,,,,,,,,
142086,Kauan Toledo,BOT,ATA,22,5.4,,,,,,3,2,,,3,,,,,,,,,,
142484,Barrera,BOT,MEI,22,0.9,,,,,,,1,1,,,,,,,,,,,,
142764,Franco Rossi,CHA,ATA,22,1.2,,,,,,,2,,1,2,,,,,,,,,,
142877,Villalba,BOT,ATA,22,2.2,,,,,,,1,1,1,1,,,,,,,,,,
142890,Montoro,BOT,MEI,22,3.4,,,,,,1,1,1,,2,,,,,,,,,,
143153,Tarzia,VIT,ATA,22,1.7,,,,,,1,1,,,1,,,,,,,,,,
143173,Leonel Pérez,GRE,MEI,22,0,,,,,,,,,,,,,,,,,,,,
143193,Viveros,CAP,ATA,22,17.9,,1,,,,,3,2,,3,,2,,,1,,,,,
145379,Kauê Furquim,BAH,ATA,22,1.7,,,,,,1,1,,,1,,,,,,,,,,
145563,João Ananias,SAN,ZAG,22,1.5,,,,,,1,,,,,,,,,,,,,,
146430,Justino,BOT,ZAG,22,0.2,,1,,,,,1,,,3,,,,,,,,,,
147088,Cissé,CAM,MEI,22,1.3,,,,,,,,,1,1,,,,,,,,,,
147090,Kauã Pascini,CAM,LAT,22,5,,,,,,3,1,,1,,,,,,,,,,,
147202,João Bezerra,INT,ATA,22,0,,,,,,,,,,,,,,,,,,,,
149990,Franclim Carvalho,BOT,TEC,22,4.35,,,,,,,,,,,,,,,,,,,,
150180,Ramon Rique,VAS,MEI,22,1.2,,,,,,1,1,,,,,,,,,,,,,
150197,Osorio,SAO,ZAG,22,-0.6,,,,,,,2,,,,,,,,,,,,,
151404,Lucas Emanuel,BOT,ATA,22,1.4,,,,,,,1,1,,1,,,,,,,,,,
37457,Léo Condé,REM,TEC,22,3.95,,,,,,,,,,,,,,,,,,,,
37656,Fábio,FLU,GOL,22,9.9,,,,8,,,,,,1,,,,1,,,,,,
39148,Hulk,FLU,ATA,22,1.6,,,,,,1,1,,,1,,,,,1,,,,,
39656,Alan Franco,CAM,MEI,22,1.2,,1,,,,1,1,,,2,,,,,,,,,,
39850,Vagner Mancini,RBB,TEC,22,3.09,,,,,,,,,,,,,,,,,,,,
40990,Dorival Júnior,SAO,TEC,22,2.59,,,,,,,,,,,,,,,,,,,,
42411,Cuca,SAN,TEC,22,3.66,,,,,,,,,,,,,,,,,,,,
42500,Fagner,CRU,LAT,22,11.1,1,,,,,2,,,2,3,,,,,,,,,,
62977,Ganso,FLU,MEI,22,0.9,,,,,,1,2,,,,,,,,,,,,,
63354,Rodrigo Moledo,CFC,ZAG,22,1.2,,,,,,1,1,,,,,,,,,,,,,
68685,Alan Patrick,INT,MEI,22,2,,,,,,1,,,,1,,,,,,,,,,
68708,Eduardo,MIR,MEI,22,0.8,,,,,,,,,1,,,,,,,,,,,
68928,Rafael,SAO,GOL,22,1.9,,,,3,,,,,,,,,,2,,,,,,
68938,Giovanni Augusto,CHA,MEI,22,2.3,,,,,,,,,1,3,,,,,,,,,,
68952,Marinho,VIT,ATA,22,3.9,,,,,,2,2,,,3,,,,,,,,,,
68996,Willian José,BAH,ATA,22,0.5,,,,,,,,,,1,,,,,,,,,,
69208,Gabriel Paulista,COR,ZAG,22,4.8,,1,,,,,,,1,,,,,,,,,,1,
70360,Eduardo Sasha,RBB,ATA,22,0.7,,,,,,,1,,,2,,,,,,,,,,
70592,Felipe Anderson,PAL,MEI,22,0.8,,,,,,,,,1,,,,,,,,,,,
70666,Marllon,REM,ZAG,22,6,1,,,,,,,,,2,,,,,,,,,,
70944,Bruno Henrique,INT,MEI,22,0.3,,,,,,1,4,,,,,,,,,,,,,
71123,Thiago Mendes,VAS,MEI,22,0.7,,1,,,,,,1,,1,,,,,,,,,,
71227,Maicon,CFC,ZAG,22,0,,,,,,,,,,,,,,,,,,,,
71536,Luiz Gustavo,CAP,MEI,22,5.9,,,,,,4,2,,,1,,,,,,,,,,
71631,Weverton,GRE,GOL,22,5.5,,,,5,,,,,,,,,,1,,,,,,
72018,Tiago Volpi,RBB,GOL,22,-0.7,,,,1,,,,,,,,,,2,,,,,,
72279,Thomazella,MIR,GOL,22,-3,,,,,,,,,,,,,,3,,,,,,
72294,Everson,CAM,GOL,22,1.6,,,,2,,,,,,2,,,,2,,,,,,
72391,Fernando Diniz,COR,TEC,22,8,,,,,,,,,,,,,,,,,,,,1
72460,Bernard,CAM,MEI,22,7.4,,,,,,,2,,,,,1,,,,,,,,
72493,Alex Telles,BOT,LAT,22,10.3,,,,,,1,,,1,,,1,,,,,,,,
72605,Vitor Hugo,CAM,ZAG,22,-0.6,,,,,,,2,,,,,,,,,,,,,
73384,Samuel Xavier,FLU,LAT,22,0.1,,1,,,,1,3,,,1,,,,,,,,,,
77485,Carrillo,COR,MEI,22,-0.4,,1,,,,1,3,,,,,,,,,,,,,
77777,João Schmidt,SAN,MEI,22,4.2,,,,,,3,1,,,,,,,,,,,,,
78248,Gustavo Henrique,COR,ZAG,22,5,,,,,,,,,,,,,,,,,,,1,
78445,Renê,FLU,LAT,22,4.2,,,,,,2,1,,,3,,,,,,,,,,
78478,Willian Arão,SAN,MEI,22,0.7,,,,,,,,,1,,,,,,1,,,,,
78850,Reinaldo,MIR,LAT,22,8,,,,,,,,,,,,1,,,,,,,,
78855,Thiago Santos,CFC,ZAG,22,2.3,,,,,,2,4,,,1,,,,,,,,,,
79701,Lucas Silva,CRU,MEI,22,3.5,,,,,,2,,,,1,,,,,,,,,,
80129,Jadson,CAP,MEI,22,2.1,,,,,,2,3,,,,,,,,,,,,,
80196,Yago Pikachu,REM,MEI,22,0.5,,,,,,,,,,1,,,,,,,,,,
80287,Luciano,SAO,ATA,22,3.4,,1,,,,2,1,,1,2,,,,,1,,,,,
80313,Gilberto,CAP,LAT,22,8,,,,,,2,,,,,,,,,,,,,1,
80570,Wendell,SAO,LAT,22,3.6,,,,,,2,1,,,2,,,,,1,,,,,
81005,André Luis,MIR,ATA,22,-0.1,,,,,,,,,,,,,,,1,,,,,
81091,Jair,VAS,MEI,22,6.4,,,,,,4,2,,,2,,,,,,,,,,
81720,Lingard,COR,ATA,22,1.5,,,,,,1,,,,,,,,,,,,,,
82463,Otávio,FLU,MEI,22,1.9,,,,,,1,3,,1,1,,,,,,,,,,
82628,Tinga,CFC,LAT,22,5.3,,,,,,2,,,1,3,,,,,,,,,,
82730,Marcelo Rangel,REM,GOL,22,-2,,,,,,,,,,,,,,2,,,,,,
82775,Lucas Ramon,SAO,LAT,22,2.9,,,,,,,2,,,1,1,,,,,,,,,
83257,Gabriel,SAN,ATA,22,3.6,,,,,,,,1,3,,,,,,,,,,,
83433,Patrick,REM,MEI,22,1.2,,,,,,1,1,,,,,,,,,,,,,
83528,Léo Pereira,FLA,ZAG,22,12.7,1,,,,,1,,1,,,,,,,,,,,1,
84339,Bruno Melo,CFC,LAT,22,-0.8,,1,,,,,1,,,1,,,,,,,,,,
84558,Lucas Romero,CRU,MEI,22,2.9,,,,,,2,3,,1,2,,,,,,1,,,,
84626,Josué,CFC,MEI,22,6.3,1,,,,,,,,1,1,,,,,,,,,,
84735,Jorginho,FLA,MEI,22,3.7,,,,,,2,1,,,2,,,,,,,,,,
84816,Varela,FLA,LAT,22,8.3,,,,,,1,,,1,2,,,,,,,,,1,
85403,Danielzinho,SAO,MEI,22,1.2,,,,,,1,1,,,,,,,,,,,,,
86686,Tchê Tchê,VAS,MEI,22,7.9,,,,,,4,1,1,,2,,,,,,,,,,
86859,José Welison,REM,MEI,22,1.6,,1,,,,2,3,,,1,,,,,,,,,,
87008,Léo Jardim,VAS,GOL,22,7.6,,,,2,,,,,,,,,,,,,,,1,
87225,Pedro Henrique,RBB,ZAG,22,4.3,,,,,,2,,,1,1,,,,,,,,,,
87258,Soteldo,FLU,ATA,22,2.1,,,,,,,,,2,1,,,,,,,,,,
87342,Kannemann,GRE,ZAG,22,-1,,1,,,,,,,,,,,,,,,,,,
87470,Thaciano,SAN,MEI,22,1.5,,,,,,1,,,,,,,,,,,,,,
87552,Vitor Bueno,REM,MEI,22,7,1,,,,,1,,,,1,,,,,,,,,,
87863,Arrascaeta,FLA,MEI,22,6.4,,,,,,3,1,1,,2,,,,,,,,,,
88037,Luís Castro,GRE,TEC,22,5.85,,,,,,,,,,,,,,,,,,,,1
88393,Ayrton Lucas,FLA,LAT,22,4.1,,,,,,,3,,,,,,,,,,,,1,
88479,Walace,VIT,MEI,22,1.2,,,,,,1,1,,,,,,,,,,,,,
88963,Leonardo Jardim,FLA,TEC,22,8.96,,,,,,,,,,,,,,,,,,,,1
89256,Gerson,CRU,MEI,22,-1,,1,,,,,,,,,,,,,,,,,,
89274,Andreas Pereira,PAL,MEI,22,3.1,,,,,,,,,2,3,,,,,,,,,,
89368,Braithwaite,GRE,ATA,22,0,,,,,,,,,,,,,,,,,,,,
89837,Lucho Acosta,FLU,MEI,22,1.5,,,,,,1,,,,,,,,,,,,,,
89840,Calleri,SAO,ATA,22,1.1,,,,,,1,4,,1,,,,,,,,,,,
89883,Dodi,GRE,MEI,22,-0.3,,,,,,,1,,,,,,,,,,,,,
90031,Mendoza,CAP,ATA,22,-0.3,,,,,,,1,,,,,,,,,,,,,
90061,Bruno Pacheco,CHA,LAT,22,1.5,,,,,,1,,,,,,,,,,,,,,
90285,Bruno Henrique,FLA,ATA,22,8,,,,,,,,,,,,1,,,,,,,,
90302,Pedro Rocha,CFC,ATA,22,9.6,,,,,,,,,2,,,1,,,,,,,,
90309,David,VAS,ATA,22,0.8,,,,,,,1,,1,1,,,,,2,,,,,
90588,Caíque,VIT,MEI,22,1.5,,,,,,1,,,,,,,,,,,,,,
90703,Matheuzinho,VIT,MEI,22,1.7,,,,,,1,1,,,1,,,,,,,,,,
91101,Ronaldo,BAH,GOL,22,8.9,,,,3,,,,,,,,,,,,,,,1,
91130,Fernandinho,MIR,ATA,22,4.8,,,,,,2,3,1,,3,,,,,,,,,,
91204,Warleson,BOT,GOL,22,3.9,,,,3,,,,,,2,,,,1,,,,,,
91473,Erick Pulgar,FLA,MEI,22,7.7,,,,,,,1,,,,,1,,,,,,,,
91573,Arboleda,SAO,ZAG,22,0.4,,1,,,,,1,1,,1,,,,,,,,,,
91607,R. Rústico,SAN,ATA,22,0.9,,,,,,,1,,1,1,,,,,1,,,,,
91626,Paulinho,BOT,LAT,22,-0.3,,,,,,,1,,,,,,,,,,,,,
91706,Marlon,GRE,LAT,22,3.5,,1,,,,3,,,,,,,,,,,,,,
91772,David Duarte,BAH,ZAG,22,8,,,,,,2,,,,,,,,,,,,,1,
91908,Pavón,GRE,ATA,22,11.1,,,,,,2,1,,,1,,1,,,1,,,,,
92171,Arthur Cabral,BOT,ATA,22,4.6,,,,,,1,2,2,1,1,,,,,,,,,,
92180,Jair Ventura,VIT,TEC,22,2.54,,,,,,,,,,,,,,,,,,,,
92182,Juninho,INT,ZAG,22,5,,,,,,,,,,,,,,,,,,,1,
92273,Odair Hellmann,CAP,TEC,22,8.440000000000001,,,,,,,,,,,,,,,,,,,,1
92747,Eduardo Domínguez,CAM,TEC,22,4.68,,,,,,,,,,,,,,,,,,,,
92811,Bruno Rodrigues,CRU,ATA,22,5,1,,,,,,,,,,,,,,,,,,,
92981,Ronaldo,INT,MEI,22,1.5,,,,,,1,,,,,,,,,,,,,,
93716,Paulo Henrique,VAS,LAT,22,7.5,,,,,,1,1,,1,1,,,,,,,,,1,
93790,Marlon Freitas,PAL,MEI,22,5.1,,,,,,2,1,,3,,,,,,,,,,,
93988,Breno Lopes,CFC,ATA,22,3.7,,,,,,1,,1,,2,,,,,,,,,,
94034,Kevin Ramírez,CHA,ATA,22,10.2,1,,,,,1,,2,1,1,,,,,,,,,,
94067,Matheus Fernandes,RBB,MEI,22,1.5,,,,,,1,,,,,,,,,,,,,,
94154,Maycon,CAM,MEI,22,0.2,,,,,,,1,,,1,,,,,,,,,,
94583,Pedro,FLA,ATA,22,-0.3,,,,,,,1,,,,,,,,,,,,,
94930,Lucas Paquetá,FLA,MEI,22,1.5,,,,,,1,,,,,,,,,,,,,,
94968,Juninho Capixaba,RBB,LAT,22,5.7,,,,,,3,1,,,3,,,,,,,,,,
95131,Gabriel Taliari,REM,ATA,22,10.2,,,,,,,3,,2,3,,1,,,,,,,,
95332,Marcinho,CHA,ATA,22,2,,,,,,1,,,,1,,,,,,,,,,
95362,Cassierra,CAM,ATA,22,0,,,,,,,,,,,,,,,,,,,,
95541,Gustavo Cazonatti,MIR,MEI,22,5.1,,,,,,2,2,1,,3,,,,,,,,,,
95556,Raniele,COR,MEI,22,3.5,,,,,,2,,,,1,,,,,,,,,,
96610,Matheus Pereira,CRU,MEI,22,2.2,,,,,,1,1,,,2,,,,,,,,,,
96652,Allan,COR,MEI,22,3.9,,,,,,3,2,,,,,,,,,,,,,
97095,Carlos Cuesta,VAS,ZAG,22,7,,,,,,1,,,,1,,,,,,,,,1,
97101,Gabriel Rojas,CRU,LAT,22,0.5,,,,,,,,,,1,,,,,,,,,,
97145,Villasanti,GRE,MEI,22,3.4,,1,,,,1,2,1,1,3,,,,,,,,,,
97321,Alesson,MIR,ATA,22,1.5,,,,,,1,,,,,,,,,,,,,,
97341,Rogério Ceni,BAH,TEC,22,5.96,,,,,,,,,,,,,,,,,,,,
97460,João Victor,MIR,ZAG,22,2.7,,,,,,2,1,,,,,,,,,,,,,
97468,Marçal,BOT,LAT,22,-3,,,1,,,,,,,,,,,,,,,,,
97520,Shaylon,MIR,MEI,22,-1.1,,1,,,,,2,,,1,,,,,,,,,,
97642,Félix Torres,INT,ZAG,22,8.5,,,,,,2,,,,1,,,,,,,,,1,
97653,Murilo,PAL,ZAG,22,5.7,,1,,,,1,2,,1,,,,,,,,,,1,
97810,Erick,VIT,ATA,22,1.3,,,,,,,,,1,1,,,,,,,,,,
97867,Léo Ortiz,FLA,ZAG,22,7,,,,,,1,1,,1,,,,,,,,,,1,
97878,Jacy,CFC,ZAG,22,1.9,,,,,,1,,,,1,,,,,1,,,,,
97899,Matheus Bahia,INT,LAT,22,7.4,,,,,,2,2,,,,,,,,,,,,1,
98224,Jáderson,REM,MEI,22,-0.3,,,,,,,1,,,,,,,,,,,,,
98225,Pedro Raul,COR,ATA,22,10.5,,,,,,2,3,,,1,,1,,,1,,,,,
98517,Jean Lucas,BAH,MEI,22,3.5,,,,,,2,1,,1,,,,,,,,,,,
98617,Maripán,INT,ZAG,22,4.7,,,,,,,1,,,,,,,,,,,,1,
98672,Savarino,FLU,MEI,22,3,,,,,,2,,,,,,,,,,,,,,
98873,Samuel Lino,FLA,ATA,22,7.4,,,,,,1,,,3,1,1,,,,,,,,,
98909,Cuello,CAM,ATA,22,1.4,,,,,,1,,,,,,,,,1,,,,,
99034,Elias,MIR,LAT,22,1.8,,1,,,,2,4,,,2,,,,,,,,,,
99267,Pochettino,VIT,MEI,22,0.5,,,,,,,,,,1,,,,,,,,,,
99274,Alexander Barboza,PAL,ZAG,22,9.7,,,,,,3,2,,1,,,,,,,,,,1,
99366,Luis Zubeldía,FLU,TEC,22,5.55,,,,,,,,,,,,,,,,,,,,
99552,Rossi,FLA,GOL,22,6.3,,,,1,,,,,,,,,,,,,,,1,
99789,Brenner,VAS,ATA,22,1.8,,,,,,1,,,,1,,,,,2,,,,,
99815,Arias,PAL,MEI,22,7.7,,,,,,4,1,,,4,,,,,,,,,,
100084,Igor Gomes,CAM,MEI,23,5.2,1,,,,,,1,,,1,,,,,,,,,,
100596,Krovinovic,GRE,MEI,23,2.3,,,,,,1,,,1,,,,,,,,,,,
100804,Tchamba,REM,ZAG,23,3.8,,,,,,2,,,1,,,,,,,,,,,
100842,Ruan,CAM,ZAG,23,9.2,,,,,,2,,1,,,,,,,,,,,1,
100848,Luan Cândido,VIT,LAT,23,9,,,,,,3,1,,,,,,,,2,,,,1,
100898,Vitinho,BOT,LAT,23,1.2,,,,,,1,1,,,,,,,,,,,,,
100987,Nonato,FLU,MEI,23,0,,,,,,,,,,,,,,,,,,,,
101002,Júnior Santos,BOT,ATA,23,2.6,,,,,,,3,,,1,1,,,,,,,,,
101254,Alef Manga,REM,ATA,23,0.7,,,,,,,,,1,,,,,,1,,,,,
101290,Ferreira,SAO,ATA,23,1.3,,,,,,,,,1,1,,,,,,,,,,
101319,Guga,FLU,LAT,23,5.9,,1,,,,4,2,,,3,,,,,,,,,,
101352,Bruno Matias,CHA,MEI,23,0.8,,,,,,,,,1,,,,,,,,,,,
101393,Eduardo Doma,CHA,ZAG,23,3,,,,,,2,,,,,,,,,,,,,,
101405,Wallisson,MIR,MEI,23,3.5,,,,,,2,1,,1,,,,,,,,,,,
101574,Hugo Souza,COR,GOL,23,3.2,,,,4,,,,,,,,,,2,,,,,,
101597,Ramon,VIT,LAT,23,4.9,,1,,,,1,2,,,,,,,,,,,,1,
101715,Alerrandro,INT,ATA,23,0.3,,,,,,1,4,,,,,,,,,,,,,
101727,Matheuzinho,COR,LAT,23,7.4,,,,,,5,2,,,1,,,,,,,,,,
101807,Oliva,SAN,MEI,23,1.4,,,,,,1,2,,,1,,,,,,,,,,
101908,Willian Machado,MIR,ZAG,23,3.6,,,,,,2,2,1,,,,,,,,,,,,
101960,Vitinho,INT,ATA,23,1.2,,,,,,,1,,,3,,,,,,,,,,
101995,Brítez,VIT,ZAG,23,5.7,,,,,,,1,,,2,,,,,,,,,1,
102130,Piquerez,PAL,LAT,23,3.7,1,1,,,,,1,,,,,,,,,,,,,
102255,Santiago Sosa,VAS,MEI,23,2.4,,,,,,2,2,,,,,,,,,,,,,
102256,Rollheiser,SAN,MEI,23,5.5,1,,,,,,,,,1,,,,,,,,,,
102318,Caio Paulista,GRE,LAT,23,1.5,,,,,,1,,,,,,,,,,,,,,
102340,Cacá,VIT,ZAG,23,6.2,,,,,,1,1,,,,,,,,,,,,1,
102906,Anderson,CHA,GOL,23,1.4,,,,3,,,,,,1,,,,3,,,,,,
102911,Zé Ricardo,REM,MEI,23,4.7,,1,,,,3,2,,1,2,,,,,,,,,,
102928,Canobbio,FLU,ATA,23,8.8,1,1,,,,2,4,1,1,2,,,,,,,,,,
102975,Escobar,SAN,LAT,23,11.2,,,,,,4,1,,,1,,,,,,,,,1,
103056,Gabriel Brazão,SAN,GOL,23,9.4,,,,3,,,,,,1,,,,,,,,,1,
103295,Eric Ramires,RBB,MEI,23,0,,,,,,,,,,,,,,,,,,,,
103388,Emmanuel Martínez,VIT,MEI,23,4.7,,1,,,,3,2,,1,2,,,,,,,,,,
103445,Kaio Jorge,CRU,ATA,23,1,,,,,,,,,,2,,,,,,,,,,
103967,Bruno Santos,MIR,ATA,23,2.9,,,,,,,1,2,1,,,,,,,,,,,
104027,Rafael Guanaes,MIR,TEC,23,3.2,,,,,,,,,,,,,,,,,,,,
104084,Carlos Miguel,PAL,GOL,23,0.9,,,,3,,,,,,,,,,3,,,,,,
104118,Lucas Arcanjo,VIT,GOL,23,8.9,,,,3,,,,,,,,,,,,,,,1,
104204,Edson Carioca,MIR,ATA,23,1.5,,,,,,1,,,,,,,,,,,,,,
104470,Everton,CHA,LAT,23,0,,,,,,,,,,,,,,,,,,,,
104519,Camilo,CHA,MEI,23,3.1,,1,,,,3,4,,1,,,,,,,,,,,
104649,Heitor,CHA,LAT,23,3.5,,,,,,3,,,,,,,,,,1,,,,
104693,Newton,SAO,MEI,23,3.8,,,,,,2,,,1,,,,,,,,,,,
104783,Acevedo,BAH,MEI,23,15.4,,,,,,5,2,,,1,,1,,,,,,,,
104811,Sebastián Gómez,CFC,MEI,23,-0.3,,,,,,,1,,,,,,,,,,,,,
105047,João Marcelo,CRU,ZAG,23,2.7,,,,,,1,1,,,3,,,,,,,,,,
105048,Jajá,REM,ATA,23,0.4,,1,,,,1,2,,,1,,,,,,,,,,
105089,Tetê,GRE,ATA,23,5.3,,,,,,3,,,1,,,,,,,,,,,
105157,Villagra,INT,MEI,23,0.9,,,,,,1,2,,,,,,,,,,,,,
105213,Sant'Anna,RBB,LAT,23,9.6,1,,,,,2,,,2,,,,,,,,,,,
105214,Santi Rodríguez,BOT,MEI,23,2.2,,,,,,1,1,,,2,,,,,,,,,,
105300,Ferraresi,BOT,ZAG,23,6.7,,,,,,4,1,,,2,,,,,,,,,,
105436,Carrascal,FLA,MEI,23,24.9,2,,,,,3,1,1,,3,,1,,,,,,,,
105531,Matheus Bidu,COR,LAT,23,4.2,,,,,,2,2,,1,2,,,,,,,,,,
105563,Carlos Vinícius,GRE,ATA,23,0.6,,,,,,,1,,,2,,,,,1,,,,,
105584,Lucas Piton,VAS,LAT,23,2.4,,,,,,1,1,1,,,,,,,,,,,,
105647,Maurício,PAL,MEI,23,8.5,,,,,,,,,,1,,1,,,,,,,,
105990,Santiago Mingo,BAH,ZAG,23,4.3,,,,,,2,,,1,1,,,,,,,,,,
106202,Bruno Gomes,INT,MEI,23,2.7,,,,,,2,1,,,,,,,,,,,,,
106294,Marcos Antônio,SAO,MEI,23,1.5,,,,,,1,,,,,,,,,,,,,,
106302,Preciado,CAM,LAT,23,3.1,,1,,,,,3,,,,,,,,,,,,1,
106313,Domingos Duarte,SAO,ZAG,23,5.9,,,,,,3,1,1,,1,,,,,,,,,,
106323,Caio Alexandre,BAH,MEI,23,-0.6,,,,,,,2,,,,,,,,,,,,,
106593,Villalba,CRU,ZAG,23,-0.4,,1,,,,1,3,,,,,,,,,,,,,
106708,Igor Formiga,MIR,LAT,23,0.9,,,,,,1,2,,,,,,,,,,,,,
106822,Rodrigo Nestor,BAH,MEI,23,5.3,,,,,,1,,1,2,2,,,,,,,,,,
106907,Rafael Lacerda,CHA,TEC,23,6.56,,,,,,,,,,,,,,,,,,,,
106950,Fernando,CHA,LAT,23,5.9,,,,,,4,2,,,1,,,,,,,,,,
107093,Luciano Juba,BAH,LAT,23,0,,,,,,,,,,,,,,,,,,,,
107173,Michel Araújo,BAH,MEI,23,0.5,,,,,,,,,,1,,,,,,,,,,
107231,Danilo,BOT,MEI,23,3.5,,,,,,2,,,,1,,,,,,,,,,
107256,Zé Vitor,VIT,MEI,23,7.4,,,,,,5,3,,1,,,,,,,,,,,
107989,Carbonero,INT,ATA,23,12,,,,,,1,1,1,2,,,1,,,,,,,,
108133,Isidro Pitta,RBB,ATA,23,4,,,,,,,1,,1,1,1,,,,,,,,,
108162,Nardoni,GRE,MEI,23,0.2,,,,,,,1,,,1,,,,,,,,,,
108683,Emiliano Martínez,PAL,MEI,23,0,,,,,,,,,,,,,,,,,,,,
108713,Galeano,REM,ATA,23,1.7,,,,,,1,1,,,1,,,,,,,,,,
108946,Victor Sá,SAO,ATA,23,9.9,1,,,,,2,1,1,,2,,,,,,,,,,
109096,Plata,FLA,ATA,23,14.6,1,,,,,5,,,2,1,,,,,,,,,,
109127,Tiago Cóser,CFC,ZAG,23,9.9,,1,,,,2,2,,,1,,1,,,,,,,,
109401,Erick Pulga,BAH,ATA,23,3.4,,1,,,,1,2,1,1,1,,,,,,,,1,,
109461,Calebe,INT,MEI,23,1.8,,,,,,,,,1,2,,,,,,,,,,
109573,Martinelli,FLU,MEI,23,4.7,1,1,,,,,2,,1,1,,,,,,,,,,
109987,Medina,BOT,MEI,23,4.2,,,,,,2,1,,,3,,,,,,,,,,
110144,Spinelli,VAS,ATA,23,2.1,,,,,,1,2,1,,,,,,,,,,,,
110426,Bernabei,INT,LAT,23,3.2,,,,,,1,,,1,2,,,,,1,,,,,
110506,Abel Ferreira,PAL,TEC,23,4.73,,,,,,,,,,,,,,,,,,,,
110598,Marino Hinestroza,VAS,ATA,23,1,,,,,,,,,,2,,,,,,,,,,
110750,Gustavo Marques,RBB,ZAG,23,3.7,,,,,,2,1,,,2,,,,,,,,,,
111309,Gustavo Martins,GRE,ZAG,23,1.3,,,,,,,,,1,1,,,,,,,,,,
111690,Matheus Cunha,INT,GOL,23,2.1,,,,2,,,,,,1,,,,1,,,,,,
111760,Fabinho,RBB,MEI,23,-0.3,,,,,,,1,,,,,,,,,,,,,
111831,Matheus Martins,BOT,ATA,23,1.3,,,,,,,,,1,1,,,,,,,,,,
112576,Vini Paulista,CFC,MEI,23,1.5,,,,,,1,,,,,,,,,,,,,,
112863,Ramón Sosa,PAL,ATA,23,2,,,,,,,1,,1,3,,,,,,,,,,
112886,Lucas Barbosa,RBB,ATA,23,6.8,,,,,,3,,,1,3,,,,,,,,,,
113103,Flaco López,PAL,ATA,23,8.5,1,,,,,,,1,1,3,,,,,,,,,,
113113,Benavídez,CAP,LAT,23,4.7,,,,,,2,,1,,1,,,,,,,,,,
113125,Picco,REM,MEI,23,1.5,,,,,,1,,,,,,,,,,,,,,
113359,Pablo Maia,SAO,MEI,23,8.2,,1,,,,,3,,2,1,,1,,,,,,,,
114040,Minda,CAM,ATA,23,0,,,,,,,,,,,,,,,,,,,,
114208,Alejo Véliz,BAH,ATA,23,9.6,,,,,,,,,2,,,1,,,,,,,,
114323,Colidio,VAS,ATA,23,3.3,,,,,,,1,,2,4,,,,,,,,,,
114801,Danilo Pereira,BOT,ATA,23,3.5,,,,,,2,,,,1,,,,,,,,,,
114802,Vitor Roque,PAL,ATA,23,-0.6,,,,,,,2,,,,,,,,,,,,,
115479,Paulo Pezzolano,INT,TEC,23,4.37,,,,,,,,,,,,,,,,,,,,
115914,Evertton Araújo,FLA,MEI,23,0,,,,,,,,,,,,,,,,,,,,
115986,Denilson,MIR,MEI,23,-1.7,,1,,,,,4,,,1,,,,,,,,,,
116034,Victor Hugo,CAM,MEI,23,1.8,,,,,,,1,,2,1,,,,,,,,,,
116447,Hércules,FLU,MEI,23,3.2,,,,,,1,,1,,1,,,,,,,,,,
116461,Jamerson,VIT,LAT,23,5.5,,,,,,,,,,1,,,,,,,,,1,
116706,Andrés Gómez,VAS,ATA,23,2.9,,,,,,,,,3,1,,,,,,,,,,
117330,Robert Renan,VAS,ZAG,23,1.7,,1,,,,2,1,,,,,,,,,,,,,
117404,Otávio,CRU,GOL,23,5.5,,,,5,,,,,,,,,,1,,,,,,
117632,Garro,COR,MEI,23,10.2,,1,,,,2,1,1,1,7,1,,,,,,,,,
117910,Breno Bidon,COR,MEI,23,2.7,,,,,,2,1,,,,,,,,,,,,,
117930,Lavega,CFC,ATA,23,0.4,,,,,,,2,,,2,,,,,,,,,,
118844,Kaio César,COR,ATA,23,3.9,,,,,,1,1,1,,3,,,,,,,,,,
122121,Túlio Eduardo,CHA,ATA,23,7,,,,,,,3,,,,,1,,,1,,,,,
122660,Japa,MIR,MEI,23,1.6,,,,,,,,,2,,,,,,,,,,,
122670,Diego Caito,GRE,LAT,23,2.7,,,,,,1,1,,,3,,,,,,,,,,
122781,Caballero,SAN,ATA,23,3.7,,,,,,,1,,,2,1,,,,,,,,,
123016,David Braga,REM,MEI,23,0,,,,,,,,,,,,,,,,,,,,
123101,Leozinho,CAP,ATA,23,2.8,,,,,,,,1,2,,,,,,,,,,,
123717,Zé Guilherme,BAH,LAT,23,2.8,,,,,,1,,,1,1,,,,,,,,,,
123738,Herrera,RBB,ATA,23,0.8,,,,,,,,,1,,,,,,,,,,,
123795,Lucho Rodríguez,CRU,ATA,23,7,1,1,,,,,,,,,1,,,,,,,,,
123869,Aguirre,CAP,ZAG,23,0.6,,,,,,1,3,,,,,,,,,,,,,
124219,Millán,FLU,ZAG,23,0,,,,,,,,,,,,,,,,,,,,
124270,Allex,INT,MEI,23,0,,,,,,,,,,,,,,,,,,,,
124483,Lucas Monzón,BOT,ZAG,23,-0.4,,1,,,,,2,1,,,,,,,,,,,,
124526,Giay,PAL,LAT,23,2,,,,,,,,,,4,,,,,,,,,,
124912,Jonathan Jesus,CRU,ZAG,23,5.9,,1,,,,5,2,,,,,,,,,,,,,
124961,Castaño,CAM,MEI,23,-0.6,,,,,,,2,,,,,,,,,,,,,
125488,João Pedro,COR,ZAG,23,4.2,,,,,,2,,1,,,,,,,,,,,,
125746,Dudu,CAP,MEI,23,1.5,,,,,,1,,,,,,,,,,,,,,
125803,Pedro Morisco,CFC,GOL,23,4.2,,,,4,,,,,,,,,,1,,,,,,
125926,Zapelli,CAP,MEI,23,1.5,,,,,,1,,,,,,,,,,,,,,
126182,Paulinho,INT,MEI,23,3,,,,,,2,,,,,,,,,,,,,,
126471,Barreal,SAN,MEI,23,3.2,,,,,,2,1,,,1,,,,,,,,,,
126977,Fernando Seabra,CFC,TEC,23,4.41,,,,,,,,,,,,,,,,,,,,
127273,Artur Jorge,CRU,TEC,23,7.23,,,,,,,,,,,,,,,,,,,,1
127871,Vargas,CAP,ATA,23,9.3,,,,,,,,,1,1,,1,,,,,,,,
128177,Pedro Emanuel,VAS,TEC,23,2.7,,,,,,,,,,,,,,,,,,,,
128431,João Cruz,CAP,MEI,23,3.2,,,,,,,,1,2,1,,,,,1,,,,,
130048,Noriega,GRE,ZAG,23,1.7,,,,,,1,1,,,1,,,,,,,,,,
130121,João Costa,CRU,ATA,23,2.1,,,,,,,1,2,,,,,,,,,,,,
130209,Renê,VIT,ATA,23,2.3,,,,,,,2,2,,1,,,,,,,,,,
130307,Wallace,GRE,ZAG,23,-0.1,,,,,,,2,,,1,,,,,,,,,,
130806,Kauan,CHA,ZAG,23,-1.5,,,,,,1,,,,,,,1,,,,,,,
130843,Arthur Dias,CAP,ZAG,23,1.7,,,,,,1,1,,,1,,,,,,,,,,
131516,JP Chermont,CFC,LAT,23,2.9,,,,,,2,2,,,1,,,,,,,,,,
132071,Serna,FLU,ATA,23,9.5,,,,,,1,,,,,,1,,,,,,,,
132264,Arroyo,CRU,ATA,23,3.3,,,,,,1,,,1,2,,,,,,,,,,
132412,Román Gómez,BAH,LAT,23,4.3,,,,,,2,,,1,1,,,,,,,,,,
132553,Jemmes,FLU,ZAG,23,2.9,,,,,,2,2,,,1,,,,,,,,,,
132580,Vinicinho,RBB,ATA,23,3.4,,,,,,,2,2,2,,,,,,,,,,,
133543,Gui Negão,COR,ATA,23,2,,,,,,1,1,,1,,,,,,,,,,,
136955,Sanabria,BAH,ATA,23,-0.5,,1,,,,,1,,1,,,,,,,,,,,
140438,David,CHA,MEI,23,0,,,,,,,,,,,,,,,,,,,,
140542,Ryan Francisco,SAO,ATA,23,-0.3,,,,,,,1,,,,,,,,,,,,,
141160,Zé Lucas,CRU,MEI,23,1.7,,,,,,1,1,,,1,,,,,,,,,,
141339,Paulo Roberto,CFC,ATA,23,2,,,,,,1,,,,1,,,,,,,,,,
141344,Vitor Tissi,CFC,MEI,23,3.2,,,,,,2,1,,,1,,,,,,,,,,
141400,Huguinho,BOT,MEI,23,-2.1,,1,,,,,2,,,1,,,,,,1,,,,
141451,Allan,PAL,MEI,23,4.1,,,,,,2,2,1,,1,,,,,,,,,,
141536,Yuri Alves,RBB,MEI,23,0.5,,,,,,,,,,1,,,,,,,,,,
141594,Pedro Gabriel,GRE,LAT,23,3.7,,1,,,,3,2,,1,,,,,,,,,,,
141595,Gabriel Mec,GRE,ATA,23,3.8,,,,,,2,,,1,,,,,,,,,,,
141776,Gustavo Henrique,SAN,MEI,23,3.5,,,,,,2,,,,1,,,,,,,,,,
141995,Dieguinho,COR,MEI,23,0,,,,,,,,,,,,,,,,,,,,
142004,Amuzu,GRE,ATA,23,5.5,,,,,,1,,1,1,4,,,,,,,,,,
142279,Nuno Moreira,VAS,MEI,23,0,,,,,,,,,,,,,,,,,,,,
142764,Franco Rossi,CHA,ATA,23,3.3,,,,,,1,,,1,2,,,,,,,,,,
142868,Johnny,FLA,LAT,23,0,,,,,,,,,,,,,,,,,,,,
142890,Montoro,BOT,MEI,23,-0.9,,1,,,,,3,,,2,,,,,,,,,,
143153,Tarzia,VIT,ATA,23,8.2,,,,,,4,2,,1,4,,,,,,,,,,
143193,Viveros,CAP,ATA,23,7.4,1,,,,,,2,1,1,2,,,,,,,,,,
144976,Domingos Andrade,BOT,MEI,23,1.5,,,,,,1,,,,,,,,,,,,,,
145379,Kauê Furquim,BAH,ATA,23,2.7,,,,,,1,1,,,3,,,,,,,,,,
145404,Arthur,PAL,LAT,23,2.5,,1,,,,2,,,,1,,,,,,,,,,
145563,João Ananias,SAN,ZAG,23,4.7,,,,,,,1,,,,,,,,,,,,1,
147088,Cissé,CAM,MEI,23,1.7,,1,,,,1,1,,,3,,,,,,,,,,
149990,Franclim Carvalho,BOT,TEC,23,2.87,,,,,,,,,,,,,,,,,,,,
151120,Jorge Rivaldo,CAP,ATA,23,0,,,,,,,,,,,,,,,,,,,,
151292,Felipe Morais,CRU,MEI,23,2.1,,1,,,,2,3,,,2,,,,,,,,,,
37457,Léo Condé,REM,TEC,23,3.8,,,,,,,,,,,,,,,,,,,,
37656,Fábio,FLU,GOL,23,1.9,,,,3,,,,,,,,,,2,,,,,,
39148,Hulk,FLU,ATA,23,11.3,,,,,,,,,1,5,,1,,,,,,,,
39656,Alan Franco,CAM,MEI,23,0.2,,,,,,,1,,,1,,,,,,,,,,
39850,Vagner Mancini,RBB,TEC,23,5.91,,,,,,,,,,,,,,,,,,,,
40990,Dorival Júnior,SAO,TEC,23,3.47,,,,,,,,,,,,,,,,,,,,
42411,Cuca,SAN,TEC,23,10.31,,,,,,,,,,,,,,,,,,,,1
42500,Fagner,CRU,LAT,23,6.7,,,,,,3,1,1,1,1,,,,,,,,,,
51413,Walter,MIR,GOL,23,-2.4,,,,2,,,,,,,,,,5,,,,,,
62977,Ganso,FLU,MEI,23,4.8,,,,,,2,,,1,2,,,,,,,,,,
63007,Neymar,SAN,MEI,23,8.4,,,,,,2,3,2,3,3,,,,,,,,,,
68685,Alan Patrick,INT,MEI,23,1.5,,,,,,1,,,,,,,,,,,,,,
68708,Eduardo,MIR,MEI,23,5,,,,,,,,1,1,,1,,,,,,,,,
68920,Dudu,CAM,ATA,23,0,,,,,,,,,,,,,,,,,,,,
68928,Rafael,SAO,GOL,23,-1,,,,,,,,,,,,,,1,,,,,,
68938,Giovanni Augusto,CHA,MEI,23,23.2,2,,,,,3,1,,,2,,1,,,,,,,,
68952,Marinho,VIT,ATA,23,1.8,,,,,,,,,1,2,,,,,,,,,,
69012,Santos,CAP,GOL,23,4.2,,,,4,,,,,,,,,,1,,,,,,
69208,Gabriel Paulista,COR,ZAG,23,1.5,,,,,,1,,,,,,,,,,,,,,
69783,Danilo,FLA,ZAG,23,3,,,,,,2,,,,,,,,,,,,,,
70360,Eduardo Sasha,RBB,ATA,23,0.5,,1,,,,1,,,,,,,,,,,,,,
70592,Felipe Anderson,PAL,MEI,23,1.5,,,,,,1,,,,,,,,,,,,,,
70944,Bruno Henrique,INT,MEI,23,4.7,,,,,,2,,1,,1,,,,,,,,,,
71123,Thiago Mendes,VAS,MEI,23,5.2,,,,,,3,2,,1,1,,,,,,,,,,
71536,Luiz Gustavo,CAP,MEI,23,2.7,,,,,,2,1,,,,,,,,,,,,,
71631,Weverton,GRE,GOL,23,-0.4,,,,2,,,,,,,,,,3,,,,,,
71684,Gustavo Gómez,PAL,ZAG,23,10.2,,1,,,,3,4,,,,,1,,,1,,,,,
72018,Tiago Volpi,RBB,GOL,23,8.1,,,,7,,,,,,,,,,1,,,,,,
72294,Everson,CAM,GOL,23,6.3,,,,1,,,,,,,,,,,,,,,1,
72391,Fernando Diniz,COR,TEC,23,5.45,,,,,,,,,,,,,,,,,,,,
72460,Bernard,CAM,MEI,23,0.5,,,,,,,1,,1,,,,,,,,,,,
72493,Alex Telles,BOT,LAT,23,2.7,,,,,,1,2,,1,2,,,,,,,,,,
72605,Vitor Hugo,CAM,ZAG,23,12.7,,,,,,,1,,,,,1,,,,,,,1,
72951,Mercado,INT,ZAG,23,2.7,,,,,,2,1,,,,,,,,,,,,,
73476,Marcão,FLU,TEC,23,8.23,,,,,,,,,,,,,,,,,,,,1
77485,Carrillo,COR,MEI,23,2,,,,,,1,1,,1,,,,,,,,,,,
77777,João Schmidt,SAN,MEI,23,4.5,,,,,,3,,,,,,,,,,,,,,
78248,Gustavo Henrique,COR,ZAG,23,10,,,,,,1,1,,1,,,1,,,,,,,,
78445,Renê,FLU,LAT,23,7.4,,,,,,5,2,,,1,,,,,,,,,,
78478,Willian Arão,SAN,MEI,23,9.5,,,,,,1,,,,,,1,,,,,,,,
78605,Gabriel,RBB,MEI,23,1.7,,,,,,1,2,,1,,,,,,,,,,,
78850,Reinaldo,MIR,LAT,23,7.2,1,,,,,,,1,,2,,,,,,,,,,
78855,Thiago Santos,CFC,ZAG,23,3.8,,,,,,1,,,1,3,,,,,,,,,,
79631,Cano,FLU,ATA,23,11.5,,,,,,,1,,1,,1,1,,,,,,,,
80129,Jadson,CAP,MEI,23,10.7,,,,,,6,,1,,1,,,,,,,,,,
80196,Yago Pikachu,REM,MEI,23,1.2,,,,,,1,1,,,,,,,,,,,,,
80287,Luciano,SAO,ATA,23,4.7,,,,,,1,2,1,2,2,,,,,,,,,,
80313,Gilberto,CAP,LAT,23,6.9,,,,,,3,,2,,,,,,,,,,,,
80570,Wendell,SAO,LAT,23,2.7,,,,,,1,1,,,3,,,,,,,,,,
81091,Jair,VAS,MEI,23,0,,,,,,,,,,,,,,,,,,,,
81720,Lingard,COR,ATA,23,0.6,,,,,,1,3,,,,,,,,,,,,,
82627,Luiz Araújo,FLA,ATA,23,10.4,,,,,,1,2,,,3,,1,,,,,,,,
82628,Tinga,CFC,LAT,23,0,,,,,,,,,,,,,,,,,,,,
82730,Marcelo Rangel,REM,GOL,23,2.9,,,,3,,,,,,,,,,1,,,,,,
82775,Lucas Ramon,SAO,LAT,23,-0.8,,1,,,,,2,,1,,,,,,,,,,,
83257,Gabriel,SAN,ATA,23,9.6,,,,,,,,,2,,,1,,,,,,,,
83433,Patrick,REM,MEI,23,5,,,,,,2,,,,4,,,,,,,,,,
83528,Léo Pereira,FLA,ZAG,23,1.5,,,,,,1,,,,,,,,,,,,,,
84339,Bruno Melo,CFC,LAT,23,4.3,,,,,,2,,,1,1,,,,,,,,,,
84428,Fernando Sobral,CFC,MEI,23,1,,,,,,,,,,2,,,,,,,,,,
84558,Lucas Romero,CRU,MEI,23,4.2,,,,,,2,1,,,3,,,,,,,,,,
84735,Jorginho,FLA,MEI,23,0,,,,,,,,,,,,,,,,,,,,
84816,Varela,FLA,LAT,23,2,,,,,,1,,,,1,,,,,,,,,,
84847,Luan Peres,SAN,ZAG,23,13.5,,,,,,,,,,1,,1,,,,,,,1,
85425,João Paulo,SAN,GOL,23,-1,,1,,,,,,,,,,,,,,,,,,
86485,Keno,CFC,ATA,23,0.4,,,,,,,,,,1,,,,,1,,,,,
86686,Tchê Tchê,VAS,MEI,23,2.3,,,,,,1,,,1,,,,,,,,,,,
86859,José Welison,REM,MEI,23,3.9,,,,,,2,1,1,,,,,,,,,,,,
86864,Marlon,REM,LAT,23,0.2,,1,,,,1,1,,,,,,,,,,,,,
87008,Léo Jardim,VAS,GOL,23,-0.4,,,,2,,,,,,,,,,3,,,,,,
87225,Pedro Henrique,RBB,ZAG,23,10.7,,,,,,1,,1,,,,1,,,,,,,,
87258,Soteldo,FLU,ATA,23,4.4,,,,,,2,2,1,1,,,,,,,,,,,
87342,Kannemann,GRE,ZAG,23,0.2,,1,,,,1,1,,,,,,,,,,,,,
87470,Thaciano,SAN,MEI,23,0,,,,,,,,,,,,,,,,,,,,
87552,Vitor Bueno,REM,MEI,23,8.4,,1,,,,,1,1,,1,,1,,,,,,,,
87742,Neto Moura,MIR,MEI,23,0.2,,1,,,,1,1,,,,,,,,,,,,,
87747,Yago Felipe,CHA,MEI,23,9.1,1,,,,,3,3,,,1,,,,,,,,,,
87863,Arrascaeta,FLA,MEI,23,5,1,,,,,,,,,,,,,,,,,,,
88037,Luís Castro,GRE,TEC,23,2.6,,,,,,,,,,,,,,,,,,,,
88393,Ayrton Lucas,FLA,LAT,23,10.3,1,,,,,3,,,1,,,,,,,,,,,
88479,Walace,VIT,MEI,23,0.2,,,,,,,2,,1,,,,,,,,,,,
88963,Leonardo Jardim,FLA,TEC,23,11.64,,,,,,,,,,,,,,,,,,,,1
89256,Gerson,CRU,MEI,23,2.8,,,,,,1,,,1,1,,,,,,,,,,
89274,Andreas Pereira,PAL,MEI,23,0,,,,,,,,,,,,,,,,,,,,
89493,Igor Rabello,FLU,ZAG,23,4.5,,,,,,3,,,,,,,,,,,,,,
89837,Lucho Acosta,FLU,MEI,23,-1.3,,1,,,,,1,,,,,,,,,,,,,
89840,Calleri,SAO,ATA,23,0.8,,,,,,,4,1,1,,,,,,,,,,,
89883,Dodi,GRE,MEI,23,-0.6,,,,,,,2,,,,,,,,,,,,,
90031,Mendoza,CAP,ATA,23,6,,,,,,1,,,2,,1,,,,1,,,,,
90061,Bruno Pacheco,CHA,LAT,23,2,,,,,,1,,,,1,,,,,,,,,,
90302,Pedro Rocha,CFC,ATA,23,-0.4,,,,,,,1,,,,,,,,1,,,,,
90309,David,VAS,ATA,23,0,,,,,,,,,,,,,,,,,,,,
90370,Matheus Pereira,COR,MEI,23,1.5,,,,,,1,,,,,,,,,,,,,,
90703,Matheuzinho,VIT,MEI,23,11.5,,,,,,2,2,,1,1,,1,,,2,,,,,
91101,Ronaldo,BAH,GOL,23,-3,,,,,,,,,,,,,,3,,,,,,
91130,Fernandinho,MIR,ATA,23,1.9,,,,,,1,1,,1,,,,,,1,,,,,
91204,Warleson,BOT,GOL,23,2.1,,,,2,,,,,,1,,,,1,,,,,,
91473,Erick Pulgar,FLA,MEI,23,0,,,,,,,,,,,,,,,,,,,,
91573,Arboleda,SAO,ZAG,23,1.5,,,,,,1,,,,,,,,,,,,,,
91607,R. Rústico,SAN,ATA,23,3.4,,,,,,2,,,,1,,,,,1,,,,,
91772,David Duarte,BAH,ZAG,23,2.5,,,,,,1,1,,1,1,,,,,,,,,,
91866,Zé Ivaldo,REM,ZAG,23,2.8,,,,,,1,,,1,1,,,,,,,,,,
91908,Pavón,GRE,ATA,23,0.9,,1,,,,1,,,,1,,,,,1,,,,,
92171,Arthur Cabral,BOT,ATA,23,3.5,,,1,,,2,1,1,2,2,,,,,,,,,,
92180,Jair Ventura,VIT,TEC,23,8.66,,,,,,,,,,,,,,,,,,,,1
92273,Odair Hellmann,CAP,TEC,23,5.75,,,,,,,,,,,,,,,,,,,,
92696,Renato Kayzer,VIT,ATA,23,2.7,,,,,,1,1,,2,,,,,,1,,,,,
92747,Eduardo Domínguez,CAM,TEC,23,8.21,,,,,,,,,,,,,,,,,,,,1
92811,Bruno Rodrigues,CRU,ATA,23,11.6,,,,,,2,1,1,,,,1,,,3,,,,,
93478,Wanderson,CRU,ATA,23,9.5,,,,,,1,,,,,,1,,,,,,,,
93716,Paulo Henrique,VAS,LAT,23,1.3,,1,,,,2,4,,,1,,,,,,,,,,
93790,Marlon Freitas,PAL,MEI,23,4.2,,,,,,3,1,,,,,,,,,,,,,
93988,Breno Lopes,CFC,ATA,23,6.3,1,,,,,,,,1,1,,,,,,,,,,
94034,Kevin Ramírez,CHA,ATA,23,3.5,,,,,,2,,,,1,,,,,,,,,,
94067,Matheus Fernandes,RBB,MEI,23,8,,,,,,5,1,,1,,,,,,,,,,,
94154,Maycon,CAM,MEI,23,1.5,,,,,,1,,,,,,,,,,,,,,
94583,Pedro,FLA,ATA,23,20.2,,,,,,2,,1,,,,2,,,,,,,,
94930,Lucas Paquetá,FLA,MEI,23,9,,,,,,5,1,,1,2,,,,,,,,,,
94968,Juninho Capixaba,RBB,LAT,23,7.5,,,,,,5,,,,,,,,,,,,,,
95131,Gabriel Taliari,REM,ATA,23,2.4,,,,,,1,3,,1,2,,,,,,,,,,
95332,Marcinho,CHA,ATA,23,8.9,,,,,,,2,,2,,,1,,,1,,,,,
95362,Cassierra,CAM,ATA,23,3.2,,,,,,,1,,,1,1,,,,,,,,,
95466,Igor Vinícius,SAN,LAT,23,11.9,,,,,,5,2,,,,,,,,,,,,1,
95541,Gustavo Cazonatti,MIR,MEI,23,1,,1,,,,1,,,,1,,,,,,,,,,
95799,Artur,SAO,ATA,23,0,,,,,,,,,,,,,,,,,,,,
96591,Renan Lodi,CAM,LAT,23,14,1,1,,,,1,2,1,3,1,,,,,,,,,1,
96610,Matheus Pereira,CRU,MEI,23,2.8,,,,,,1,,,1,1,,,,,,,,,,
96652,Allan,COR,MEI,23,3.6,,,,,,2,2,1,,,,,,,,,,,,
97095,Carlos Cuesta,VAS,ZAG,23,1.7,,,,,,1,1,,,1,,,,,,,,,,
97321,Alesson,MIR,ATA,23,1.3,,,,,,1,,,,,,,,,2,,,,,
97341,Rogério Ceni,BAH,TEC,23,5.21,,,,,,,,,,,,,,,,,,,,
97432,Victor Caetano,CHA,ZAG,23,-1,,1,,,,,,,,,,,,,,,,,,
97450,Gustavo Mosquito,MIR,ATA,23,0.8,,,,,,,,,1,,,,,,,,,,,
97460,João Victor,MIR,ZAG,23,7.9,,,,,,,,,,,,1,,,1,,,,,
97642,Félix Torres,INT,ZAG,23,0,,,,,,,,,,,,,,,,,,,,
97653,Murilo,PAL,ZAG,23,3.6,,,,,,2,2,1,,,,,,,,,,,,
97795,Marcelinho,REM,LAT,23,2.2,,,,,,1,,,1,,,,,,1,,,,,
97810,Erick,VIT,ATA,23,4.5,,,,,,,,1,1,3,,,,,,,,1,,
97868,Iago,SAO,LAT,23,0,,,,,,,,,,,,,,,,,,,,
97878,Jacy,CFC,ZAG,23,9.3,,,,,,5,1,,2,1,,,,,,,,,,
97899,Matheus Bahia,INT,LAT,23,10.3,1,1,,,,4,2,,,2,,,,,1,,,,,
98022,Erick,BAH,MEI,23,1.3,,,,,,,,,1,1,,,,,,,,,,
98225,Pedro Raul,COR,ATA,23,2.9,,,,,,1,1,1,,1,,,,,,,,,,
98517,Jean Lucas,BAH,MEI,23,9.3,1,,,,,2,,,1,1,,,,,,,,,,
98617,Maripán,INT,ZAG,23,1.7,,,,,,1,1,,,1,,,,,,,,,,
98873,Samuel Lino,FLA,ATA,23,11.9,,,,,,2,,,,2,,1,,,1,,,,,
98909,Cuello,CAM,ATA,23,20.5,,,,,,2,,,,3,,2,,,,,,,,
99213,Puma Rodríguez,VAS,LAT,23,3.8,,,,,,,,,1,,1,,,,,,,,,
99267,Pochettino,VIT,MEI,23,0.8,,,,,,,,,1,,,,,,,,,,,
99552,Rossi,FLA,GOL,23,4.2,,,,4,,,,,,,,,,1,,,,,,
99815,Arias,PAL,MEI,23,0.9,,,,,,,4,,2,1,,,,,,,,,,
100596,Krovinovic,GRE,MEI,24,3.7,,,,,,2,3,,2,,,,,,,,,,,
100742,Matheus Henrique,CRU,MEI,24,8.3,1,,,,,1,1,,2,1,,,,,,,,,,
100804,Tchamba,REM,ZAG,24,1.5,,,,,,1,,,,,,,,,,,,,,
100842,Ruan,CAM,ZAG,24,7.4,,,,,,1,1,1,,,,,,,,,,,1,
100848,Luan Cândido,VIT,LAT,24,1.1,,,,,,1,3,,,1,,,,,,,,,,
100898,Vitinho,BOT,LAT,24,1.4,,,,,,1,3,,1,,,,,,,,,,,
100987,Nonato,FLU,MEI,24,0.2,,,,,,,1,,,1,,,,,,,,,,
101002,Júnior Santos,BOT,ATA,24,3.4,,,,,,,,,3,2,,,,,,,,,,
101237,Eliasson,INT,ATA,24,0,,,,,,,,,,,,,,,,,,,,
101254,Alef Manga,REM,ATA,24,2.1,,,,,,,,,2,1,,,,,,,,,,
101290,Ferreira,SAO,ATA,24,0,,,,,,,,,,,,,,,,,,,,
101352,Bruno Matias,CHA,MEI,24,1.5,,,,,,1,,,,,,,,,,,,,,
101393,Eduardo Doma,CHA,ZAG,24,6.5,,,,,,1,,,,,,,,,,,,,1,
101405,Wallisson,MIR,MEI,24,-3.9,,,1,,,,3,,,,,,,,,,,,,
101597,Ramon,VIT,LAT,24,4.4,,1,,,,3,1,1,,,,,,,,,,,,
101729,Fabinho,CFC,ATA,24,0.2,,,,,,,1,,,1,,,,,,,,,,
101908,Willian Machado,MIR,ZAG,24,4.5,,,,,,3,,,,,,,,,,,,,,
101960,Vitinho,INT,ATA,24,1.3,,,,,,,1,1,,1,,,,,1,,,,,
101995,Brítez,VIT,ZAG,24,-0.3,,,,,,,1,,,,,,,,,,,,,
102255,Santiago Sosa,VAS,MEI,24,4.4,,,,,,3,3,,1,,,,,,,,,,,
102256,Rollheiser,SAN,MEI,24,1.6,,,,,,,,,2,,,,,,,,,,,
102340,Cacá,VIT,ZAG,24,0.6,,1,,,,,,,2,,,,,,,,,,,
102906,Anderson,CHA,GOL,24,9.7,,1,,4,,,,,,1,,,,,,,,,1,
102911,Zé Ricardo,REM,MEI,24,6,,,,,,3,,,,3,,,,,,,,,,
102928,Canobbio,FLU,ATA,24,3.1,,,,,,2,1,,,1,,,,,1,,,,,
102975,Escobar,SAN,LAT,24,11.2,,,,,,7,1,,,2,,,,,,,,,,
103056,Gabriel Brazão,SAN,GOL,24,1.6,,,,2,,,,,,,,,,1,,,,,,
103295,Eric Ramires,RBB,MEI,24,1.5,,,,,,1,,,,,,,,,,,,,,
103388,Emmanuel Martínez,VIT,MEI,24,3.5,,,,,,2,,,,1,,,,,,,,,,
103445,Kaio Jorge,CRU,ATA,24,2,,,,,,1,,,,1,,,,,,,,,,
103523,Ignácio,FLU,ZAG,24,3.8,,,,,,2,,,1,,,,,,,,,,,
103967,Bruno Santos,MIR,ATA,24,1.7,,,,,,1,1,,,1,,,,,,,,,,
104027,Rafael Guanaes,MIR,TEC,24,4.01,,,,,,,,,,,,,,,,,,,,
104075,Sabino,SAO,ZAG,24,1.4,,,,,,1,2,,,1,,,,,,,,,,
104084,Carlos Miguel,PAL,GOL,24,2.9,,,,3,,,,,,,,,,1,,,,,,
104118,Lucas Arcanjo,VIT,GOL,24,4.5,,,,5,,,,,,,,,,2,,,,,,
104470,Everton,CHA,LAT,24,5,,,,,,,,,,,,,,,,,,,1,
104519,Camilo,CHA,MEI,24,2.3,,1,,,,3,4,,,,,,,,,,,,,
104649,Heitor,CHA,LAT,24,8.8,,,,,,2,,,1,,,,,,,,,,1,
104693,Newton,SAO,MEI,24,-0.1,,,,,,,2,,,1,,,,,,,,,,
104783,Acevedo,BAH,MEI,24,5.4,,,,,,4,2,,,,,,,,,,,,,
104811,Sebastián Gómez,CFC,MEI,24,7,,,,,,4,,,,2,,,,,,,,,,
104994,Wagner Leonardo,GRE,ZAG,24,0,,,,,,,,,,,,,,,,,,,,
105047,João Marcelo,CRU,ZAG,24,-1.9,,1,,,,,3,,,,,,,,,,,,,
105048,Jajá,REM,ATA,24,13.7,,,,,,4,1,,,,,1,,,,,,,,
105089,Tetê,GRE,ATA,24,2.2,,,,,,,1,1,1,1,,,,,,,,,,
105157,Villagra,INT,MEI,24,2.8,,1,,,,3,4,,,1,,,,,,,,,,
105175,Khellven,PAL,LAT,24,1.5,,,,,,1,,,,,,,,,,,,,,
105213,Sant'Anna,RBB,LAT,24,3.6,,1,,,,,1,,,,,,,,1,,,,1,
105214,Santi Rodríguez,BOT,MEI,24,16.5,,,,,,,,,,1,,2,,,,,,,,
105300,Ferraresi,BOT,ZAG,24,11.1,,,,,,6,1,2,,,,,,,,,,,,
105436,Carrascal,FLA,MEI,24,5.9,,,,,,2,,,3,1,,,,,,,,,,
105518,Renan Peixoto,CAP,ATA,24,-0.3,,,,,,,1,,,,,,,,,,,,,
105563,Carlos Vinícius,GRE,ATA,24,0,,,,,,,,,,,,,,,,,,,,
105647,Maurício,PAL,MEI,24,9.3,,,,,,,,,1,1,,1,,,,,,,,
105990,Santiago Mingo,BAH,ZAG,24,9,,,,,,2,,,,2,,,,,,,,,1,
106202,Bruno Gomes,INT,MEI,24,9.4,,1,,,,6,3,,1,3,,,,,,,,,,
106294,Marcos Antônio,SAO,MEI,24,2,,,,,,1,,,,1,,,,,,,,,,
106313,Domingos Duarte,SAO,ZAG,24,1.7,,,,,,,,1,,1,,,,,,,,,,
106593,Villalba,CRU,ZAG,24,9.5,1,,,,,3,,,,,,,,,,,,,,
106708,Igor Formiga,MIR,LAT,24,8.8,,1,,,,7,4,,,1,,,,,,,,,,
106822,Rodrigo Nestor,BAH,MEI,24,1.1,,1,,,,,1,,3,,,,,,,,,,,
106843,Borrero,CHA,MEI,24,3,,,,,,2,,,,,,,,,,,,,,
106907,Rafael Lacerda,CHA,TEC,24,8.85,,,,,,,,,,,,,,,,,,,,1
106950,Fernando,CHA,LAT,24,4.7,,,,,,,1,,,,,,,,,,,,1,
107093,Luciano Juba,BAH,LAT,24,12.4,,,,,,4,1,1,,1,,,,,,,,,1,
107173,Michel Araújo,BAH,MEI,24,5.9,1,,,,,,1,1,,,,,,,,,,,,
107256,Zé Vitor,VIT,MEI,24,6.8,,,,,,3,1,,2,2,,,,,,,,,,
107554,Natanael,CAM,LAT,24,5.5,,,,,,,,,,1,,,,,,,,,1,
107989,Carbonero,INT,ATA,24,0.7,,,,,,,1,,,2,,,,,,,,,,
108131,Garcez,CHA,ATA,24,6.7,,,,,,3,,1,,2,,,,,,,,,,
108133,Isidro Pitta,RBB,ATA,24,2.3,,,,,,,2,,3,1,,,,,,,,,,
108683,Emiliano Martínez,PAL,MEI,24,3,,,,,,2,,,,,,,,,,,,,,
108713,Galeano,REM,ATA,24,0.5,,,,,,,,,,1,,,,,,,,,,
109096,Plata,FLA,ATA,24,3,,,,,,2,,,,,,,,,,,,,,
109097,Jovane Cabral,GRE,ATA,24,1.7,,,,,,1,1,,,1,,,,,,,,,,
109127,Tiago Cóser,CFC,ZAG,24,1.2,,,,,,1,1,,,,,,,,,,,,,
109401,Erick Pulga,BAH,ATA,24,7.9,1,1,,,,,1,2,1,2,,,,,,,,,,
109573,Martinelli,FLU,MEI,24,6.3,,,,,,3,2,2,,,,,,,,,,,,
109987,Medina,BOT,MEI,24,3,,,,,,2,,,,,,,,,,,,,,
110426,Bernabei,INT,LAT,24,10,,,,,,2,,,2,1,,,,,1,,,,1,
110506,Abel Ferreira,PAL,TEC,24,10.37,,,,,,,,,,,,,,,,,,,,1
110510,Aguirre,INT,LAT,24,9.3,,,,,,2,1,,2,,,,,,,,,,1,
110598,Marino Hinestroza,VAS,ATA,24,-0.3,,,,,,,1,,,,,,,,,,,,,
110750,Gustavo Marques,RBB,ZAG,24,13.5,,,,,,,,,,1,,1,,,,,,,1,
111682,Adson,VAS,MEI,24,5.2,,,,,,3,1,,,2,,,,,,,,,,
111683,Anthoni,INT,GOL,24,5,,,,,,,,,,,,,,,,,,,1,
111690,Matheus Cunha,INT,GOL,24,10.2,,,,4,,,,,,,,,,,,,,,1,
111760,Fabinho,RBB,MEI,24,1.3,,,,,,,,,1,1,,,,,,,,,,
111831,Matheus Martins,BOT,ATA,24,1.7,,,,,,,,1,,1,,,,,,,,,,
111879,Mateus Silva,VIT,LAT,24,2,,,,,,1,,,,1,,,,,,,,,,
112886,Lucas Barbosa,RBB,ATA,24,2.7,,,,,,,1,1,1,2,,,,,,,,,,
113103,Flaco López,PAL,ATA,24,22.8,,,,,,3,,,1,3,,2,,,,,,,,
113113,Benavídez,CAP,LAT,24,3.5,,,,,,2,,,,1,,,,,,,,,,
113125,Picco,REM,MEI,24,0,,,,,,,,,,,,,,,,,,,,
113359,Pablo Maia,SAO,MEI,24,0.5,,,,,,,,,,1,,,,,,,,,,
113397,Cristian Olivera,BAH,ATA,24,3.5,,,,,,1,,,2,1,,,,,1,,,,,
114040,Minda,CAM,ATA,24,2.4,,,,,,,,2,,,,,,,,,,,,
114208,Alejo Véliz,BAH,ATA,24,11.8,,,,,,,1,,2,5,,1,,,,,,,,
114323,Colidio,VAS,ATA,24,8.5,,,,,,,,,,1,,1,,,,,,,,
114801,Danilo Pereira,BOT,ATA,24,7.1,1,,,,,,1,1,1,1,,,,,1,,,,,
114802,Vitor Roque,PAL,ATA,24,13,,,,,,1,1,,1,6,,1,,,,,,,,
115479,Paulo Pezzolano,INT,TEC,24,6.4,,,,,,,,,,,,,,,,,,,,
115914,Evertton Araújo,FLA,MEI,24,0,,,,,,,,,,,,,,,,,,,,
116065,Cuiabano,VAS,LAT,24,3.8,,,,,,2,,,1,,,,,,,,,,,
116447,Hércules,FLU,MEI,24,-0.2,,1,,,,,1,1,,,,,,,1,,,,,
116706,Andrés Gómez,VAS,ATA,24,5.6,,1,,,,5,3,,,,,,,,,,,,,
117061,Gabriel Knesowitsch,MIR,ZAG,24,-1.3,,1,,,,,1,,,,,,,,,,,,,
117314,Thiago Borbas,CAM,ATA,24,3.9,,,,,,1,3,,1,5,,,,,,,,,,
117330,Robert Renan,VAS,ZAG,24,6.7,,1,,,,5,2,,1,,,,,,,,,,,
117404,Otávio,CRU,GOL,24,1.6,,,,2,,,,,,,,,,1,,,,,,
117909,Wesley,CRU,ATA,24,0.7,,1,,,,,1,1,1,,,,,,,,,,,
117910,Breno Bidon,COR,MEI,24,2.2,,1,,,,2,1,,,1,,,,,,,,,,
117930,Lavega,CFC,ATA,24,4.1,,,,,,1,1,,3,1,,,,,,,,,,
118563,Rodriguinho,RBB,MEI,24,6.3,,,,,,2,,1,2,1,,,,,,,,,,
118844,Kaio César,COR,ATA,24,3.8,,,,,,1,1,,2,2,,,,,,,,,,
121823,Kauê,COR,GOL,24,-0.7,,,,1,,,,,,,,,,2,,,,,,
122121,Túlio Eduardo,CHA,ATA,24,1.8,,,,,,,1,,2,1,,,,,,,,,,
122394,Gustavinho,RBB,MEI,24,5,1,,,,,,,,,,,,,,,,,,,
122660,Japa,MIR,MEI,24,0,,,,,,,,,,,,,,,,,,,,
122670,Diego Caito,GRE,LAT,24,4,,,,,,2,1,,1,1,,,,,,,,,,
122781,Caballero,SAN,ATA,24,0,,,,,,,,,,,,,,,,,,,,
123016,David Braga,REM,MEI,24,-0.3,,,,,,,1,,,,,,,,,,,,,
123101,Leozinho,CAP,ATA,24,2.8,,,,,,1,,,1,1,,,,,,,,,,
123360,Cauly,SAO,MEI,24,3.3,,,,,,,,1,2,1,,,,,,,,,,
123445,Dantas,CAP,ZAG,24,5.2,1,1,,,,1,1,,,,,,,,,,,,,
123689,Milans,COR,LAT,24,2.7,,,,,,2,1,,,,,,,,,,,,,
123738,Herrera,RBB,ATA,24,1.7,,,,,,,1,1,1,,,,,,,,,,,
123869,Aguirre,CAP,ZAG,24,5.4,,,,,,3,1,1,,,,,,,,,,,,
124239,Henry Mosquera,RBB,ATA,24,1.2,,,,,,1,1,,,,,,,,,,,,,
124270,Allex,INT,MEI,24,0,,,,,,,,,,,,,,,,,,,,
124526,Giay,PAL,LAT,24,7,,,,,,3,1,,1,4,,,,,,,,,,
124961,Castaño,CAM,MEI,24,1.4,,1,,,,1,1,1,,,,,,,,,,,,
125746,Dudu,CAP,MEI,24,0,,,,,,,,,,,,,,,,,,,,
125803,Pedro Morisco,CFC,GOL,24,1.6,,,,2,,,,,,,,,,1,,,,,,
126182,Paulinho,INT,MEI,24,0.9,,1,,,,,1,1,,2,,,,,,,,,,
126189,Tomás Pérez,CAM,MEI,24,0.5,,,,,,,,,,1,,,,,,,,,,
126471,Barreal,SAN,MEI,24,19.5,,,,,,6,,1,1,1,,1,,,,,,,,
126977,Fernando Seabra,CFC,TEC,24,7.44,,,,,,,,,,,,,,,,,,,,1
127273,Artur Jorge,CRU,TEC,24,6.32,,,,,,,,,,,,,,,,,,,,1
127871,Vargas,CAP,ATA,24,6.8,1,,,,,,,,1,2,,,,,,,,,,
127932,Júlio Fidelis,FLU,LAT,24,-0.3,,,,,,,1,,,,,,,,,,,,,
128177,Pedro Emanuel,VAS,TEC,24,4.4,,,,,,,,,,,,,,,,,,,,
128431,João Cruz,CAP,MEI,24,15.7,,,,,,4,,1,,1,,1,,,,,,,,
129663,Ruan Pablo,BAH,ATA,24,0.8,,,,,,,,,1,,,,,,,,,,,
130048,Noriega,GRE,ZAG,24,2.4,,1,,,,1,2,1,1,1,,,,,,,,,,
130121,João Costa,CRU,ATA,24,0.4,,,,,,,1,,1,,,,,,1,,,,,
130209,Renê,VIT,ATA,24,4.8,,,,,,2,2,,3,,,,,,,,,,,
130307,Wallace,GRE,ZAG,24,0.5,,1,,,,,1,,1,2,,,,,,,,,,
130806,Kauan,CHA,ZAG,24,5.9,,,,,,,1,1,,,,,,,,,,,1,
130843,Arthur Dias,CAP,ZAG,24,4.1,,,,,,3,3,,,1,,,,,,,,,,
131516,JP Chermont,CFC,LAT,24,18.5,2,,,,,5,1,,1,1,,,,,,,,,,
131832,Portilla,CAP,MEI,24,1.5,,,,,,1,,,,,,,,,,,,,,
131967,Villarreal,CRU,ATA,24,0.5,,,,,,,,,,1,,,,,,,,,,
132071,Serna,FLU,ATA,24,8.1,,,,,,,1,,,1,,1,,,1,,,,,
132264,Arroyo,CRU,ATA,24,13.6,,,,,,2,1,2,,1,,1,,,,,,,,
132412,Román Gómez,BAH,LAT,24,9,,,,,,2,1,,1,1,,,,,,,,,1,
132580,Vinicinho,RBB,ATA,24,4.3,,,,,,2,,,1,1,,,,,,,,,,
133543,Gui Negão,COR,ATA,24,-0.3,,,,,,,1,,,,,,,,,,,,,
137542,Kaique Kenji,CRU,ATA,24,0,,,,,,,,,,,,,,,,,,,,
140484,Riquelme Felipe,FLU,ATA,24,5,1,,,,,,,,,,,,,,,,,,,
141131,Vitão,CAM,ZAG,24,6.2,,,,,,1,1,,,,,,,,,,,,1,
141160,Zé Lucas,CRU,MEI,24,0,,,,,,,,,,,,,,,,,,,,
141337,Lucas Taverna,CFC,LAT,24,1.5,,,,,,1,,,,,,,,,,,,,,
141339,Paulo Roberto,CFC,ATA,24,10.7,,,,,,2,1,,,,,1,,,,,,,,
141344,Vitor Tissi,CFC,MEI,24,-1,,1,,,,,,,,,,,,,,,,,,
141382,Gustavo Santana,SAO,ATA,24,1.9,,,,,,,2,1,1,1,,,,,,,,,,
141400,Huguinho,BOT,MEI,24,-0.1,,,,,,,2,,,1,,,,,,,,,,
141405,Avellar,VAS,LAT,24,5.4,,,,,,3,1,1,,,,,,,,,,,,
141451,Allan,PAL,MEI,24,10.4,1,,,,,4,2,,,,,,,,,,,,,
141536,Yuri Alves,RBB,MEI,24,1,,,,,,,1,,1,1,,,,,,,,,,
141615,Pedro Ferreira,SAO,MEI,24,0.2,,,,,,,1,,,1,,,,,,,,,,
141754,Gabriel Bontempo,SAN,MEI,24,4.5,,,,,,2,,,,3,,,,,,,,,,
141776,Gustavo Henrique,SAN,MEI,24,16,,,,,,9,,1,1,1,,,,,,,,,,
141995,Dieguinho,COR,MEI,24,-0.3,,,,,,,1,,,,,,,,,,,,,
142004,Amuzu,GRE,ATA,24,0.5,,,,,,,,,,1,,,,,,,,,,
142086,Kauan Toledo,BOT,ATA,24,2.1,,1,,,,1,1,1,1,,,,,,1,,,,,
142279,Nuno Moreira,VAS,MEI,24,3.9,,,,,,2,1,1,,,,,,,,,,,,
142764,Franco Rossi,CHA,ATA,24,0.5,,,,,,,,,,1,,,,,,,,,,
142890,Montoro,BOT,MEI,24,3,,,,,,,,,,,1,,,,,,,,,
143153,Tarzia,VIT,ATA,24,0.7,,,,,,,1,,,2,,,,,,,,,,
143193,Viveros,CAP,ATA,24,17.2,,,,,,,2,,,4,,2,,,2,,,,,
145404,Arthur,PAL,LAT,24,3.4,,,,,,2,2,,,2,,,,,,,,,,
146375,Kadir,BOT,ATA,24,1.7,,,,,,,1,1,1,,,,,,,,,,,
146430,Justino,BOT,ZAG,24,4.9,,,,,,1,2,,,2,1,,,,,,,,,
147088,Cissé,CAM,MEI,24,2.6,,,,,,1,3,,,4,,,,,,,,,,
147090,Kauã Pascini,CAM,LAT,24,7.2,,1,,,,2,1,,,1,,,,,,,,,1,
147850,Rodrigo Bellão,BOT,TEC,24,5.78,,,,,,,,,,,,,,,,,,,,
150180,Ramon Rique,VAS,MEI,24,-0.6,,,,,,,2,,,,,,,,,,,,,
150959,Davizinho,SAN,LAT,24,1.5,,,,,,1,,,,,,,,,,,,,,
37457,Léo Condé,REM,TEC,24,4.68,,,,,,,,,,,,,,,,,,,,
37656,Fábio,FLU,GOL,24,-1,,,,,,,,,,,,,,1,,,,,,
37715,Thiago Silva,FLU,ZAG,24,4.3,,,,,,2,1,,2,,,,,,,,,,,
39148,Hulk,FLU,ATA,24,14.8,,,,,,1,,2,3,1,,1,,,,,,,,
39656,Alan Franco,CAM,MEI,24,-0.1,,,,,,,,,,,,,,,1,,,,,
39850,Vagner Mancini,RBB,TEC,24,7,,,,,,,,,,,,,,,,,,,,1
40990,Dorival Júnior,SAO,TEC,24,3.08,,,,,,,,,,,,,,,,,,,,
42411,Cuca,SAN,TEC,24,8.54,,,,,,,,,,,,,,,,,,,,
42500,Fagner,CRU,LAT,24,7.4,,,,,,4,2,1,1,,,,,,,,,,,
51413,Walter,MIR,GOL,24,7.8,,,,6,,,,,,2,,,,1,,,,,,
62977,Ganso,FLU,MEI,24,7.3,,,,,,4,1,1,,1,,,,,1,,,,,
63007,Neymar,SAN,MEI,24,12.4,1,1,,,,1,2,3,3,3,,,,,,,,,,
63289,Edenílson,BOT,MEI,24,3.3,,1,,,,,,,1,1,1,,,,,,,,,
68685,Alan Patrick,INT,MEI,24,1.7,,,,,,1,1,,,1,,,,,,,,,,
68708,Eduardo,MIR,MEI,24,11,,,,,,2,,,,,,1,,,,,,,,
68920,Dudu,CAM,ATA,24,0.5,,,,,,,1,,1,,,,,,,,,,,
68928,Rafael,SAO,GOL,24,4.2,,,,4,,,,,,,,,,1,,,,,,
68938,Giovanni Augusto,CHA,MEI,24,6.2,1,,,,,1,1,,,,,,,,,,,,,
68952,Marinho,VIT,ATA,24,0.3,,1,,,,,,,1,1,,,,,,,,,,
69012,Santos,CAP,GOL,24,5.8,,,,6,,,,,,,,,,2,,,,,,
69140,Allan,BOT,MEI,24,2.3,,,,,,1,,,1,,,,,,,,,,,
69208,Gabriel Paulista,COR,ZAG,24,3.8,,,,,,2,,,1,,,,,,,,,,,
69783,Danilo,FLA,ZAG,24,-0.3,,,,,,,1,,,,,,,,,,,,,
70360,Eduardo Sasha,RBB,ATA,24,0.8,,,,,,,,,1,,,,,,,,,,,
70592,Felipe Anderson,PAL,MEI,24,6,,,,,,2,,,,,1,,,,,,,,,
70666,Marllon,REM,ZAG,24,-0.3,,,,,,,1,,,,,,,,,,,,,
70944,Bruno Henrique,INT,MEI,24,-1.2,,,,,,,4,,,,,,,,,,,,,
71123,Thiago Mendes,VAS,MEI,24,3.2,,1,,,,2,,1,,,,,,,,,,,,
71536,Luiz Gustavo,CAP,MEI,24,0,,,,,,,,,,,,,,,,,,,,
71631,Weverton,GRE,GOL,24,0.6,,1,,2,,,,,,,,,,1,,,,,,
71684,Gustavo Gómez,PAL,ZAG,24,1.2,,,,,,1,1,,,,,,,,,,,,,
72018,Tiago Volpi,RBB,GOL,24,7.6,,,,2,,,,,,,,,,,,,,,1,
72294,Everson,CAM,GOL,24,8.6,,,,3,,,1,,,,,,,,,,,,1,
72391,Fernando Diniz,COR,TEC,24,4.37,,,,,,,,,,,,,,,,,,,,
72460,Bernard,CAM,MEI,24,0,,,,,,,,,,,,,,,,,,,,
72493,Alex Telles,BOT,LAT,24,1.3,,,,,,,1,,2,,,,,,,,,,,
72605,Vitor Hugo,CAM,ZAG,24,6.2,,,,,,,,1,,,,,,,,,,,1,
72951,Mercado,INT,ZAG,24,4.5,,1,,,,,,,,1,,,,,,,,,1,
73384,Samuel Xavier,FLU,LAT,24,0.9,,,,,,,,,,2,,,,,1,,,,,
73476,Marcão,FLU,TEC,24,7.12,,,,,,,,,,,,,,,,,,,,1
77485,Carrillo,COR,MEI,24,2.4,,,,,,1,1,,1,1,,,,,1,,,,,
77510,Fred,CAM,MEI,24,-0.1,,1,,,,,3,,1,2,,,,,,,,,,
77777,João Schmidt,SAN,MEI,24,0.4,,1,,,,1,3,,1,,,,,,,,,,,
78117,Everaldo,BAH,ATA,24,0,,,,,,,,,,,,,,,,,,,,
78248,Gustavo Henrique,COR,ZAG,24,1.7,,,,,,,,1,,1,,,,,,,,,,
78445,Renê,FLU,LAT,24,7.5,,,,,,3,1,1,2,1,,,,,,,,,,
78478,Willian Arão,SAN,MEI,24,4.2,,,,,,2,,1,,,,,,,,,,,,
78850,Reinaldo,MIR,LAT,24,-0.3,,,,,,,1,,,,,,,,,,,,,
78855,Thiago Santos,CFC,ZAG,24,5.8,,1,,,,4,,,1,,,,,,,,,,,
79631,Cano,FLU,ATA,24,0,,,,,,,,,,,,,,,,,,,,
80129,Jadson,CAP,MEI,24,9.9,,,,,,6,1,1,,,,,,,,,,,,
80196,Yago Pikachu,REM,MEI,24,4,,1,,,,3,1,,1,,,,,,,,,,,
80287,Luciano,SAO,ATA,24,7.4,,,,,,1,,,2,3,1,,,,2,,,,,
81720,Lingard,COR,ATA,24,0.8,,,,,,,,,1,,,,,,,,,,,
82627,Luiz Araújo,FLA,ATA,24,0,,,,,,,,,,,,,,,,,,,,
82730,Marcelo Rangel,REM,GOL,24,7.1,,,,7,,,,,,,,,,2,,,,,,
82775,Lucas Ramon,SAO,LAT,24,1.8,,,,,,,,,1,2,,,,,,,,,,
83257,Gabriel,SAN,ATA,24,0.8,,,,,,,,,1,,,,,,,,,,,
83433,Patrick,REM,MEI,24,0,,,,,,,,,,,,,,,,,,,,
84339,Bruno Melo,CFC,LAT,24,2.2,,,,,,1,,,1,,,,,,1,,,,,
84428,Fernando Sobral,CFC,MEI,24,0,,,,,,,,,,,,,,,,,,,,
84558,Lucas Romero,CRU,MEI,24,4.7,,,,,,3,2,,1,,,,,,,,,,,
84626,Josué,CFC,MEI,24,2.7,,,,,,,1,1,1,2,,,,,,,,,,
84735,Jorginho,FLA,MEI,24,3.3,,,,,,1,,,1,2,,,,,,,,,,
84816,Varela,FLA,LAT,24,0.2,,,,,,,1,,,1,,,,,,,,,,
84847,Luan Peres,SAN,ZAG,24,8.2,,,,,,5,2,,1,1,,,,,,,,,,
85048,Memphis Depay,COR,ATA,24,3.2,,,,,,1,,1,,1,,,,,,,,,,
85403,Danielzinho,SAO,MEI,24,0.5,,,,,,,,,,1,,,,,,,,,,
86686,Tchê Tchê,VAS,MEI,24,2.7,,,,,,1,3,,2,1,,,,,,,,,,
86777,Danilo Barbosa,GRE,MEI,24,0,,,,,,,,,,,,,,,,,,,,
86859,José Welison,REM,MEI,24,2.7,,,,,,1,3,,2,1,,,,,,,,,,
86864,Marlon,REM,LAT,24,5.4,,,,,,4,2,,,,,,,,,,,,,
87008,Léo Jardim,VAS,GOL,24,-4,,,,,,,,,,,,,,4,,,,,,
87225,Pedro Henrique,RBB,ZAG,24,5,,,,,,,,,,,,,,,,,,,1,
87258,Soteldo,FLU,ATA,24,7.5,1,,,,,1,,,,2,,,,,,,,,,
87470,Thaciano,SAN,MEI,24,0.5,,,,,,,1,,1,,,,,,,,,,,
87552,Vitor Bueno,REM,MEI,24,0.5,,,,,,,,,,1,,,,,,,,,,
87742,Neto Moura,MIR,MEI,24,2.5,,1,,,,2,1,,1,,,,,,,,,,,
87747,Yago Felipe,CHA,MEI,24,8.2,,1,,,,5,4,2,,1,,,,,,,,,,
87863,Arrascaeta,FLA,MEI,24,7.8,1,,,,,1,,,1,1,,,,,,,,,,
88037,Luís Castro,GRE,TEC,24,1.83,,,,,,,,,,,,,,,,,,,,
88393,Ayrton Lucas,FLA,LAT,24,4.6,,,,,,2,2,1,,2,,,,,,,,,,
88479,Walace,VIT,MEI,24,4,,,,,,2,1,,1,1,,,,,,,,,,
88963,Leonardo Jardim,FLA,TEC,24,4.78,,,,,,,,,,,,,,,,,,,,
89256,Gerson,CRU,MEI,24,1.5,,,,,,1,,,,,,,,,,,,,,
89274,Andreas Pereira,PAL,MEI,24,6.4,1,,,,,1,,,,,,,,,1,,,,,
89368,Braithwaite,GRE,ATA,24,1.6,,,,,,1,1,,,1,,,,,1,,,,,
89840,Calleri,SAO,ATA,24,0.5,,,,,,,,,,1,,,,,,,,,,
90031,Mendoza,CAP,ATA,24,1.5,,,,,,1,,,,,,,,,,,,,,
90061,Bruno Pacheco,CHA,LAT,24,14.4,,,,,,1,2,,,1,,1,,,,,,,1,
90285,Bruno Henrique,FLA,ATA,24,-1.3,,1,,,,,1,,,,,,,,,,,,,
90302,Pedro Rocha,CFC,ATA,24,9.9,,,,,,1,1,,1,,,1,,,1,,,,,
90309,David,VAS,ATA,24,0,,,,,,,1,,,1,,,,,2,,,,,
90370,Matheus Pereira,COR,MEI,24,0.5,,1,,,,1,,,,,,,,,,,,,,
90703,Matheuzinho,VIT,MEI,24,1,,1,,,,1,1,,1,,,,,,,,,,,
90768,Fabrício Bruno,CRU,ZAG,24,0.2,,1,,,,1,1,,,,,,,,,,,,,
90917,Carlos Eduardo,MIR,ATA,24,1.2,,,,,,,,1,,,,,,,,,,,,
91101,Ronaldo,BAH,GOL,24,9.1,,,,2,,1,,,,,,,,,,,,,1,
91130,Fernandinho,MIR,ATA,24,2.5,,,,,,1,,,,2,,,,,,,,,,
91473,Erick Pulgar,FLA,MEI,24,6,,,,,,4,,,,,,,,,,,,,,
91607,R. Rústico,SAN,ATA,24,0.5,,,,,,,,,,1,,,,,,,,,,
91706,Marlon,GRE,LAT,24,1.2,,,,,,1,1,,,,,,,,,,,,,
91772,David Duarte,BAH,ZAG,24,7.7,,,,,,1,,1,,,,,,,,,,,1,
91908,Pavón,GRE,ATA,24,-0.3,,,,,,,1,,,,,,,,,,,,,
92180,Jair Ventura,VIT,TEC,24,3.81,,,,,,,,,,,,,,,,,,,,
92182,Juninho,INT,ZAG,24,8.1,,,,,,1,,,2,,,,,,,,,,1,
92273,Odair Hellmann,CAP,TEC,24,8.190000000000001,,,,,,,,,,,,,,,,,,,,1
92696,Renato Kayzer,VIT,ATA,24,1.5,,,,,,1,,,,,,,,,,,,,,
92747,Eduardo Domínguez,CAM,TEC,24,5.25,,,,,,,,,,,,,,,,,,,,
93716,Paulo Henrique,VAS,LAT,24,5.2,,,,,,3,1,,,2,,,,,,,,,,
93790,Marlon Freitas,PAL,MEI,24,-1.3,,1,,,,,1,,,,,,,,,,,,,
93988,Breno Lopes,CFC,ATA,24,0.7,,,,,,,,,,2,,,,,3,,,,,
94514,Lucas Oliveira,MIR,ZAG,24,2.7,,,,,,1,,1,,,,,,,,,,,,
94583,Pedro,FLA,ATA,24,12,,,,,,1,,1,1,1,,1,,,,,,,,
94930,Lucas Paquetá,FLA,MEI,24,3.2,,,,,,2,1,,,1,,,,,,,,,,
94968,Juninho Capixaba,RBB,LAT,24,8.2,,1,,,,2,2,,1,2,,,,,,,,,1,
95131,Gabriel Taliari,REM,ATA,24,0.6,,,,,,,1,,,2,,,,,1,,,,,
95332,Marcinho,CHA,ATA,24,1.1,,1,,,,2,3,,,,,,,,,,,,,
95466,Igor Vinícius,SAN,LAT,24,11,,,,,,7,,,,1,,,,,,,,,,
95541,Gustavo Cazonatti,MIR,MEI,24,5.2,,,,,,3,1,,,2,,,,,,,,,,
95556,Raniele,COR,MEI,24,9.8,,,,,,,1,,2,1,,1,,,,,,,,
95799,Artur,SAO,ATA,24,2.9,,,,,,,,,3,1,,,,,,,,,,
96591,Renan Lodi,CAM,LAT,24,5.5,,,,,,,,,,1,,,,,,,,,1,
96610,Matheus Pereira,CRU,MEI,24,10,,,,,,,1,,1,3,,1,,,,,,,,
96652,Allan,COR,MEI,24,11,1,,,,,4,,,,,,,,,,,,,,
97095,Carlos Cuesta,VAS,ZAG,24,-1.3,,,,,,,1,,,,,,,,,1,,,,
97145,Villasanti,GRE,MEI,24,2,,,,,,1,,,,1,,,,,,,,,,
97321,Alesson,MIR,ATA,24,1.7,,,,,,1,1,,,1,,,,,,,,,,
97341,Rogério Ceni,BAH,TEC,24,10.25,,,,,,,,,,,,,,,,,,,,1
97460,João Victor,MIR,ZAG,24,0,,,,,,,,,,,,,,,,,,,,
97653,Murilo,PAL,ZAG,24,5,,,,,,3,,,,1,,,,,,,,,,
97795,Marcelinho,REM,LAT,24,8,1,,,,,2,,,,,,,,,,,,,,
97810,Erick,VIT,ATA,24,0.1,,,,,,,1,,,1,,,,,1,,,,,
97867,Léo Ortiz,FLA,ZAG,24,0.5,,,,,,,1,,1,,,,,,,,,,,
97868,Iago,SAO,LAT,24,5.7,,,,,,3,,1,,,,,,,,,,,,
97878,Jacy,CFC,ZAG,24,5.7,,,,,,4,1,,,,,,,,,,,,,
98022,Erick,BAH,MEI,24,8.2,,,,,,5,2,,1,1,,,,,,,,,,
98225,Pedro Raul,COR,ATA,24,0,,,,,,,,,,,,,,,,,,,,
98333,Gabriel Batista,BOT,GOL,24,0.9,,,,3,,,,,,,,,,3,,,,,,
98517,Jean Lucas,BAH,MEI,24,10,,1,,,,,,,,,1,1,,,,,,,,
98617,Maripán,INT,ZAG,24,7.7,,1,,,,2,2,,1,1,,,,,,,,,1,
98720,Angileri,COR,LAT,24,7.5,,,,,,4,2,,2,1,,,,,,,,,,
98873,Samuel Lino,FLA,ATA,24,4.5,,,,,,2,,,,3,,,,,,,,,,
99267,Pochettino,VIT,MEI,24,6.9,,,,,,2,1,1,,,1,,,,,,,,,
99274,Alexander Barboza,PAL,ZAG,24,6,,,,,,4,,,,,,,,,,,,,,
99552,Rossi,FLA,GOL,24,3.2,,,,4,,,,,,,,,,2,,,,,,
99815,Arias,PAL,MEI,24,6.5,1,,,,,,,,,3,,,,,,,,,,
